C51 COMPILER V9.60.0.0   FONT_DATE                                                         12/30/2025 15:11:15 PAGE 1   


C51 COMPILER V9.60.0.0, COMPILATION OF MODULE FONT_DATE
OBJECT MODULE PLACED IN .\Objects\font_date.obj
COMPILER INVOKED BY: C:\Keil_v5\C51\BIN\C51.EXE ..\Driver\font\font_date.c LARGE OMF2 OPTIMIZE(0,SIZE) BROWSE NOINTPROMO
                    -TE INCDIR(..\Mdk;..\User\inc;..\Modbus;..\Driver\font;..\Driver\bsp\inc;..\Driver\device\inc) DEBUG PRINT(.\Listings\fon
                    -t_date.lst) TABS(2) OBJECT(.\Objects\font_date.obj)

line level    source

   1          #include "font_date.h"
   2          
   3          
   4          // F8X6  每个字符24字节（直接显示格式）
   5          
   6          
   7          const FONT_DATA_F8x6 code F8X6[] =
   8          {
   9            {' ',0x00,0x00,0x00, 0x00,0x00,0x00, 0x00,0x00,0x00, 0x00,0x00,0x00, 0x00,0x00,0x00, 0x00,0x00,0x00, 0x00
             -,0x00,0x00, 0x00,0x00,0x00},      
  10            {'0',0x0F,0xFF,0x00, 0xF0,0x00,0xF0, 0xF0,0x0F,0xF0, 0xF0,0xF0,0xF0, 0xFF,0x00,0xF0, 0xF0,0x00,0xF0, 0x0F
             -,0xFF,0x00, 0x00,0x00,0x00},
  11            {'1',0x00,0x0F,0x00, 0x00,0xFF,0x00, 0x00,0x0F,0x00, 0x00,0x0F,0x00, 0x00,0x0F,0x00, 0x00,0x0F,0x00, 0x00
             -,0xFF,0xF0, 0x00,0x00,0x00},    
  12            {'2',0x0F,0xFF,0x00, 0xF0,0x00,0xF0, 0x00,0x00,0xF0, 0x00,0xFF,0x00, 0x0F,0x00,0x00, 0xF0,0x00,0x00, 0xFF
             -,0xFF,0xF0, 0x00,0x00,0x00},
  13            {'3',0x0F,0xFF,0x00, 0xF0,0x00,0xF0, 0x00,0x00,0xF0, 0x00,0xFF,0x00, 0x00,0x00,0xF0, 0xF0,0x00,0xF0, 0x0F
             -,0xFF,0x00, 0x00,0x00,0x00},
  14            {'4',0x00,0x0F,0x00, 0x00,0xFF,0x00, 0x0F,0x0F,0x00, 0xF0,0x0F,0x00, 0xFF,0xFF,0xF0, 0x00,0x0F,0x00, 0x00
             -,0x0F,0x00, 0x00,0x00,0x00},
  15            {'5',0xFF,0xFF,0xF0, 0xF0,0x00,0x00, 0xFF,0xFF,0x00, 0x00,0x00,0xF0, 0x00,0x00,0xF0, 0xF0,0x00,0xF0, 0x0F
             -,0xFF,0x00, 0x00,0x00,0x00},
  16            {'6',0x0F,0xFF,0x00, 0xF0,0x00,0xF0, 0xF0,0x00,0x00, 0xFF,0xFF,0x00, 0xF0,0x00,0xF0, 0xF0,0x00,0xF0, 0x0F
             -,0xFF,0x00, 0x00,0x00,0x00},
  17            {'7',0xFF,0xFF,0xF0, 0x00,0x00,0xF0, 0x00,0x0F,0x00, 0x00,0xF0,0x00, 0x0F,0x00,0x00, 0x0F,0x00,0x00, 0x0F
             -,0x00,0x00, 0x00,0x00,0x00},
  18            {'8',0x0F,0xFF,0x00, 0xF0,0x00,0xF0, 0xF0,0x00,0xF0, 0x0F,0xFF,0x00, 0xF0,0x00,0xF0, 0xF0,0x00,0xF0, 0x0F
             -,0xFF,0x00, 0x00,0x00,0x00},
  19            {'9',0x0F,0xFF,0x00, 0xF0,0x00,0xF0, 0xF0,0x00,0xF0, 0x0F,0xFF,0xF0, 0x00,0x00,0xF0, 0x00,0x0F,0x00, 0xFF
             -,0xF0,0x00, 0x00,0x00,0x00},  
  20            {'.',0x00,0x00,0x00, 0x00,0x00,0x00, 0x00,0x00,0x00, 0x00,0x00,0x00, 0x00,0x00,0x00, 0x00,0xFF,0x00, 0x00
             -,0xFF,0x00, 0x00,0x00,0x00},      
  21              
  22              
  23            {'/',0x00,0x00,0x00, 0x00,0x00,0xF0, 0x00,0x0F,0x00, 0x00,0xF0,0x00, 0x0F,0x00,0x00, 0xF0,0x00,0x00, 0x00
             -,0x00,0x00, 0x00,0x00,0x00},      
  24            {':',0x00,0x00,0x00, 0x0F,0xF0,0x00, 0x0F,0xF0,0x00, 0x00,0x00,0x00, 0x0F,0xF0,0x00, 0x0F,0xF0,0x00, 0x00
             -,0x00,0x00, 0x00,0x00,0x00},      
  25            {'Q',0x0F,0xFF,0x00, 0xF0,0x00,0xF0, 0xF0,0x00,0xF0, 0xF0,0x00,0xF0, 0xF0,0xF0,0xF0, 0xF0,0x0F,0x00, 0x0F
             -,0xF0,0xF0, 0x00,0x00,0x00},      
  26            {'P',0xFF,0xFF,0x00, 0xF0,0x00,0xF0, 0xF0,0x00,0xF0, 0xFF,0xFF,0x00, 0xF0,0x00,0x00, 0xF0,0x00,0x00, 0xF0
             -,0x00,0x00, 0x00,0x00,0x00},  
  27            {'U',0xF0,0x00,0xF0, 0xF0,0x00,0xF0, 0xF0,0x00,0xF0, 0xF0,0x00,0xF0, 0xF0,0x00,0xF0, 0xF0,0x00,0xF0, 0x0F
             -,0xFF,0x00, 0x00,0x00,0x00},  
  28              
  29            {'I',0x0F,0xFF,0x00, 0x00,0xF0,0x00, 0x00,0xF0,0x00, 0x00,0xF0,0x00, 0x00,0xF0,0x00, 0x00,0xF0,0x00, 0x0F
             -,0xFF,0x00, 0x00,0x00,0x00},  
  30            {'C',0x0F,0xFF,0x00, 0xF0,0x00,0xF0, 0xF0,0x00,0x00, 0xF0,0x00,0x00, 0xF0,0x00,0x00, 0xF0,0x00,0xF0, 0x0F
             -,0xFF,0x00, 0x00,0x00,0x00},  
  31            {'O',0x0F,0xFF,0x00, 0xF0,0x00,0xF0, 0xF0,0x00,0xF0, 0xF0,0x00,0xF0, 0xF0,0x00,0xF0, 0xF0,0x00,0xF0, 0x0F
             -,0xFF,0x00, 0x00,0x00,0x00},  
  32            {'S',0x0F,0xFF,0x00, 0xF0,0x00,0xF0, 0xF0,0x00,0x00, 0x0F,0xFF,0x00, 0x00,0x00,0xF0, 0xF0,0x00,0xF0, 0x0F
             -,0xFF,0x00, 0x00,0x00,0x00},  
C51 COMPILER V9.60.0.0   FONT_DATE                                                         12/30/2025 15:11:15 PAGE 2   

  33            {'#',0x00,0x00,0x00, 0x00,0xF0,0x00, 0x0F,0xFF,0x00, 0xF0,0xF0,0xF0, 0xF0,0xF0,0xF0, 0x0F,0xFF,0x00, 0x00
             -,0xF0,0x00, 0x00,0x00,0x00},  
  34            {'=',0x00,0x00,0x00, 0x00,0x00,0x00, 0xFF,0xFF,0xF0, 0x00,0x00,0x00, 0x00,0x00,0x00, 0xFF,0xFF,0xF0, 0x00
             -,0x00,0x00, 0x00,0x00,0x00},  
  35            {'K',0xF0,0x00,0xF0, 0xF0,0x0F,0x00, 0xF0,0xF0,0x00, 0xFF,0x00,0x00, 0xF0,0xF0,0x00, 0xF0,0x0F,0x00, 0xF0
             -,0x00,0xF0, 0x00,0x00,0x00},  
  36            {'M',0xF0,0x00,0xF0, 0xFF,0x0F,0xF0, 0xF0,0xF0,0xF0, 0xF0,0xF0,0xF0, 0xF0,0x00,0xF0, 0xF0,0x00,0xF0, 0xF0
             -,0x00,0xF0, 0x00,0x00,0x00},      
  37            {'V',0xF0,0x00,0xF0, 0xF0,0x00,0xF0, 0xF0,0x00,0xF0, 0xF0,0x00,0xF0, 0xF0,0x00,0xF0, 0x0F,0x0F,0x00, 0x00
             -,0xF0,0x00, 0x00,0x00,0x00},      
  38            {'W',0xF0,0x00,0xF0, 0xF0,0x00,0xF0, 0xF0,0x00,0xF0, 0xF0,0xF0,0xF0, 0xF0,0xF0,0xF0, 0xFF,0x0F,0xF0, 0xF0
             -,0x00,0xF0, 0x00,0x00,0x00},      
  39            {'A',0x00,0xF0,0x00, 0x0F,0x0F,0x00, 0xF0,0x00,0xF0, 0xF0,0x00,0xF0, 0xFF,0xFF,0xF0, 0xF0,0x00,0xF0, 0xF0
             -,0x00,0xF0, 0x00,0x00,0x00},  
  40          
  41            {'a',0x00,0x00,0x00, 0xFF,0xF0,0x00, 0x00,0x0F,0x00, 0x0F,0xFF,0x00, 0xF0,0x0F,0x00, 0xF0,0x0F,0x00, 0x0F
             -,0xF0,0xF0, 0x00,0x00,0x00},      
  42            {'r',0x00,0x00,0x00, 0xF0,0xFF,0x00, 0x0F,0x00,0xF0, 0x0F,0x00,0x00, 0x0F,0x00,0x00, 0x0F,0x00,0x00, 0x0F
             -,0x00,0x00, 0x00,0x00,0x00},  
  43              
  44          };  
  45          
  46          const unsigned char F8x6_COUNT = (sizeof(F8X6) / sizeof(F8X6[0])); 
  47          
  48          // F16X9  每个字符80字节（直接显示格式）
  49          
  50          const FONT_DATA_F16x9 code F16X9[] =
  51          {
  52          
  53              {'0',0x00, 0x00, 0x00, 0x00, 0x00, 0x00, 0x00, 0x00, 0x00, 0x00, 0x00, 0x00, 0x00, 0x00, 0x00, 0x00, 
  54                   0xFF, 0xFF, 0xF0, 0x00, 0x0F, 0xF0, 0x00, 0xFF, 0x00, 0x0F, 0xF0, 0x00, 0xFF, 0x00, 0x0F, 0xF0, 
  55                   0x0F, 0xFF, 0x00, 0x0F, 0xF0, 0xF0, 0xFF, 0x00, 0x0F, 0xF0, 0xF0, 0xFF, 0x00, 0x0F, 0xFF, 0x00, 
  56                   0xFF, 0x00, 0x0F, 0xF0, 0x00, 0xFF, 0x00, 0x0F, 0xF0, 0x00, 0xFF, 0x00, 0x00, 0xFF, 0xFF, 0xF0, 
  57                   0x00, 0x00, 0x00, 0x00, 0x00, 0x00, 0x00, 0x00, 0x00, 0x00, 0x00, 0x00, 0x00, 0x00, 0x00, 0x00},
  58              {'1',0x00, 0x00, 0x00, 0x00, 0x00, 0x00, 0x00, 0x00, 0x00, 0x00, 0x00, 0x00, 0x00, 0x00, 0x00, 0x00, 
  59                   0x00, 0xFF, 0x00, 0x00, 0x00, 0x0F, 0xFF, 0x00, 0x00, 0x00, 0xFF, 0xFF, 0x00, 0x00, 0x00, 0x00, 
  60                   0xFF, 0x00, 0x00, 0x00, 0x00, 0xFF, 0x00, 0x00, 0x00, 0x00, 0xFF, 0x00, 0x00, 0x00, 0x00, 0xFF,
  61                   0x00, 0x00, 0x00, 0x00, 0xFF, 0x00, 0x00, 0x00, 0x00, 0xFF, 0x00, 0x00, 0x00, 0xFF, 0xFF, 0xFF, 
  62                   0x00, 0x00, 0x00, 0x00, 0x00, 0x00, 0x00, 0x00, 0x00, 0x00, 0x00, 0x00, 0x00, 0x00, 0x00, 0x00},   
  63              {'2',0x00, 0x00, 0x00, 0x00, 0x00, 0x00, 0x00, 0x00, 0x00, 0x00, 0x00, 0x00, 0x00, 0x00, 0x00, 0x00,
  64                   0xFF, 0xFF, 0xF0, 0x00, 0x0F, 0xF0, 0x00, 0xFF, 0x00, 0x00, 0x00, 0x00, 0xFF, 0x00, 0x00, 0x00,
  65                   0x0F, 0xF0, 0x00, 0x00, 0x00, 0xFF, 0x00, 0x00, 0x00, 0x0F, 0xF0, 0x00, 0x00, 0x00, 0xFF, 0x00,
  66                   0x00, 0x00, 0x0F, 0xF0, 0x00, 0x00, 0x00, 0x0F, 0xF0, 0x00, 0xFF, 0x00, 0x0F, 0xFF, 0xFF, 0xFF,
  67                   0x00, 0x00, 0x00, 0x00, 0x00, 0x00, 0x00, 0x00, 0x00, 0x00, 0x00, 0x00, 0x00, 0x00, 0x00, 0x00},     
             -   
  68              {'3',0x00, 0x00, 0x00, 0x00, 0x00, 0x00, 0x00, 0x00, 0x00, 0x00, 0x00, 0x00, 0x00, 0x00, 0x00, 0x00,
  69                   0xFF, 0xFF, 0xF0, 0x00, 0x0F, 0xF0, 0x00, 0xFF, 0x00, 0x00, 0x00, 0x00, 0xFF, 0x00, 0x00, 0x00,
  70                   0x00, 0xFF, 0x00, 0x00, 0x0F, 0xFF, 0xF0, 0x00, 0x00, 0x00, 0x00, 0xFF, 0x00, 0x00, 0x00, 0x00, 
  71                   0xFF, 0x00, 0x00, 0x00, 0x00, 0xFF, 0x00, 0x0F, 0xF0, 0x00, 0xFF, 0x00, 0x00, 0xFF, 0xFF, 0xF0, 
  72                   0x00, 0x00, 0x00, 0x00, 0x00, 0x00, 0x00, 0x00, 0x00, 0x00, 0x00, 0x00, 0x00, 0x00, 0x00, 0x00},
  73              {'4',0x00, 0x00, 0x00, 0x00, 0x00, 0x00, 0x00, 0x00, 0x00, 0x00, 0x00, 0x00, 0x00, 0x00, 0x00, 0x00, 
  74                   0x00, 0x0F, 0xF0, 0x00, 0x00, 0x00, 0xFF, 0xF0, 0x00, 0x00, 0x0F, 0xFF, 0xF0, 0x00, 0x00, 0xFF, 
  75                   0x0F, 0xF0, 0x00, 0x0F, 0xF0, 0x0F, 0xF0, 0x00, 0x0F, 0xFF, 0xFF, 0xFF, 0x00, 0x00, 0x00, 0x0F, 
  76                   0xF0, 0x00, 0x00, 0x00, 0x0F, 0xF0, 0x00, 0x00, 0x00, 0x0F, 0xF0, 0x00, 0x00, 0x00, 0xFF, 0xFF, 
  77                   0x00, 0x00, 0x00, 0x00, 0x00, 0x00, 0x00, 0x00, 0x00, 0x00, 0x00, 0x00, 0x00, 0x00, 0x00, 0x00},
  78              {'5',0x00, 0x00, 0x00, 0x00, 0x00, 0x00, 0x00, 0x00, 0x00, 0x00, 0x00, 0x00, 0x00, 0x00, 0x00, 0x0F,
  79                   0xFF, 0xFF, 0xFF, 0x00, 0x0F, 0xF0, 0x00, 0x00, 0x00, 0x0F, 0xF0, 0x00, 0x00, 0x00, 0x0F, 0xF0,
  80                   0x00, 0x00, 0x00, 0x0F, 0xFF, 0xFF, 0xF0, 0x00, 0x00, 0x00, 0x0F, 0xFF, 0x00, 0x00, 0x00, 0x00,
  81                   0xFF, 0x00, 0x00, 0x00, 0x00, 0xFF, 0x00, 0x0F, 0xF0, 0x00, 0xFF, 0x00, 0x00, 0xFF, 0xFF, 0xF0,
  82                   0x00, 0x00, 0x00, 0x00, 0x00, 0x00, 0x00, 0x00, 0x00, 0x00, 0x00, 0x00, 0x00, 0x00, 0x00, 0x00},
  83              {'6',0x00, 0x00, 0x00, 0x00, 0x00, 0x00, 0x00, 0x00, 0x00, 0x00, 0x00, 0x00, 0x00, 0x00, 0x00, 0x00,
  84                   0x0F, 0xFF, 0x00, 0x00, 0x00, 0xFF, 0x00, 0x00, 0x00, 0x0F, 0xF0, 0x00, 0x00, 0x00, 0x0F, 0xF0,
C51 COMPILER V9.60.0.0   FONT_DATE                                                         12/30/2025 15:11:15 PAGE 3   

  85                   0x00, 0x00, 0x00, 0x0F, 0xFF, 0xFF, 0xF0, 0x00, 0x0F, 0xF0, 0x00, 0xFF, 0x00, 0x0F, 0xF0, 0x00,
  86                   0xFF, 0x00, 0x0F, 0xF0, 0x00, 0xFF, 0x00, 0x0F, 0xF0, 0x00, 0xFF, 0x00, 0x00, 0xFF, 0xFF, 0xF0,
  87                   0x00, 0x00, 0x00, 0x00, 0x00, 0x00, 0x00, 0x00, 0x00, 0x00, 0x00, 0x00, 0x00, 0x00, 0x00, 0x00},   
  88              {'7',0x00, 0x00, 0x00, 0x00, 0x00, 0x00, 0x00, 0x00, 0x00, 0x00, 0x00, 0x00, 0x00, 0x00, 0x00, 0x00,
  89                   0x0F, 0xFF, 0x00, 0x00, 0x00, 0xFF, 0x00, 0x00, 0x00, 0x0F, 0xF0, 0x00, 0x00, 0x00, 0x0F, 0xF0,
  90                   0x00, 0x00, 0x00, 0x0F, 0xFF, 0xFF, 0xF0, 0x00, 0x0F, 0xF0, 0x00, 0xFF, 0x00, 0x0F, 0xF0, 0x00,
  91                   0xFF, 0x00, 0x0F, 0xF0, 0x00, 0xFF, 0x00, 0x0F, 0xF0, 0x00, 0xFF, 0x00, 0x00, 0xFF, 0xFF, 0xF0,
  92                   0x00, 0x00, 0x00, 0x00, 0x00, 0x00, 0x00, 0x00, 0x00, 0x00, 0x00, 0x00, 0x00, 0x00, 0x00, 0x00},   
  93              {'8',0x00, 0x00, 0x00, 0x00, 0x00, 0x00, 0x00, 0x00, 0x00, 0x00, 0x00, 0x00, 0x00, 0x00, 0x00, 0x00,
  94                   0xFF, 0xFF, 0xF0, 0x00, 0x0F, 0xF0, 0x00, 0xFF, 0x00, 0x0F, 0xF0, 0x00, 0xFF, 0x00, 0x0F, 0xF0,
  95                   0x00, 0xFF, 0x00, 0x00, 0xFF, 0xFF, 0xF0, 0x00, 0x0F, 0xF0, 0x00, 0xFF, 0x00, 0x0F, 0xF0, 0x00,
  96                   0xFF, 0x00, 0x0F, 0xF0, 0x00, 0xFF, 0x00, 0x0F, 0xF0, 0x00, 0xFF, 0x00, 0x00, 0xFF, 0xFF, 0xF0,
  97                   0x00, 0x00, 0x00, 0x00, 0x00, 0x00, 0x00, 0x00, 0x00, 0x00, 0x00, 0x00, 0x00, 0x00, 0x00, 0x00},   
  98              {'9',0x00, 0x00, 0x00, 0x00, 0x00, 0x00, 0x00, 0x00, 0x00, 0x00, 0x00, 0x00, 0x00, 0x00, 0x00, 0x00,
  99                   0xFF, 0xFF, 0xF0, 0x00, 0x0F, 0xF0, 0x00, 0xFF, 0x00, 0x0F, 0xF0, 0x00, 0xFF, 0x00, 0x0F, 0xF0,
 100                   0x00, 0xFF, 0x00, 0x00, 0xFF, 0xFF, 0xFF, 0x00, 0x00, 0x00, 0x00, 0xFF, 0x00, 0x00, 0x00, 0x00,
 101                   0xFF, 0x00, 0x00, 0x00, 0x00, 0xFF, 0x00, 0x00, 0x00, 0x0F, 0xF0, 0x00, 0x00, 0xFF, 0xFF, 0x00,
 102                   0x00, 0x00, 0x00, 0x00, 0x00, 0x00, 0x00, 0x00, 0x00, 0x00, 0x00, 0x00, 0x00, 0x00, 0x00, 0x00},
 103              {'A',0x00, 0x00, 0x00, 0x00, 0x00, 0x00, 0x00, 0x00, 0x00, 0x00, 0x00, 0x00, 0x00, 0x00, 0x00, 0x00,
 104                   0x00, 0xF0, 0x00, 0x00, 0x00, 0x0F, 0xFF, 0x00, 0x00, 0x00, 0xFF, 0x0F, 0xF0, 0x00, 0x0F, 0xF0,
 105                   0x00, 0xFF, 0x00, 0x0F, 0xF0, 0x00, 0xFF, 0x00, 0x0F, 0xFF, 0xFF, 0xFF, 0x00, 0x0F, 0xF0, 0x00,
 106                   0xFF, 0x00, 0x0F, 0xF0, 0x00, 0xFF, 0x00, 0x0F, 0xF0, 0x00, 0xFF, 0x00, 0x0F, 0xF0, 0x00, 0xFF,
 107                   0x00, 0x00, 0x00, 0x00, 0x00, 0x00, 0x00, 0x00, 0x00, 0x00, 0x00, 0x00, 0x00, 0x00, 0x00, 0x00},   
 108              {'C',0x00, 0x00, 0x00, 0x00, 0x00, 0x00, 0x00, 0x00, 0x00, 0x00, 0x00, 0x00, 0x00, 0x00, 0x00, 0x00,
 109                   0x0F, 0xFF, 0xF0, 0x00, 0x00, 0xFF, 0x00, 0xFF, 0x00, 0x0F, 0xF0, 0x00, 0x0F, 0x00, 0x0F, 0xF0,
 110                   0x00, 0x00, 0x00, 0x0F, 0xF0, 0x00, 0x00, 0x00, 0x0F, 0xF0, 0x00, 0x00, 0x00, 0x0F, 0xF0, 0x00,
 111                   0x00, 0x00, 0x0F, 0xF0, 0x00, 0x0F, 0x00, 0x00, 0xFF, 0x00, 0xFF, 0x00, 0x00, 0x0F, 0xFF, 0xF0,
 112                   0x00, 0x00, 0x00, 0x00, 0x00, 0x00, 0x00, 0x00, 0x00, 0x00, 0x00, 0x00, 0x00, 0x00, 0x00, 0x00}, 
 113              {'H',0x00, 0x00, 0x00, 0x00, 0x00, 0x00, 0x00, 0x00, 0x00, 0x00, 0x00, 0x00, 0x00, 0x00, 0x00, 0x0F,
 114                   0xF0, 0x00, 0xFF, 0x00, 0x0F, 0xF0, 0x00, 0xFF, 0x00, 0x0F, 0xF0, 0x00, 0xFF, 0x00, 0x0F, 0xF0,
 115                   0x00, 0xFF, 0x00, 0x0F, 0xFF, 0xFF, 0xFF, 0x00, 0x0F, 0xF0, 0x00, 0xFF, 0x00, 0x0F, 0xF0, 0x00,
 116                   0xFF, 0x00, 0x0F, 0xF0, 0x00, 0xFF, 0x00, 0x0F, 0xF0, 0x00, 0xFF, 0x00, 0x0F, 0xF0, 0x00, 0xFF,
 117                   0x00, 0x00, 0x00, 0x00, 0x00, 0x00, 0x00, 0x00, 0x00, 0x00, 0x00, 0x00, 0x00, 0x00, 0x00, 0x00},   
 118              {'M',0x00, 0x00, 0x00, 0x00, 0x00, 0x00, 0x00, 0x00, 0x00, 0x00, 0x00, 0x00, 0x00, 0x00, 0x00, 0x0F,
 119                   0xF0, 0x00, 0xFF, 0x00, 0x0F, 0xFF, 0x0F, 0xFF, 0x00, 0x0F, 0xFF, 0xFF, 0xFF, 0x00, 0x0F, 0xFF,
 120                   0xFF, 0xFF, 0x00, 0x0F, 0xF0, 0xF0, 0xFF, 0x00, 0x0F, 0xF0, 0x00, 0xFF, 0x00, 0x0F, 0xF0, 0x00,
 121                   0xFF, 0x00, 0x0F, 0xF0, 0x00, 0xFF, 0x00, 0x0F, 0xF0, 0x00, 0xFF, 0x00, 0x0F, 0xF0, 0x00, 0xFF,
 122                   0x00, 0x00, 0x00, 0x00, 0x00, 0x00, 0x00, 0x00, 0x00, 0x00, 0x00, 0x00, 0x00, 0x00, 0x00, 0x00}, 
 123              {'K',0x00, 0x00, 0x00, 0x00, 0x00, 0x00, 0x00, 0x00, 0x00, 0x00, 0x00, 0x00, 0x00, 0x00, 0x00, 0x0F,
 124                   0xFF, 0x00, 0xFF, 0x00, 0x00, 0xFF, 0x00, 0xFF, 0x00, 0x00, 0xFF, 0x0F, 0xF0, 0x00, 0x00, 0xFF,
 125                   0x0F, 0xF0, 0x00, 0x00, 0xFF, 0xFF, 0x00, 0x00, 0x00, 0xFF, 0xFF, 0x00, 0x00, 0x00, 0xFF, 0x0F,
 126                   0xF0, 0x00, 0x00, 0xFF, 0x00, 0xFF, 0x00, 0x00, 0xFF, 0x00, 0xFF, 0x00, 0x0F, 0xFF, 0x00, 0xFF,
 127                   0x00, 0x00, 0x00, 0x00, 0x00, 0x00, 0x00, 0x00, 0x00, 0x00, 0x00, 0x00, 0x00, 0x00, 0x00, 0x00},   
 128              {'O',0x00, 0x00, 0x00, 0x00, 0x00, 0x00, 0x00, 0x00, 0x00, 0x00, 0x00, 0x00, 0x00, 0x00, 0x00, 0x00,
 129                   0x0F, 0xFF, 0x00, 0x00, 0x00, 0xFF, 0x0F, 0xF0, 0x00, 0x0F, 0xF0, 0x00, 0xFF, 0x00, 0x0F, 0xF0,
 130                   0x00, 0xFF, 0x00, 0x0F, 0xF0, 0x00, 0xFF, 0x00, 0x0F, 0xF0, 0x00, 0xFF, 0x00, 0x0F, 0xF0, 0x00,
 131                   0xFF, 0x00, 0x0F, 0xF0, 0x00, 0xFF, 0x00, 0x00, 0xFF, 0x0F, 0xF0, 0x00, 0x00, 0x0F, 0xFF, 0x00,
 132                   0x00, 0x00, 0x00, 0x00, 0x00, 0x00, 0x00, 0x00, 0x00, 0x00, 0x00, 0x00, 0x00, 0x00, 0x00, 0x00},
 133              {'P',0x00, 0x00, 0x00, 0x00, 0x00, 0x00, 0x00, 0x00, 0x00, 0x00, 0x00, 0x00, 0x00, 0x00, 0x00, 0x0F,
 134                   0xFF, 0xFF, 0xF0, 0x00, 0x00, 0xFF, 0x00, 0xFF, 0x00, 0x00, 0xFF, 0x00, 0xFF, 0x00, 0x00, 0xFF, 
 135                   0x00, 0xFF, 0x00, 0x00, 0xFF, 0x00, 0xFF, 0x00, 0x00, 0xFF, 0xFF, 0xF0, 0x00, 0x00, 0xFF, 0x00, 
 136                   0x00, 0x00, 0x00, 0xFF, 0x00, 0x00, 0x00, 0x00, 0xFF, 0x00, 0x00, 0x00, 0x0F, 0xFF, 0xF0, 0x00, 
 137                   0x00, 0x00, 0x00, 0x00, 0x00, 0x00, 0x00, 0x00, 0x00, 0x00, 0x00, 0x00, 0x00, 0x00, 0x00, 0x00},
 138              {'S',0x00, 0x00, 0x00, 0x00, 0x00, 0x00, 0x00, 0x00, 0x00, 0x00, 0x00, 0x00, 0x00, 0x00, 0x00, 0x00, 
 139                   0xFF, 0xFF, 0xF0, 0x00, 0x0F, 0xF0, 0x00, 0xFF, 0x00, 0x0F, 0xF0, 0x00, 0xFF, 0x00, 0x00, 0xFF, 
 140                   0x00, 0x00, 0x00, 0x00, 0x0F, 0xFF, 0x00, 0x00, 0x00, 0x00, 0x0F, 0xF0, 0x00, 0x00, 0x00, 0x00, 
 141                   0xFF, 0x00, 0x0F, 0xF0, 0x00, 0xFF, 0x00, 0x0F, 0xF0, 0x00, 0xFF, 0x00, 0x00, 0xFF, 0xFF, 0xF0, 
 142                   0x00, 0x00, 0x00, 0x00, 0x00, 0x00, 0x00, 0x00, 0x00, 0x00, 0x00, 0x00, 0x00, 0x00, 0x00, 0x00},   
 143              {'T',0x00, 0x00, 0x00, 0x00, 0x00, 0x00, 0x00, 0x00, 0x00, 0x00, 0x00, 0x00, 0x00, 0x00, 0x00, 0x00,
 144                   0xFF, 0xFF, 0xFF, 0x00, 0x00, 0xFF, 0xFF, 0xFF, 0x00, 0x00, 0xF0, 0xFF, 0x0F, 0x00, 0x00, 0x00, 
 145                   0xFF, 0x00, 0x00, 0x00, 0x00, 0xFF, 0x00, 0x00, 0x00, 0x00, 0xFF, 0x00, 0x00, 0x00, 0x00, 0xFF, 
 146                   0x00, 0x00, 0x00, 0x00, 0xFF, 0x00, 0x00, 0x00, 0x00, 0xFF, 0x00, 0x00, 0x00, 0x0F, 0xFF, 0xF0, 
C51 COMPILER V9.60.0.0   FONT_DATE                                                         12/30/2025 15:11:15 PAGE 4   

 147                   0x00, 0x00, 0x00, 0x00, 0x00, 0x00, 0x00, 0x00, 0x00, 0x00, 0x00, 0x00, 0x00, 0x00, 0x00, 0x00},       
             - 
 148                   
 149              {'V',0x00, 0x00, 0x00, 0x00, 0x00, 0x00, 0x00, 0x00, 0x00, 0x00, 0x00, 0x00, 0x00, 0x00, 0x00, 0x0F, 
 150                   0xF0, 0x00, 0xFF, 0x00, 0x0F, 0xF0, 0x00, 0xFF, 0x00, 0x0F, 0xF0, 0x00, 0xFF, 0x00, 0x0F, 0xF0, 
 151                   0x00, 0xFF, 0x00, 0x0F, 0xF0, 0x00, 0xFF, 0x00, 0x0F, 0xF0, 0x00, 0xFF, 0x00, 0x0F, 0xF0, 0x00, 
 152                   0xFF, 0x00, 0x00, 0xFF, 0x0F, 0xF0, 0x00, 0x00, 0x0F, 0xFF, 0x00, 0x00, 0x00, 0x00, 0xF0, 0x00, 
 153                   0x00, 0x00, 0x00, 0x00, 0x00, 0x00, 0x00, 0x00, 0x00, 0x00, 0x00, 0x00, 0x00, 0x00, 0x00, 0x00},
 154              {'a',0x00, 0x00, 0x00, 0x00, 0x00, 0x00, 0x00, 0x00, 0x00, 0x00, 0x00, 0x00, 0x00, 0x00, 0x00, 0x00, 
 155                   0x00, 0x00, 0x00, 0x00, 0x00, 0x00, 0x00, 0x00, 0x00, 0x00, 0x00, 0x00, 0x00, 0x00, 0x00, 0xFF, 
 156                   0xFF, 0x00, 0x00, 0x00, 0x00, 0x0F, 0xF0, 0x00, 0x00, 0xFF, 0xFF, 0xF0, 0x00, 0x0F, 0xF0, 0x0F, 
 157                   0xF0, 0x00, 0x0F, 0xF0, 0x0F, 0xF0, 0x00, 0x0F, 0xF0, 0x0F, 0xF0, 0x00, 0x00, 0xFF, 0xF0, 0x0F, 
 158                   0x00, 0x00, 0x00, 0x00, 0x00, 0x00, 0x00, 0x00, 0x00, 0x00, 0x00, 0x00, 0x00, 0x00, 0x00, 0x00},
 159              {'b',0x00, 0x00, 0x00, 0x00, 0x00, 0x00, 0x00, 0x00, 0x00, 0x00, 0x00, 0x00, 0x00, 0x00, 0x00, 0x0F, 
 160                   0xFF, 0x00, 0x00, 0x00, 0x00, 0xFF, 0x00, 0x00, 0x00, 0x00, 0xFF, 0x00, 0x00, 0x00, 0x00, 0xFF, 
 161                   0xFF, 0x00, 0x00, 0x00, 0xFF, 0x0F, 0xF0, 0x00, 0x00, 0xFF, 0x00, 0xFF, 0x00, 0x00, 0xFF, 0x00, 
 162                   0xFF, 0x00, 0x00, 0xFF, 0x00, 0xFF, 0x00, 0x00, 0xFF, 0x00, 0xFF, 0x00, 0x0F, 0xF0, 0xFF, 0xF0, 
 163                   0x00, 0x00, 0x00, 0x00, 0x00, 0x00, 0x00, 0x00, 0x00, 0x00, 0x00, 0x00, 0x00, 0x00, 0x00, 0x00},
 164              {'d',0x00, 0x00, 0x00, 0x00, 0x00, 0x00, 0x00, 0x00, 0x00, 0x00, 0x00, 0x00, 0x00, 0x00, 0x00, 0x00, 
 165                   0x00, 0xFF, 0xF0, 0x00, 0x00, 0x00, 0x0F, 0xF0, 0x00, 0x00, 0x00, 0x0F, 0xF0, 0x00, 0x00, 0x0F, 
 166                   0xFF, 0xF0, 0x00, 0x00, 0xFF, 0x0F, 0xF0, 0x00, 0x0F, 0xF0, 0x0F, 0xF0, 0x00, 0x0F, 0xF0, 0x0F, 
 167                   0xF0, 0x00, 0x0F, 0xF0, 0x0F, 0xF0, 0x00, 0x0F, 0xF0, 0x0F, 0xF0, 0x00, 0x00, 0xFF, 0xF0, 0xFF, 
 168                   0x00, 0x00, 0x00, 0x00, 0x00, 0x00, 0x00, 0x00, 0x00, 0x00, 0x00, 0x00, 0x00, 0x00, 0x00, 0x00},
 169                   
 170              {'m',0x00, 0x00, 0x00, 0x00, 0x00, 0x00, 0x00, 0x00, 0x00, 0x00, 0x00, 0x00, 0x00, 0x00, 0x00, 0x00, 
 171                   0x00, 0x00, 0x00, 0x00, 0x00, 0x00, 0x00, 0x00, 0x00, 0x00, 0x00, 0x00, 0x00, 0x00, 0x0F, 0xFF, 
 172                   0x0F, 0xF0, 0x00, 0x0F, 0xFF, 0xFF, 0xFF, 0x00, 0x0F, 0xF0, 0xF0, 0xFF, 0x00, 0x0F, 0xF0, 0xF0, 
 173                   0xFF, 0x00, 0x0F, 0xF0, 0xF0, 0xFF, 0x00, 0x0F, 0xF0, 0xF0, 0xFF, 0x00, 0x0F, 0xF0, 0xF0, 0xFF, 
 174                   0x00, 0x00, 0x00, 0x00, 0x00, 0x00, 0x00, 0x00, 0x00, 0x00, 0x00, 0x00, 0x00, 0x00, 0x00, 0x00},
 175              {'i',0x00, 0x00, 0x00, 0x00, 0x00, 0x00, 0x00, 0x00, 0x00, 0x00, 0x00, 0x00, 0x00, 0x00, 0x00, 0x00, 
 176                   0x00, 0xFF, 0x00, 0x00, 0x00, 0x00, 0xFF, 0x00, 0x00, 0x00, 0x00, 0x00, 0x00, 0x00, 0x00, 0x0F, 
 177                   0xFF, 0x00, 0x00, 0x00, 0x00, 0xFF, 0x00, 0x00, 0x00, 0x00, 0xFF, 0x00, 0x00, 0x00, 0x00, 0xFF, 
 178                   0x00, 0x00, 0x00, 0x00, 0xFF, 0x00, 0x00, 0x00, 0x00, 0xFF, 0x00, 0x00, 0x00, 0x0F, 0xFF, 0xF0, 
 179                   0x00, 0x00, 0x00, 0x00, 0x00, 0x00, 0x00, 0x00, 0x00, 0x00, 0x00, 0x00, 0x00, 0x00, 0x00, 0x00},
 180              {'n',0x00, 0x00, 0x00, 0x00, 0x00, 0x00, 0x00, 0x00, 0x00, 0x00, 0x00, 0x00, 0x00, 0x00, 0x00, 0x00, 
 181                   0x00, 0x00, 0x00, 0x00, 0x00, 0x00, 0x00, 0x00, 0x00, 0x00, 0x00, 0x00, 0x00, 0x00, 0x0F, 0xF0, 
 182                   0xFF, 0xF0, 0x00, 0x00, 0xFF, 0x00, 0xFF, 0x00, 0x00, 0xFF, 0x00, 0xFF, 0x00, 0x00, 0xFF, 0x00, 
 183                   0xFF, 0x00, 0x00, 0xFF, 0x00, 0xFF, 0x00, 0x00, 0xFF, 0x00, 0xFF, 0x00, 0x00, 0xFF, 0x00, 0xFF, 
 184                   0x00, 0x00, 0x00, 0x00, 0x00, 0x00, 0x00, 0x00, 0x00, 0x00, 0x00, 0x00, 0x00, 0x00, 0x00, 0x00},   
 185          
 186              {'o',0x00, 0x00, 0x00, 0x00, 0x00, 0x00, 0x00, 0x00, 0x00, 0x00, 0x00, 0x00, 0x00, 0x00, 0x00, 0x00, 
 187                   0x00, 0x00, 0x00, 0x00, 0x00, 0x00, 0x00, 0x00, 0x00, 0x00, 0x00, 0x00, 0x00, 0x00, 0x00, 0xFF, 
 188                   0xFF, 0xF0, 0x00, 0x0F, 0xF0, 0x00, 0xFF, 0x00, 0x0F, 0xF0, 0x00, 0xFF, 0x00, 0x0F, 0xF0, 0x00, 
 189                   0xFF, 0x00, 0x0F, 0xF0, 0x00, 0xFF, 0x00, 0x0F, 0xF0, 0x00, 0xFF, 0x00, 0x00, 0xFF, 0xFF, 0xF0, 
 190                   0x00, 0x00, 0x00, 0x00, 0x00, 0x00, 0x00, 0x00, 0x00, 0x00, 0x00, 0x00, 0x00, 0x00, 0x00, 0x00},
 191              {'s',0x00, 0x00, 0x00, 0x00, 0x00, 0x00, 0x00, 0x00, 0x00, 0x00, 0x00, 0x00, 0x00, 0x00, 0x00, 0x00, 
 192                   0x00, 0x00, 0x00, 0x00, 0x00, 0x00, 0x00, 0x00, 0x00, 0x00, 0x00, 0x00, 0x00, 0x00, 0x00, 0xFF, 
 193                   0xFF, 0xF0, 0x00, 0x0F, 0xF0, 0x00, 0xFF, 0x00, 0x00, 0xFF, 0x00, 0x00, 0x00, 0x00, 0x0F, 0xFF, 
 194                   0x00, 0x00, 0x00, 0x00, 0x0F, 0xF0, 0x00, 0x0F, 0xF0, 0x00, 0xFF, 0x00, 0x00, 0xFF, 0xFF, 0xF0, 
 195                   0x00, 0x00, 0x00, 0x00, 0x00, 0x00, 0x00, 0x00, 0x00, 0x00, 0x00, 0x00, 0x00, 0x00, 0x00, 0x00},
 196          
 197              {'u',0x00, 0x00, 0x00, 0x00, 0x00, 0x00, 0x00, 0x00, 0x00, 0x00, 0x00, 0x00, 0x00, 0x00, 0x00, 0x00, 
 198                   0x00, 0x00, 0x00, 0x00, 0x00, 0x00, 0x00, 0x00, 0x00, 0x00, 0x00, 0x00, 0x00, 0x00, 0x0F, 0xF0, 
 199                   0x0F, 0xF0, 0x00, 0x0F, 0xF0, 0x0F, 0xF0, 0x00, 0x0F, 0xF0, 0x0F, 0xF0, 0x00, 0x0F, 0xF0, 0x0F, 
 200                   0xF0, 0x00, 0x0F, 0xF0, 0x0F, 0xF0, 0x00, 0x0F, 0xF0, 0x0F, 0xF0, 0x00, 0x00, 0xFF, 0xF0, 0xFF, 
 201                   0x00, 0x00, 0x00, 0x00, 0x00, 0x00, 0x00, 0x00, 0x00, 0x00, 0x00, 0x00, 0x00, 0x00, 0x00, 0x00},
 202          
 203              {'#',0x00, 0x00, 0x00, 0x00, 0x00, 0x00, 0x00, 0x00, 0x00, 0x00, 0x00, 0x0F, 0xFF, 0xF0, 0x00, 0x00, 
 204                   0x00, 0xFF, 0x00, 0x00, 0x00, 0x00, 0xFF, 0x00, 0x00, 0x00, 0xFF, 0xFF, 0xFF, 0x00, 0x0F, 0x00, 
 205                   0xFF, 0x00, 0xF0, 0x0F, 0x00, 0xFF, 0x00, 0xF0, 0x0F, 0x00, 0xFF, 0x00, 0xF0, 0x0F, 0x00, 0xFF, 
 206                   0x00, 0xF0, 0x00, 0xFF, 0xFF, 0xFF, 0x00, 0x00, 0x00, 0xFF, 0x00, 0x00, 0x00, 0x00, 0xFF, 0x00, 
 207                   0x00, 0x00, 0x0F, 0xFF, 0xF0, 0x00, 0x00, 0x00, 0x00, 0x00, 0x00, 0x00, 0x00, 0x00, 0x00, 0x00},
C51 COMPILER V9.60.0.0   FONT_DATE                                                         12/30/2025 15:11:15 PAGE 5   

 208          
 209              {'+',0x00, 0x00, 0x00, 0x00, 0x00, 0x00, 0x00, 0x00, 0x00, 0x00, 0x00, 0x00, 0x00, 0x00, 0x00, 0x00, 
 210                   0x00, 0x00, 0x00, 0x00, 0x00, 0x00, 0x00, 0x00, 0x00, 0x00, 0x00, 0xF0, 0x00, 0x00, 0x00, 0x00, 
 211                   0xF0, 0x00, 0x00, 0x00, 0x00, 0xF0, 0x00, 0x00, 0x0F, 0xFF, 0xFF, 0xFF, 0x00, 0x00, 0x00, 0xF0, 
 212                   0x00, 0x00, 0x00, 0x00, 0xF0, 0x00, 0x00, 0x00, 0x00, 0xF0, 0x00, 0x00, 0x00, 0x00, 0x00, 0x00, 
 213                   0x00, 0x00, 0x00, 0x00, 0x00, 0x00, 0x00, 0x00, 0x00, 0x00, 0x00, 0x00, 0x00, 0x00, 0x00, 0x00},
 214              {'-',0x00, 0x00, 0x00, 0x00, 0x00, 0x00, 0x00, 0x00, 0x00, 0x00, 0x00, 0x00, 0x00, 0x00, 0x00, 0x00, 
 215                   0x00, 0x00, 0x00, 0x00, 0x00, 0x00, 0x00, 0x00, 0x00, 0x00, 0x00, 0x00, 0x00, 0x00, 0x00, 0x00, 
 216                   0x00, 0x00, 0x00, 0x00, 0x00, 0x00, 0x00, 0x00, 0x0F, 0xFF, 0xFF, 0xFF, 0x00, 0x00, 0x00, 0x00, 
 217                   0x00, 0x00, 0x00, 0x00, 0x00, 0x00, 0x00, 0x00, 0x00, 0x00, 0x00, 0x00, 0x00, 0x00, 0x00, 0x00, 
 218                   0x00, 0x00, 0x00, 0x00, 0x00, 0x00, 0x00, 0x00, 0x00, 0x00, 0x00, 0x00, 0x00, 0x00, 0x00, 0x00},
 219              {'/',0x00, 0x00, 0x00, 0x00, 0x00, 0x00, 0x00, 0x00, 0x00, 0x00, 0x00, 0x00, 0x00, 0x00, 0x00, 0x00, 
 220                   0x00, 0x00, 0x00, 0x00, 0x00, 0x00, 0x00, 0x0F, 0x00, 0x00, 0x00, 0x00, 0xFF, 0x00, 0x00, 0x00, 
 221                   0x0F, 0xF0, 0x00, 0x00, 0x00, 0xFF, 0x00, 0x00, 0x00, 0x0F, 0xF0, 0x00, 0x00, 0x00, 0xFF, 0x00, 
 222                   0x00, 0x00, 0x0F, 0xF0, 0x00, 0x00, 0x00, 0x0F, 0x00, 0x00, 0x00, 0x00, 0x00, 0x00, 0x00, 0x00, 
 223                   0x00, 0x00, 0x00, 0x00, 0x00, 0x00, 0x00, 0x00, 0x00, 0x00, 0x00, 0x00, 0x00, 0x00, 0x00, 0x00},
 224           };   
 225          const unsigned char F16x9_COUNT = (sizeof(F16X9) / sizeof(F16X9[0])); 
 226            
 227          ////阴码 列行式 逆向 宽9像素，高16像素
 228          //const u8  code  F16X9[][32]=
 229          //{
 230          // {
 231          //    0x00,0x00,0x00,0x00,0x00,0x00,0x00,0x00,0x00,0x00,0x00,0x00,0x00,0x00,0x00,0x00,
 232          //    0x00,0x00,0x00,0x00,0x00,0x00,0x00,0x00,0x00,0x00,0x00,0x00,0x00,0x00,0x00,0x00, /*' ',0*/
 233          //  },
 234          //  {
 235          //    0x00,0x00,0x10,0x00,0x10,0x00,0x10,0x00,0x10,0x00,0x10,0x00,0x10,0x00,0x10,0x00,
 236          //    0x00,0x00,0x00,0x00,0x10,0x00,0x10,0x00,0x00,0x00,0x00,0x00,0x00,0x00,0x00,0x00, /*'!',1*/
 237          //  },
 238          //  {
 239          //    0x48,0x00,0x48,0x00,0x24,0x00,0x00,0x00,0x00,0x00,0x00,0x00,0x00,0x00,0x00,0x00,
 240          //    0x00,0x00,0x00,0x00,0x00,0x00,0x00,0x00,0x00,0x00,0x00,0x00,0x00,0x00,0x00,0x00, /*'"',2*/
 241          //  },
 242          //  {
 243          //    0x00,0x00,0x90,0x00,0x90,0x00,0x90,0x00,0xFC,0x00,0x48,0x00,0x48,0x00,0x48,0x00,
 244          //    0xFC,0x00,0x48,0x00,0x48,0x00,0x48,0x00,0x00,0x00,0x00,0x00,0x00,0x00,0x00,0x00, /*'#',3*/
 245          //  },
 246          //  {
 247          //    0x20,0x00,0x78,0x00,0xA4,0x00,0xA4,0x00,0x24,0x00,0x38,0x00,0x60,0x00,0xA0,0x00,
 248          //    0xA0,0x00,0xA4,0x00,0xA4,0x00,0x78,0x00,0x20,0x00,0x20,0x00,0x00,0x00,0x00,0x00, /*'$',4*/
 249          //  },
 250          //  {
 251          //    0x00,0x00,0x44,0x00,0x4A,0x00,0x2A,0x00,0x2A,0x00,0x1A,0x00,0x54,0x00,0xB0,0x00,
 252          //    0xA8,0x00,0xA8,0x00,0xA4,0x00,0x44,0x00,0x00,0x00,0x00,0x00,0x00,0x00,0x00,0x00, /*'%',5*/
 253          //  },
 254          //  {
 255          //    0x00,0x00,0x18,0x00,0x24,0x00,0x24,0x00,0x24,0x00,0x14,0x00,0xEC,0x00,0x4A,0x00,
 256          //    0x52,0x00,0x32,0x00,0x22,0x01,0xDC,0x00,0x00,0x00,0x00,0x00,0x00,0x00,0x00,0x00, /*'&',6*/
 257          //  },
 258          //  {
 259          //    0x08,0x00,0x08,0x00,0x04,0x00,0x00,0x00,0x00,0x00,0x00,0x00,0x00,0x00,0x00,0x00,
 260          //    0x00,0x00,0x00,0x00,0x00,0x00,0x00,0x00,0x00,0x00,0x00,0x00,0x00,0x00,0x00,0x00, /*''',7*/
 261          //  },
 262          //  {
 263          //    0x40,0x00,0x20,0x00,0x20,0x00,0x10,0x00,0x10,0x00,0x10,0x00,0x10,0x00,0x10,0x00,
 264          //    0x10,0x00,0x20,0x00,0x20,0x00,0x40,0x00,0x80,0x00,0x00,0x00,0x00,0x00,0x00,0x00, /*'(',8*/
 265          //  },
 266          //  {
 267          //    0x08,0x00,0x10,0x00,0x10,0x00,0x20,0x00,0x20,0x00,0x20,0x00,0x20,0x00,0x20,0x00,
 268          //    0x20,0x00,0x10,0x00,0x10,0x00,0x08,0x00,0x04,0x00,0x00,0x00,0x00,0x00,0x00,0x00, /*')',9*/
 269          //  },
C51 COMPILER V9.60.0.0   FONT_DATE                                                         12/30/2025 15:11:15 PAGE 6   

 270          //  {
 271          //    0x00,0x00,0x00,0x00,0x10,0x00,0x10,0x00,0xD6,0x00,0x38,0x00,0x38,0x00,0xD6,0x00,
 272          //    0x10,0x00,0x10,0x00,0x00,0x00,0x00,0x00,0x00,0x00,0x00,0x00,0x00,0x00,0x00,0x00, /*'*',10*/
 273          //  },
 274          //  {
 275          //    0x00,0x00,0x00,0x00,0x00,0x00,0x20,0x00,0x20,0x00,0x20,0x00,0xFC,0x01,0x20,0x00,
 276          //    0x20,0x00,0x20,0x00,0x00,0x00,0x00,0x00,0x00,0x00,0x00,0x00,0x00,0x00,0x00,0x00, /*'+',11*/
 277          //  },
 278          //  {
 279          //    0x00,0x00,0x00,0x00,0x00,0x00,0x00,0x00,0x00,0x00,0x00,0x00,0x00,0x00,0x00,0x00,
 280          //    0x00,0x00,0x00,0x00,0x0C,0x00,0x08,0x00,0x08,0x00,0x04,0x00,0x00,0x00,0x00,0x00, /*',',12*/
 281          //  },
 282          //  {
 283          //    0x00,0x00,0x00,0x00,0x00,0x00,0x00,0x00,0x00,0x00,0x00,0x00,0xFC,0x00,0x00,0x00,
 284          //    0x00,0x00,0x00,0x00,0x00,0x00,0x00,0x00,0x00,0x00,0x00,0x00,0x00,0x00,0x00,0x00, /*'-',13*/
 285          //  },
 286          //  {
 287          //    0x00,0x00,0x00,0x00,0x00,0x00,0x00,0x00,0x00,0x00,0x00,0x00,0x00,0x00,0x00,0x00,
 288          //    0x00,0x00,0x00,0x00,0x0C,0x00,0x0C,0x00,0x00,0x00,0x00,0x00,0x00,0x00,0x00,0x00, /*'.',14*/
 289          //  },
 290          //  {
 291          //    0x80,0x00,0x40,0x00,0x40,0x00,0x40,0x00,0x20,0x00,0x20,0x00,0x10,0x00,0x10,0x00,
 292          //    0x10,0x00,0x08,0x00,0x08,0x00,0x04,0x00,0x04,0x00,0x00,0x00,0x00,0x00,0x00,0x00, /*'/',15*/
 293          //  },
 294          //  {
 295          //    0x00,0x00,0x30,0x00,0x48,0x00,0x84,0x00,0x84,0x00,0x84,0x00,0x84,0x00,0x84,0x00,
 296          //    0x84,0x00,0x84,0x00,0x48,0x00,0x30,0x00,0x00,0x00,0x00,0x00,0x00,0x00,0x00,0x00, /*'0',16*/
 297          //  },
 298          //  {
 299          //    0x00,0x00,0x20,0x00,0x38,0x00,0x20,0x00,0x20,0x00,0x20,0x00,0x20,0x00,0x20,0x00,
 300          //    0x20,0x00,0x20,0x00,0x20,0x00,0xF8,0x00,0x00,0x00,0x00,0x00,0x00,0x00,0x00,0x00, /*'1',17*/
 301          //  },
 302          //  {
 303          //    0x00,0x00,0x78,0x00,0x84,0x00,0x84,0x00,0x84,0x00,0x80,0x00,0x40,0x00,0x20,0x00,
 304          //    0x10,0x00,0x08,0x00,0x84,0x00,0xFC,0x00,0x00,0x00,0x00,0x00,0x00,0x00,0x00,0x00, /*'2',18*/
 305          //  },
 306          //  {
 307          //    0x00,0x00,0x78,0x00,0x84,0x00,0x84,0x00,0x80,0x00,0x40,0x00,0x30,0x00,0x40,0x00,
 308          //    0x80,0x00,0x84,0x00,0x84,0x00,0x78,0x00,0x00,0x00,0x00,0x00,0x00,0x00,0x00,0x00, /*'3',19*/
 309          //  },
 310          //  {
 311          //    0x00,0x00,0x40,0x00,0x60,0x00,0x60,0x00,0x50,0x00,0x48,0x00,0x48,0x00,0x44,0x00,
 312          //    0xFC,0x01,0x40,0x00,0x40,0x00,0xF0,0x01,0x00,0x00,0x00,0x00,0x00,0x00,0x00,0x00, /*'4',20*/
 313          //  },
 314          //  {
 315          //    0x00,0x00,0xFC,0x00,0x04,0x00,0x04,0x00,0x04,0x00,0x3C,0x00,0x44,0x00,0x80,0x00,
 316          //    0x80,0x00,0x84,0x00,0x44,0x00,0x38,0x00,0x00,0x00,0x00,0x00,0x00,0x00,0x00,0x00, /*'5',21*/
 317          //  },
 318          //  {
 319          //    0x00,0x00,0x30,0x00,0x48,0x00,0x04,0x00,0x04,0x00,0x74,0x00,0x8C,0x00,0x84,0x00,
 320          //    0x84,0x00,0x84,0x00,0x88,0x00,0x70,0x00,0x00,0x00,0x00,0x00,0x00,0x00,0x00,0x00, /*'6',22*/
 321          //  },
 322          //  {
 323          //    0x00,0x00,0xFC,0x00,0x84,0x00,0x40,0x00,0x40,0x00,0x20,0x00,0x20,0x00,0x10,0x00,
 324          //    0x10,0x00,0x10,0x00,0x10,0x00,0x10,0x00,0x00,0x00,0x00,0x00,0x00,0x00,0x00,0x00, /*'7',23*/
 325          //  },
 326          //  {
 327          //    0x00,0x00,0x78,0x00,0x84,0x00,0x84,0x00,0x84,0x00,0x48,0x00,0x30,0x00,0x48,0x00,
 328          //    0x84,0x00,0x84,0x00,0x84,0x00,0x78,0x00,0x00,0x00,0x00,0x00,0x00,0x00,0x00,0x00, /*'8',24*/
 329          //  },
 330          //  {
 331          //    0x00,0x00,0x38,0x00,0x44,0x00,0x84,0x00,0x84,0x00,0x84,0x00,0xC4,0x00,0xB8,0x00,
C51 COMPILER V9.60.0.0   FONT_DATE                                                         12/30/2025 15:11:15 PAGE 7   

 332          //    0x80,0x00,0x80,0x00,0x48,0x00,0x30,0x00,0x00,0x00,0x00,0x00,0x00,0x00,0x00,0x00, /*'9',25*/
 333          //  },
 334          //  {
 335          //        0x00,0x00,0x00,0x00,0x00,0x00,0x00,0x00,0x06,0x00,0x06,0x00,0x00,0x00,0x00,0x00, 
 336          //       0x00,0x00,0x00,0x00,0x06,0x00,0x06,0x00,0x00,0x00,0x00,0x00,0x00,0x00,0x00,0x00, /*':',26*/
 337          //  },
 338          //  {
 339          //    0x00,0x00,0x00,0x00,0x00,0x00,0x00,0x00,0x00,0x00,0x10,0x00,0x00,0x00,0x00,0x00,
 340          //    0x00,0x00,0x00,0x00,0x00,0x00,0x10,0x00,0x10,0x00,0x10,0x00,0x00,0x00,0x00,0x00, /*';',27*/
 341          //  },
 342          //  {
 343          //    0x00,0x00,0x80,0x00,0x40,0x00,0x20,0x00,0x10,0x00,0x08,0x00,0x04,0x00,0x08,0x00,
 344          //    0x10,0x00,0x20,0x00,0x40,0x00,0x80,0x00,0x00,0x00,0x00,0x00,0x00,0x00,0x00,0x00, /*'<',28*/
 345          //  },
 346          //  {
 347          //    0x00,0x00,0x00,0x00,0x00,0x00,0x00,0x00,0xFC,0x00,0x00,0x00,0x00,0x00,0xFC,0x00,
 348          //    0x00,0x00,0x00,0x00,0x00,0x00,0x00,0x00,0x00,0x00,0x00,0x00,0x00,0x00,0x00,0x00, /*'=',29*/
 349          //  },
 350          //  {
 351          //    0x00,0x00,0x04,0x00,0x08,0x00,0x10,0x00,0x20,0x00,0x40,0x00,0x80,0x00,0x40,0x00,
 352          //    0x20,0x00,0x10,0x00,0x08,0x00,0x04,0x00,0x00,0x00,0x00,0x00,0x00,0x00,0x00,0x00, /*'>',30*/
 353          //  },
 354          //  {
 355          //    0x00,0x00,0x78,0x00,0x84,0x00,0x84,0x00,0x8C,0x00,0x40,0x00,0x20,0x00,0x20,0x00,
 356          //    0x20,0x00,0x00,0x00,0x30,0x00,0x30,0x00,0x00,0x00,0x00,0x00,0x00,0x00,0x00,0x00, /*'?',31*/
 357          //  },
 358          //  {
 359          //    0x00,0x00,0x38,0x00,0x44,0x00,0xB4,0x00,0xAA,0x00,0xAA,0x00,0xAA,0x00,0xAA,0x00,
 360          //    0xAA,0x00,0x74,0x00,0x84,0x00,0x78,0x00,0x00,0x00,0x00,0x00,0x00,0x00,0x00,0x00, /*'@',32*/
 361          //  },
 362          //  {
 363          //    0x00,0x00,0x10,0x00,0x10,0x00,0x30,0x00,0x28,0x00,0x28,0x00,0x48,0x00,0x78,0x00,
 364          //    0x44,0x00,0x84,0x00,0x84,0x00,0xCE,0x01,0x00,0x00,0x00,0x00,0x00,0x00,0x00,0x00, /*'A',33*/
 365          //  },
 366          //  {
 367          //    0x00,0x00,0x3E,0x00,0x44,0x00,0x44,0x00,0x44,0x00,0x3C,0x00,0x44,0x00,0x84,0x00,
 368          //    0x84,0x00,0x84,0x00,0x44,0x00,0x3E,0x00,0x00,0x00,0x00,0x00,0x00,0x00,0x00,0x00, /*'B',34*/
 369          //  },
 370          //  {
 371          //    0x00,0x00,0xF8,0x00,0x84,0x00,0x84,0x00,0x02,0x00,0x02,0x00,0x02,0x00,0x02,0x00,
 372          //    0x02,0x00,0x84,0x00,0x44,0x00,0x38,0x00,0x00,0x00,0x00,0x00,0x00,0x00,0x00,0x00, /*'C',35*/
 373          //  },
 374          //  {
 375          //    0x00,0x00,0x3E,0x00,0x44,0x00,0x84,0x00,0x84,0x00,0x84,0x00,0x84,0x00,0x84,0x00,
 376          //    0x84,0x00,0x84,0x00,0x44,0x00,0x3E,0x00,0x00,0x00,0x00,0x00,0x00,0x00,0x00,0x00, /*'D',36*/
 377          //  },
 378          //  {
 379          //    0x00,0x00,0x7E,0x00,0x84,0x00,0x24,0x00,0x24,0x00,0x3C,0x00,0x24,0x00,0x24,0x00,
 380          //    0x04,0x00,0x84,0x00,0x84,0x00,0x7E,0x00,0x00,0x00,0x00,0x00,0x00,0x00,0x00,0x00, /*'E',37*/
 381          //  },
 382          //  {
 383          //    0x00,0x00,0x7E,0x00,0x84,0x00,0x24,0x00,0x24,0x00,0x3C,0x00,0x24,0x00,0x24,0x00,
 384          //    0x04,0x00,0x04,0x00,0x04,0x00,0x0E,0x00,0x00,0x00,0x00,0x00,0x00,0x00,0x00,0x00, /*'F',38*/
 385          //  },
 386          //  {
 387          //    0x00,0x00,0x78,0x00,0x44,0x00,0x44,0x00,0x02,0x00,0x02,0x00,0x02,0x00,0xE2,0x00,
 388          //    0x42,0x00,0x44,0x00,0x44,0x00,0x38,0x00,0x00,0x00,0x00,0x00,0x00,0x00,0x00,0x00, /*'G',39*/
 389          //  },
 390          //  {
 391          //    0x00,0x00,0xCE,0x01,0x84,0x00,0x84,0x00,0x84,0x00,0x84,0x00,0xFC,0x00,0x84,0x00,
 392          //    0x84,0x00,0x84,0x00,0x84,0x00,0xCE,0x01,0x00,0x00,0x00,0x00,0x00,0x00,0x00,0x00, /*'H',40*/
 393          //  },
C51 COMPILER V9.60.0.0   FONT_DATE                                                         12/30/2025 15:11:15 PAGE 8   

 394          //  {
 395          //    0x00,0x00,0x7C,0x00,0x10,0x00,0x10,0x00,0x10,0x00,0x10,0x00,0x10,0x00,0x10,0x00,
 396          //    0x10,0x00,0x10,0x00,0x10,0x00,0x7C,0x00,0x00,0x00,0x00,0x00,0x00,0x00,0x00,0x00, /*'I',41*/
 397          //  },
 398          //  {
 399          //    0x00,0x00,0xF8,0x00,0x20,0x00,0x20,0x00,0x20,0x00,0x20,0x00,0x20,0x00,0x20,0x00,
 400          //    0x20,0x00,0x20,0x00,0x20,0x00,0x20,0x00,0x22,0x00,0x1E,0x00,0x00,0x00,0x00,0x00, /*'J',42*/
 401          //  },
 402          //  {
 403          //    0x00,0x00,0xEE,0x00,0x44,0x00,0x24,0x00,0x14,0x00,0x1C,0x00,0x14,0x00,0x24,0x00,
 404          //    0x24,0x00,0x44,0x00,0x44,0x00,0xEE,0x00,0x00,0x00,0x00,0x00,0x00,0x00,0x00,0x00, /*'K',43*/
 405          //  },
 406          //  {
 407          //    0x00,0x00,0x0E,0x00,0x04,0x00,0x04,0x00,0x04,0x00,0x04,0x00,0x04,0x00,0x04,0x00,
 408          //    0x04,0x00,0x04,0x00,0x84,0x00,0xFE,0x00,0x00,0x00,0x00,0x00,0x00,0x00,0x00,0x00, /*'L',44*/
 409          //  },
 410          //  {
 411          //    0x00,0x00,0xEE,0x00,0x6C,0x00,0x6C,0x00,0x6C,0x00,0x6C,0x00,0x6C,0x00,0x54,0x00,
 412          //    0x54,0x00,0x54,0x00,0x54,0x00,0xD6,0x00,0x00,0x00,0x00,0x00,0x00,0x00,0x00,0x00, /*'M',45*/
 413          //  },
 414          //  {
 415          //    0x00,0x00,0xC6,0x01,0x8C,0x00,0x8C,0x00,0x94,0x00,0x94,0x00,0xA4,0x00,0xA4,0x00,
 416          //    0xA4,0x00,0xC4,0x00,0xC4,0x00,0x8E,0x00,0x00,0x00,0x00,0x00,0x00,0x00,0x00,0x00, /*'N',46*/
 417          //  },
 418          //  {
 419          //    0x00,0x00,0x38,0x00,0x44,0x00,0x82,0x00,0x82,0x00,0x82,0x00,0x82,0x00,0x82,0x00,
 420          //    0x82,0x00,0x82,0x00,0x44,0x00,0x38,0x00,0x00,0x00,0x00,0x00,0x00,0x00,0x00,0x00, /*'O',47*/
 421          //  },
 422          //  {
 423          //    0x00,0x00,0x7E,0x00,0x84,0x00,0x84,0x00,0x84,0x00,0x84,0x00,0x7C,0x00,0x04,0x00,
 424          //    0x04,0x00,0x04,0x00,0x04,0x00,0x0E,0x00,0x00,0x00,0x00,0x00,0x00,0x00,0x00,0x00, /*'P',48*/
 425          //  },
 426          //  {
 427          //    0x00,0x00,0x38,0x00,0x44,0x00,0x82,0x00,0x82,0x00,0x82,0x00,0x82,0x00,0x82,0x00,
 428          //    0x82,0x00,0x9A,0x00,0x64,0x00,0x38,0x00,0xC0,0x00,0x00,0x00,0x00,0x00,0x00,0x00, /*'Q',49*/
 429          //  },
 430          //  {
 431          //    0x00,0x00,0x7E,0x00,0x84,0x00,0x84,0x00,0x84,0x00,0x7C,0x00,0x24,0x00,0x24,0x00,
 432          //    0x44,0x00,0x44,0x00,0x84,0x00,0x8E,0x01,0x00,0x00,0x00,0x00,0x00,0x00,0x00,0x00, /*'R',50*/
 433          //  },
 434          //  {
 435          //    0x00,0x00,0xF8,0x00,0x84,0x00,0x84,0x00,0x04,0x00,0x08,0x00,0x30,0x00,0x40,0x00,
 436          //    0x80,0x00,0x84,0x00,0x84,0x00,0x7C,0x00,0x00,0x00,0x00,0x00,0x00,0x00,0x00,0x00, /*'S',51*/
 437          //  },
 438          //  {
 439          //    0x00,0x00,0xFE,0x00,0x92,0x00,0x10,0x00,0x10,0x00,0x10,0x00,0x10,0x00,0x10,0x00,
 440          //    0x10,0x00,0x10,0x00,0x10,0x00,0x38,0x00,0x00,0x00,0x00,0x00,0x00,0x00,0x00,0x00, /*'T',52*/
 441          //  },
 442          //  {
 443          //    0x00,0x00,0xCE,0x01,0x84,0x00,0x84,0x00,0x84,0x00,0x84,0x00,0x84,0x00,0x84,0x00,
 444          //    0x84,0x00,0x84,0x00,0x84,0x00,0x78,0x00,0x00,0x00,0x00,0x00,0x00,0x00,0x00,0x00, /*'U',53*/
 445          //  },
 446          //  {
 447          //    0x00,0x00,0xCE,0x01,0x84,0x00,0x84,0x00,0x44,0x00,0x48,0x00,0x48,0x00,0x28,0x00,
 448          //    0x28,0x00,0x30,0x00,0x10,0x00,0x10,0x00,0x00,0x00,0x00,0x00,0x00,0x00,0x00,0x00, /*'V',54*/
 449          //  },
 450          //  {
 451          //    0x00,0x00,0xD6,0x00,0x54,0x00,0x54,0x00,0x54,0x00,0x54,0x00,0x54,0x00,0x6C,0x00,
 452          //    0x28,0x00,0x28,0x00,0x28,0x00,0x28,0x00,0x00,0x00,0x00,0x00,0x00,0x00,0x00,0x00, /*'W',55*/
 453          //  },
 454          //  {
 455          //    0x00,0x00,0xCE,0x01,0x84,0x00,0x48,0x00,0x48,0x00,0x30,0x00,0x30,0x00,0x30,0x00,
C51 COMPILER V9.60.0.0   FONT_DATE                                                         12/30/2025 15:11:15 PAGE 9   

 456          //    0x48,0x00,0x48,0x00,0x84,0x00,0xCE,0x01,0x00,0x00,0x00,0x00,0x00,0x00,0x00,0x00, /*'X',56*/
 457          //  },
 458          //  {
 459          //    0x00,0x00,0xEE,0x00,0x44,0x00,0x44,0x00,0x28,0x00,0x28,0x00,0x10,0x00,0x10,0x00,
 460          //    0x10,0x00,0x10,0x00,0x10,0x00,0x38,0x00,0x00,0x00,0x00,0x00,0x00,0x00,0x00,0x00, /*'Y',57*/
 461          //  },
 462          //  {
 463          //    0x00,0x00,0xFC,0x00,0x42,0x00,0x40,0x00,0x20,0x00,0x20,0x00,0x10,0x00,0x08,0x00,
 464          //    0x08,0x00,0x84,0x00,0x84,0x00,0x7E,0x00,0x00,0x00,0x00,0x00,0x00,0x00,0x00,0x00, /*'Z',58*/
 465          //  },
 466          //  {
 467          //    0x10,0x00,0x10,0x00,0x10,0x00,0x10,0x00,0x10,0x00,0x10,0x00,0x10,0x00,0x10,0x00,
 468          //    0x10,0x00,0x10,0x00,0x10,0x00,0x10,0x00,0xF0,0x00,0x00,0x00,0x00,0x00,0x00,0x00, /*'[',59*/
 469          //  },
 470          //  {
 471          //    0x04,0x00,0x08,0x00,0x08,0x00,0x08,0x00,0x10,0x00,0x10,0x00,0x10,0x00,0x20,0x00,
 472          //    0x20,0x00,0x40,0x00,0x40,0x00,0x40,0x00,0x80,0x00,0x80,0x00,0x00,0x00,0x00,0x00, /*'\',60*/
 473          //  },
 474          //  {
 475          //    0x20,0x00,0x20,0x00,0x20,0x00,0x20,0x00,0x20,0x00,0x20,0x00,0x20,0x00,0x20,0x00,
 476          //    0x20,0x00,0x20,0x00,0x20,0x00,0x20,0x00,0x3C,0x00,0x00,0x00,0x00,0x00,0x00,0x00, /*']',61*/
 477          //  },
 478          //  {
 479          //    0x48,0x00,0x00,0x00,0x00,0x00,0x00,0x00,0x00,0x00,0x00,0x00,0x00,0x00,0x00,0x00,
 480          //    0x00,0x00,0x00,0x00,0x00,0x00,0x00,0x00,0x00,0x00,0x00,0x00,0x00,0x00,0x00,0x00, /*'^',62*/
 481          //  },
 482          //  {
 483          //    0x00,0x00,0x00,0x00,0x00,0x00,0x00,0x00,0x00,0x00,0x00,0x00,0x00,0x00,0x00,0x00,
 484          //    0x00,0x00,0x00,0x00,0x00,0x00,0x00,0x00,0x00,0x00,0xFE,0x01,0x00,0x00,0x00,0x00, /*'_',63*/
 485          //  },
 486          //  {
 487          //    0x10,0x00,0x00,0x00,0x00,0x00,0x00,0x00,0x00,0x00,0x00,0x00,0x00,0x00,0x00,0x00,
 488          //    0x00,0x00,0x00,0x00,0x00,0x00,0x00,0x00,0x00,0x00,0x00,0x00,0x00,0x00,0x00,0x00, /*'`',64*/
 489          //  },
 490          //  {
 491          //    0x00,0x00,0x00,0x00,0x00,0x00,0x00,0x00,0x00,0x00,0x38,0x00,0x44,0x00,0x60,0x00,
 492          //    0x58,0x00,0x44,0x00,0x64,0x00,0xD8,0x00,0x00,0x00,0x00,0x00,0x00,0x00,0x00,0x00, /*'a',65*/
 493          //  },
 494          //  {
 495          //    0x00,0x00,0x00,0x00,0x06,0x00,0x04,0x00,0x04,0x00,0x34,0x00,0x4C,0x00,0x84,0x00,
 496          //    0x84,0x00,0x84,0x00,0x4C,0x00,0x34,0x00,0x00,0x00,0x00,0x00,0x00,0x00,0x00,0x00, /*'b',66*/
 497          //  },
 498          //  {
 499          //    0x00,0x00,0x00,0x00,0x00,0x00,0x00,0x00,0x00,0x00,0x70,0x00,0x88,0x00,0x04,0x00,
 500          //    0x04,0x00,0x04,0x00,0x88,0x00,0x70,0x00,0x00,0x00,0x00,0x00,0x00,0x00,0x00,0x00, /*'c',67*/
 501          //  },
 502          //  {
 503          //    0x00,0x00,0x00,0x00,0xC0,0x00,0x80,0x00,0x80,0x00,0xF8,0x00,0x84,0x00,0x84,0x00,
 504          //    0x84,0x00,0x84,0x00,0xC4,0x00,0xB8,0x01,0x00,0x00,0x00,0x00,0x00,0x00,0x00,0x00, /*'d',68*/
 505          //  },
 506          //  {
 507          //    0x00,0x00,0x00,0x00,0x00,0x00,0x00,0x00,0x00,0x00,0x78,0x00,0x84,0x00,0x84,0x00,
 508          //    0xFC,0x00,0x04,0x00,0x84,0x00,0x78,0x00,0x00,0x00,0x00,0x00,0x00,0x00,0x00,0x00, /*'e',69*/
 509          //  },
 510          //  {
 511          //    0x00,0x00,0x00,0x00,0x60,0x00,0x90,0x00,0x10,0x00,0x7C,0x00,0x10,0x00,0x10,0x00,
 512          //    0x10,0x00,0x10,0x00,0x10,0x00,0x7C,0x00,0x00,0x00,0x00,0x00,0x00,0x00,0x00,0x00, /*'f',70*/
 513          //  },
 514          //  {
 515          //    0x00,0x00,0x00,0x00,0x00,0x00,0x00,0x00,0x00,0x00,0xF8,0x00,0x44,0x00,0x44,0x00,
 516          //    0x38,0x00,0x04,0x00,0x78,0x00,0x84,0x00,0x84,0x00,0x78,0x00,0x00,0x00,0x00,0x00, /*'g',71*/
 517          //  },
C51 COMPILER V9.60.0.0   FONT_DATE                                                         12/30/2025 15:11:15 PAGE 10  

 518          //  {
 519          //    0x00,0x00,0x00,0x00,0x06,0x00,0x04,0x00,0x04,0x00,0x74,0x00,0x8C,0x00,0x84,0x00,
 520          //    0x84,0x00,0x84,0x00,0x84,0x00,0xCE,0x01,0x00,0x00,0x00,0x00,0x00,0x00,0x00,0x00, /*'h',72*/
 521          //  },
 522          //  {
 523          //    0x00,0x00,0x18,0x00,0x18,0x00,0x00,0x00,0x00,0x00,0x1C,0x00,0x10,0x00,0x10,0x00,
 524          //    0x10,0x00,0x10,0x00,0x10,0x00,0x7C,0x00,0x00,0x00,0x00,0x00,0x00,0x00,0x00,0x00, /*'i',73*/
 525          //  },
 526          //  {
 527          //    0x00,0x00,0x60,0x00,0x60,0x00,0x00,0x00,0x00,0x00,0x70,0x00,0x40,0x00,0x40,0x00,
 528          //    0x40,0x00,0x40,0x00,0x40,0x00,0x40,0x00,0x44,0x00,0x3C,0x00,0x00,0x00,0x00,0x00, /*'j',74*/
 529          //  },
 530          //  {
 531          //    0x00,0x00,0x00,0x00,0x06,0x00,0x04,0x00,0x04,0x00,0xE4,0x00,0x24,0x00,0x14,0x00,
 532          //    0x1C,0x00,0x24,0x00,0x44,0x00,0xEE,0x00,0x00,0x00,0x00,0x00,0x00,0x00,0x00,0x00, /*'k',75*/
 533          //  },
 534          //  {
 535          //    0x00,0x00,0x10,0x00,0x1C,0x00,0x10,0x00,0x10,0x00,0x10,0x00,0x10,0x00,0x10,0x00,
 536          //    0x10,0x00,0x10,0x00,0x10,0x00,0x7C,0x00,0x00,0x00,0x00,0x00,0x00,0x00,0x00,0x00, /*'l',76*/
 537          //  },
 538          //  {
 539          //    0x00,0x00,0x00,0x00,0x00,0x00,0x00,0x00,0x00,0x00,0xFE,0x00,0x24,0x01,0x24,0x01,
 540          //    0x24,0x01,0x24,0x01,0x24,0x01,0x6E,0x01,0x00,0x00,0x00,0x00,0x00,0x00,0x00,0x00, /*'m',77*/
 541          //  },
 542          //  {
 543          //    0x00,0x00,0x00,0x00,0x00,0x00,0x00,0x00,0x00,0x00,0x76,0x00,0x8C,0x00,0x84,0x00,
 544          //    0x84,0x00,0x84,0x00,0x84,0x00,0xCE,0x01,0x00,0x00,0x00,0x00,0x00,0x00,0x00,0x00, /*'n',78*/
 545          //  },
 546          //  {
 547          //    0x00,0x00,0x00,0x00,0x00,0x00,0x00,0x00,0x00,0x00,0x78,0x00,0x84,0x00,0x84,0x00,
 548          //    0x84,0x00,0x84,0x00,0x84,0x00,0x78,0x00,0x00,0x00,0x00,0x00,0x00,0x00,0x00,0x00, /*'o',79*/
 549          //  },
 550          //  {
 551          //    0x00,0x00,0x00,0x00,0x00,0x00,0x00,0x00,0x00,0x00,0x36,0x00,0x4C,0x00,0x84,0x00,
 552          //    0x84,0x00,0x84,0x00,0x4C,0x00,0x34,0x00,0x04,0x00,0x0E,0x00,0x00,0x00,0x00,0x00, /*'p',80*/
 553          //  },
 554          //  {
 555          //    0x00,0x00,0x00,0x00,0x00,0x00,0x00,0x00,0x00,0x00,0xB0,0x00,0xC8,0x00,0x84,0x00,
 556          //    0x84,0x00,0x84,0x00,0xC8,0x00,0xB0,0x00,0x80,0x00,0xC0,0x01,0x00,0x00,0x00,0x00, /*'q',81*/
 557          //  },
 558          //  {
 559          //    0x00,0x00,0x00,0x00,0x00,0x00,0x00,0x00,0x00,0x00,0xEE,0x00,0x98,0x00,0x08,0x00,
 560          //    0x08,0x00,0x08,0x00,0x08,0x00,0x3E,0x00,0x00,0x00,0x00,0x00,0x00,0x00,0x00,0x00, /*'r',82*/
 561          //  },
 562          //  {
 563          //    0x00,0x00,0x00,0x00,0x00,0x00,0x00,0x00,0x00,0x00,0xF8,0x00,0x84,0x00,0x04,0x00,
 564          //    0x78,0x00,0x80,0x00,0x84,0x00,0x7C,0x00,0x00,0x00,0x00,0x00,0x00,0x00,0x00,0x00, /*'s',83*/
 565          //  },
 566          //  {
 567          //    0x00,0x00,0x00,0x00,0x00,0x00,0x10,0x00,0x10,0x00,0x7C,0x00,0x10,0x00,0x10,0x00,
 568          //    0x10,0x00,0x10,0x00,0x90,0x00,0x60,0x00,0x00,0x00,0x00,0x00,0x00,0x00,0x00,0x00, /*'t',84*/
 569          //  },
 570          //  {
 571          //    0x00,0x00,0x00,0x00,0x00,0x00,0x00,0x00,0x00,0x00,0xC6,0x00,0x84,0x00,0x84,0x00,
 572          //    0x84,0x00,0x84,0x00,0xC4,0x00,0xB8,0x01,0x00,0x00,0x00,0x00,0x00,0x00,0x00,0x00, /*'u',85*/
 573          //  },
 574          //  {
 575          //    0x00,0x00,0x00,0x00,0x00,0x00,0x00,0x00,0x00,0x00,0xEE,0x00,0x44,0x00,0x44,0x00,
 576          //    0x28,0x00,0x28,0x00,0x10,0x00,0x10,0x00,0x00,0x00,0x00,0x00,0x00,0x00,0x00,0x00, /*'v',86*/
 577          //  },
 578          //  {
 579          //    0x00,0x00,0x00,0x00,0x00,0x00,0x00,0x00,0x00,0x00,0xB6,0x01,0x22,0x01,0xA4,0x00,
C51 COMPILER V9.60.0.0   FONT_DATE                                                         12/30/2025 15:11:15 PAGE 11  

 580          //    0xB4,0x00,0x54,0x00,0x48,0x00,0x48,0x00,0x00,0x00,0x00,0x00,0x00,0x00,0x00,0x00, /*'w',87*/
 581          //  },
 582          //  {
 583          //    0x00,0x00,0x00,0x00,0x00,0x00,0x00,0x00,0x00,0x00,0xDC,0x00,0x48,0x00,0x30,0x00,
 584          //    0x30,0x00,0x30,0x00,0x48,0x00,0xEC,0x00,0x00,0x00,0x00,0x00,0x00,0x00,0x00,0x00, /*'x',88*/
 585          //  },
 586          //  {
 587          //    0x00,0x00,0x00,0x00,0x00,0x00,0x00,0x00,0x00,0x00,0xCE,0x01,0x84,0x00,0x48,0x00,
 588          //    0x48,0x00,0x30,0x00,0x30,0x00,0x10,0x00,0x10,0x00,0x0C,0x00,0x00,0x00,0x00,0x00, /*'y',89*/
 589          //  },
 590          //  {
 591          //    0x00,0x00,0x00,0x00,0x00,0x00,0x00,0x00,0x00,0x00,0xFC,0x00,0x44,0x00,0x20,0x00,
 592          //    0x10,0x00,0x10,0x00,0x88,0x00,0xFC,0x00,0x00,0x00,0x00,0x00,0x00,0x00,0x00,0x00, /*'z',90*/
 593          //  },
 594          //  {
 595          //    0x40,0x00,0x40,0x00,0x40,0x00,0x40,0x00,0x40,0x00,0x40,0x00,0x20,0x00,0x40,0x00,
 596          //    0x40,0x00,0x40,0x00,0x40,0x00,0x40,0x00,0x80,0x01,0x00,0x00,0x00,0x00,0x00,0x00, /*'{',91*/
 597          //  },
 598          //  {
 599          //    0x20,0x00,0x20,0x00,0x20,0x00,0x20,0x00,0x20,0x00,0x20,0x00,0x20,0x00,0x20,0x00,
 600          //    0x20,0x00,0x20,0x00,0x20,0x00,0x20,0x00,0x20,0x00,0x20,0x00,0x00,0x00,0x00,0x00, /*'|',92*/
 601          //  },
 602          //  {
 603          //    0x08,0x00,0x08,0x00,0x08,0x00,0x08,0x00,0x08,0x00,0x08,0x00,0x10,0x00,0x08,0x00,
 604          //    0x08,0x00,0x08,0x00,0x08,0x00,0x08,0x00,0x06,0x00,0x00,0x00,0x00,0x00,0x00,0x00, /*'}',93*/
 605          //  },
 606          //  {
 607          //    0x40,0x00,0x00,0x00,0x00,0x00,0x00,0x00,0x00,0x00,0x00,0x00,0x00,0x00,0x00,0x00,
 608          //    0x00,0x00,0x00,0x00,0x00,0x00,0x00,0x00,0x00,0x00,0x00,0x00,0x00,0x00,0x00,0x00, /*'~',94*/
 609          //  },
 610          //  {
 611          //    0x00,0x00,0x00,0x00,0x00,0x00,0x00,0x00,0x00,0x00,0x00,0x00,0x00,0x00,0x00,0x00,
 612          //    0x00,0x00,0x00,0x00,0x00,0x00,0x00,0x00,0x00,0x00,0x00,0x00,0x00,0x00,0x00,0x00, /*'',95*/
 613          //  },
 614          //};
 615          
 616          
 617          
 618          
 619          //汉字字模数据(带索引) 宽18像素，高16像素 字体大小14*14
 620          const FONT_DATA code Hzk[] =
 621          {
 622           {
 623               "自",0x00,0x00,0x00,0x00,0x00,0x00,0x00,0x00,0x00,0x00,0x00,0x00,0xF0,0x00,0x00,0x00,
 624                    0x00,0x00,0x00,0x00,0x0F,0x00,0x00,0x00,0x00,0x00,0x00,0x00,0xFF,0xFF,0xFF,0xFF,
 625                    0xFF,0xF0,0x00,0x00,0x00,0xF0,0x00,0x00,0x00,0x00,0xF0,0x00,0x00,0x00,0xF0,0x00,
 626                    0x00,0x00,0x00,0xF0,0x00,0x00,0x00,0xFF,0xFF,0xFF,0xFF,0xFF,0xF0,0x00,0x00,0x00,
 627                    0xF0,0x00,0x00,0x00,0x00,0xF0,0x00,0x00,0x00,0xF0,0x00,0x00,0x00,0x00,0xF0,0x00,
 628                    0x00,0x00,0xF0,0x00,0x00,0x00,0x00,0xF0,0x00,0x00,0x00,0xFF,0xFF,0xFF,0xFF,0xFF,
 629                    0xF0,0x00,0x00,0x00,0xF0,0x00,0x00,0x00,0x00,0xF0,0x00,0x00,0x00,0xF0,0x00,0x00,
 630                    0x00,0x00,0xF0,0x00,0x00,0x00,0xFF,0xFF,0xFF,0xFF,0xFF,0xF0,0x00,0x00,0x00,0xF0,
 631                    0x00,0x00,0x00,0x00,0xF0,0x00,0x00,0x00,0x00,0x00,0x00,0x00,0x00,0x00,0x00,0x00,  /* 0 */ 
 632            },
 633            {
 634              "动", 0x00,0x00,0x00,0x00,0x00,0x00,0x00,0x00,0x00,0x00,0x00,0x00,0x00,0x0F,0x00,0x00,
 635                    0x00,0x00,0x00,0xFF,0xFF,0x00,0x0F,0x00,0x00,0x00,0x00,0x00,0x00,0x00,0x00,0x0F,
 636                    0x00,0x00,0x00,0x00,0x00,0x00,0x00,0x0F,0xFF,0xFF,0xFF,0x00,0x00,0x00,0x00,0x00,
 637                    0x00,0x0F,0x00,0x0F,0x00,0x00,0x0F,0xFF,0xFF,0xF0,0x0F,0x00,0x0F,0x00,0x00,0x00,
 638                    0x0F,0x00,0x00,0x0F,0x00,0x0F,0x00,0x00,0x00,0x0F,0x00,0x00,0x0F,0x00,0x0F,0x00,
 639                    0x00,0x00,0xF0,0x0F,0x00,0x0F,0x00,0x0F,0x00,0x00,0x00,0xF0,0x00,0xF0,0x0F,0x00,
 640                    0x0F,0x00,0x00,0x0F,0xFF,0xFF,0xF0,0xF0,0x00,0x0F,0x00,0x00,0x00,0xF0,0x00,0x00,
 641                    0xF0,0x00,0x0F,0x00,0x00,0x00,0x00,0x00,0x0F,0x00,0x00,0x0F,0x00,0x00,0x00,0x00,
C51 COMPILER V9.60.0.0   FONT_DATE                                                         12/30/2025 15:11:15 PAGE 12  

 642                    0x00,0xF0,0x00,0x0F,0xF0,0x00,0x00,0x00,0x00,0x00,0x00,0x00,0x00,0x00,0x00,0x00,  /* 1 */ 
 643            },
 644            {
 645              "时", 0x00,0x00,0x00,0x00,0x00,0x00,0x00,0x00,0x00,0x00,0x00,0x00,0x00,0x00,0x0F,0x00,
 646                    0x00,0x00,0x00,0x00,0x00,0x00,0x00,0x0F,0x00,0x00,0x00,0x0F,0xFF,0xF0,0x00,0x00,
 647                    0x0F,0x00,0x00,0x00,0x0F,0x00,0xF0,0xFF,0xFF,0xFF,0xFF,0xF0,0x00,0x0F,0x00,0xF0,
 648                    0x00,0x00,0x0F,0x00,0x00,0x00,0x0F,0x00,0xF0,0x00,0x00,0x0F,0x00,0x00,0x00,0x0F,
 649                    0xFF,0xF0,0x0F,0x00,0x0F,0x00,0x00,0x00,0x0F,0x00,0xF0,0x00,0xF0,0x0F,0x00,0x00,
 650                    0x00,0x0F,0x00,0xF0,0x00,0xF0,0x0F,0x00,0x00,0x00,0x0F,0x00,0xF0,0x00,0x00,0x0F,
 651                    0x00,0x00,0x00,0x0F,0xFF,0xF0,0x00,0x00,0x0F,0x00,0x00,0x00,0x0F,0x00,0xF0,0x00,
 652                    0x00,0x0F,0x00,0x00,0x00,0x0F,0x00,0x00,0x00,0x0F,0x0F,0x00,0x00,0x00,0x00,0x00,
 653                    0x00,0x00,0x00,0xFF,0x00,0x00,0x00,0x00,0x00,0x00,0x00,0x00,0x00,0x00,0x00,0x00,  /* 2 */ 
 654            },
 655            {
 656              "间", 0x00,0x00,0x00,0x00,0x00,0x00,0x00,0x00,0x00,0x00,0x0F,0x00,0x00,0x00,0x00,0x0F,
 657                    0x00,0x00,0x00,0x00,0xF0,0xFF,0xFF,0xFF,0xFF,0xF0,0x00,0x00,0x00,0xF0,0x00,0x00,
 658                    0x00,0x0F,0x00,0x00,0x00,0xF0,0x00,0x00,0x00,0x00,0x0F,0x00,0x00,0x00,0xF0,0x0F,
 659                    0xFF,0xFF,0xF0,0x0F,0x00,0x00,0x00,0xF0,0x0F,0x00,0x00,0xF0,0x0F,0x00,0x00,0x00,
 660                    0xF0,0x0F,0x00,0x00,0xF0,0x0F,0x00,0x00,0x00,0xF0,0x0F,0xFF,0xFF,0xF0,0x0F,0x00,
 661                    0x00,0x00,0xF0,0x0F,0x00,0x00,0xF0,0x0F,0x00,0x00,0x00,0xF0,0x0F,0x00,0x00,0xF0,
 662                    0x0F,0x00,0x00,0x00,0xF0,0x0F,0xFF,0xFF,0xF0,0x0F,0x00,0x00,0x00,0xF0,0x00,0x00,
 663                    0x00,0x00,0x0F,0x00,0x00,0x00,0xF0,0x00,0x00,0x00,0x0F,0x0F,0x00,0x00,0x00,0xF0,
 664                    0x00,0x00,0x00,0x00,0xF0,0x00,0x00,0x00,0x00,0x00,0x00,0x00,0x00,0x00,0x00,0x00,  /* 3 */ 
 665            },
 666            {
 667              "主", 0x00,0x00,0x00,0xF0,0x00,0x00,0x00,0x00,0x00,0x00,0x00,0x00,0x0F,0xF0,0x00,0x00,
 668                    0x00,0x00,0x00,0x00,0x00,0x00,0xF0,0x00,0xF0,0x00,0x00,0x00,0x0F,0xFF,0xFF,0xFF,
 669                    0xFF,0xFF,0x00,0x00,0x00,0x00,0x00,0x00,0xF0,0x00,0x00,0x00,0x00,0x00,0x00,0x00,
 670                    0x00,0xF0,0x00,0x00,0x00,0x00,0x00,0x00,0x00,0x00,0xF0,0x00,0x00,0x00,0x00,0x00,
 671                    0x00,0x00,0x00,0xF0,0x00,0x00,0x00,0x00,0x00,0x00,0xFF,0xFF,0xFF,0xFF,0xF0,0x00,
 672                    0x00,0x00,0x00,0x00,0x00,0xF0,0x00,0x00,0x00,0x00,0x00,0x00,0x00,0x00,0xF0,0x00,
 673                    0x00,0x00,0x00,0x00,0x00,0x00,0x00,0xF0,0x00,0x00,0x00,0x00,0x00,0x00,0x00,0x00,
 674                    0xF0,0x00,0x00,0x00,0x00,0x00,0x00,0x00,0x00,0xF0,0x00,0x0F,0x00,0x00,0x00,0xFF,
 675                    0xFF,0xFF,0xFF,0xFF,0xFF,0xF0,0x00,0x00,0x00,0x00,0x00,0x00,0x00,0x00,0x00,0x00,  /* 4 */ 
 676            },
 677            {
 678              "菜", 0x00,0x00,0x00,0x00,0x00,0x00,0x00,0x00,0x00,0x00,0x00,0xF0,0x00,0x00,0xF0,0x00,
 679                    0x00,0x00,0x0F,0xFF,0xFF,0xFF,0xFF,0xFF,0xFF,0x00,0x00,0x00,0x00,0xF0,0x00,0x00,
 680                    0xF0,0x00,0x00,0x00,0x00,0x00,0x00,0x00,0x0F,0xFF,0xF0,0x00,0x00,0x00,0xFF,0xFF,
 681                    0xFF,0xF0,0x0F,0x00,0x00,0x00,0x00,0x0F,0x00,0xF0,0x00,0x0F,0x00,0x00,0x00,0x00,
 682                    0x00,0xF0,0x0F,0x00,0xF0,0x00,0x00,0x00,0x00,0x00,0x00,0x0F,0x00,0x00,0x00,0x00,
 683                    0x00,0x0F,0xFF,0xFF,0xFF,0xFF,0xFF,0xFF,0x00,0x00,0x00,0x00,0x00,0xFF,0xF0,0x00,
 684                    0x00,0x00,0x00,0x00,0x00,0x0F,0x0F,0x0F,0x00,0x00,0x00,0x00,0x00,0x0F,0xF0,0x0F,
 685                    0x00,0xFF,0x00,0x00,0x00,0x0F,0xF0,0x00,0x0F,0x00,0x00,0xFF,0x00,0x00,0x00,0x00,
 686                    0x00,0x0F,0x00,0x00,0x00,0x00,0x00,0x00,0x00,0x00,0x00,0x00,0x00,0x00,0x00,0x00,  /* 5 */ 
 687            },
 688            {
 689              "单", 0x00,0x00,0x00,0x00,0x00,0x00,0x00,0x00,0x00,0x00,0x00,0xF0,0x00,0x00,0xF0,0x00,
 690                    0x00,0x00,0x00,0x00,0x0F,0x00,0x0F,0x00,0x00,0x00,0x00,0x00,0x0F,0xFF,0xFF,0xFF,
 691                    0xFF,0x00,0x00,0x00,0x00,0x0F,0x00,0x0F,0x00,0x0F,0x00,0x00,0x00,0x00,0x0F,0x00,
 692                    0x0F,0x00,0x0F,0x00,0x00,0x00,0x00,0x0F,0xFF,0xFF,0xFF,0xFF,0x00,0x00,0x00,0x00,
 693                    0x0F,0x00,0x0F,0x00,0x0F,0x00,0x00,0x00,0x00,0x0F,0x00,0x0F,0x00,0x0F,0x00,0x00,
 694                    0x00,0x00,0x0F,0xFF,0xFF,0xFF,0xFF,0x00,0x00,0x00,0x00,0x00,0x00,0x0F,0x00,0x00,
 695                    0x00,0x00,0x00,0x00,0x00,0x00,0x0F,0x00,0x00,0x00,0x00,0x00,0x0F,0xFF,0xFF,0xFF,
 696                    0xFF,0xFF,0xFF,0x00,0x00,0x00,0x00,0x00,0x0F,0x00,0x00,0x00,0x00,0x00,0x00,0x00,
 697                    0x00,0x0F,0x00,0x00,0x00,0x00,0x00,0x00,0x00,0x00,0x00,0x00,0x00,0x00,0x00,0x00,  /* 6 */ 
 698            },
 699            {
 700              "系", 0x00,0x00,0x00,0x00,0x00,0x00,0x00,0x00,0x00,0x00,0x00,0x00,0x00,0xFF,0xFF,0x00,
 701                    0x00,0x00,0x00,0xFF,0xFF,0xFF,0x00,0x00,0x00,0x00,0x00,0x00,0x00,0x00,0xF0,0x00,
 702                    0x00,0x00,0x00,0x00,0x00,0x00,0x0F,0x00,0x00,0xF0,0x00,0x00,0x00,0x00,0x00,0xF0,
 703                    0x00,0x0F,0x00,0x00,0x00,0x00,0x00,0x0F,0xFF,0xFF,0xF0,0x00,0x00,0x00,0x00,0x00,
C51 COMPILER V9.60.0.0   FONT_DATE                                                         12/30/2025 15:11:15 PAGE 13  

 704                    0x00,0x00,0xF0,0x00,0xF0,0x00,0x00,0x00,0x00,0x00,0xFF,0x00,0x00,0x0F,0x00,0x00,
 705                    0x00,0x00,0xFF,0xFF,0xFF,0xFF,0xFF,0xF0,0x00,0x00,0x00,0x00,0x00,0x0F,0x00,0x00,
 706                    0xF0,0x00,0x00,0x00,0x00,0xF0,0x0F,0x00,0xF0,0x00,0x00,0x00,0x00,0x0F,0x00,0x0F,
 707                    0x00,0x0F,0x00,0x00,0x00,0x00,0xF0,0x00,0x0F,0x00,0x00,0xF0,0x00,0x00,0x00,0x00,
 708                    0x0F,0xFF,0x00,0x00,0x00,0x00,0x00,0x00,0x00,0x00,0x00,0x00,0x00,0x00,0x00,0x00,  /* 7 */ 
 709            },
 710            {
 711              "统", 0x00,0x00,0x00,0x00,0x00,0x00,0x00,0x00,0x00,0x00,0x0F,0x00,0x00,0xF0,0x00,0x00,
 712                    0x00,0x00,0x00,0x0F,0x00,0x00,0x0F,0x00,0x00,0x00,0x00,0x00,0xF0,0x00,0x00,0x00,
 713                    0x00,0x00,0x00,0x00,0x0F,0x00,0xF0,0xFF,0xFF,0xFF,0xFF,0x00,0x00,0x0F,0xFF,0xF0,
 714                    0x00,0xF0,0x00,0x00,0x00,0x00,0x00,0x0F,0x00,0x00,0xF0,0x0F,0x00,0x00,0x00,0x00,
 715                    0xF0,0x00,0x0F,0x00,0x00,0xF0,0x00,0x00,0x0F,0x00,0x00,0xFF,0xFF,0xFF,0xF0,0x00,
 716                    0x00,0x0F,0xFF,0xF0,0x00,0xF0,0xF0,0xF0,0x00,0x00,0x00,0x00,0x00,0x00,0xF0,0xF0,
 717                    0x00,0x00,0x00,0x00,0x00,0x00,0x0F,0x00,0xF0,0x00,0x00,0x00,0x00,0x0F,0xF0,0x0F,
 718                    0x00,0xF0,0x0F,0x00,0x00,0x0F,0xF0,0x00,0xF0,0x00,0xF0,0x0F,0x00,0x00,0x00,0x00,
 719                    0x0F,0x00,0x00,0x0F,0xFF,0x00,0x00,0x00,0x00,0x00,0x00,0x00,0x00,0x00,0x00,0x00,  /* 8 */ 
 720            },
 721            {
 722              "设", 0x00,0x00,0x00,0x00,0x00,0x00,0x00,0x00,0x00,0x00,0xF0,0x00,0x00,0x00,0x00,0x00,
 723                    0x00,0x00,0x00,0x0F,0x00,0x0F,0xFF,0xFF,0x00,0x00,0x00,0x00,0x0F,0x00,0x0F,0x00,
 724                    0x0F,0x00,0x00,0x00,0x00,0x00,0x00,0x0F,0x00,0x0F,0x00,0x00,0x00,0x00,0x00,0x00,
 725                    0x0F,0x00,0x0F,0x00,0x00,0x00,0x0F,0xFF,0x00,0xF0,0x00,0x00,0xFF,0x00,0x00,0x00,
 726                    0x0F,0x0F,0x00,0x00,0x00,0x00,0x00,0x00,0x00,0x0F,0x00,0xFF,0xFF,0xFF,0xF0,0x00,
 727                    0x00,0x00,0x0F,0x00,0x0F,0x00,0x00,0xF0,0x00,0x00,0x00,0x0F,0x00,0x0F,0x00,0x0F,
 728                    0x00,0x00,0x00,0x00,0x0F,0x0F,0x00,0xF0,0xF0,0x00,0x00,0x00,0x00,0x0F,0xF0,0x00,
 729                    0x0F,0x00,0x00,0x00,0x00,0x00,0x0F,0x00,0x0F,0xF0,0xFF,0x00,0x00,0x00,0x00,0x00,
 730                    0x0F,0xF0,0x00,0x00,0xFF,0x00,0x00,0x00,0x00,0x00,0x00,0x00,0x00,0x00,0x00,0x00,  /* 9 */ 
 731            },
 732            {
 733              "置", 0x00,0x00,0x00,0x00,0x00,0x00,0x00,0x00,0x00,0x00,0x00,0x00,0x00,0x00,0x00,0xF0,
 734                    0x00,0x00,0x00,0xFF,0xFF,0xFF,0xFF,0xFF,0xFF,0x00,0x00,0x00,0xF0,0x0F,0x00,0x0F,
 735                    0x00,0xF0,0x00,0x00,0x00,0xFF,0xFF,0xFF,0xFF,0xFF,0xF0,0x00,0x00,0x00,0x00,0x00,
 736                    0x0F,0x00,0x00,0x00,0x00,0x00,0x0F,0xFF,0xFF,0xFF,0xFF,0xFF,0xFF,0x00,0x00,0x00,
 737                    0x00,0x00,0x0F,0x00,0x00,0x00,0x00,0x00,0x00,0x0F,0xFF,0xFF,0xFF,0xFF,0x00,0x00,
 738                    0x00,0x00,0x0F,0x00,0x00,0x00,0x0F,0x00,0x00,0x00,0x00,0x0F,0xFF,0xFF,0xFF,0xFF,
 739                    0x00,0x00,0x00,0x00,0x0F,0x00,0x00,0x00,0x0F,0x00,0x00,0x00,0x00,0x0F,0xFF,0xFF,
 740                    0xFF,0xFF,0x00,0x00,0x00,0x00,0x0F,0x00,0x00,0x00,0x0F,0x00,0x00,0x00,0x0F,0xFF,
 741                    0xFF,0xFF,0xFF,0xFF,0xFF,0x00,0x00,0x00,0x00,0x00,0x00,0x00,0x00,0x00,0x00,0x00,  /* 10 */ 
 742            },
 743            {
 744              "参", 0x00,0x00,0x00,0x00,0x00,0x00,0x00,0x00,0x00,0x00,0x00,0x0F,0x00,0x0F,0x00,0x00,
 745                    0x00,0x00,0x00,0x00,0xF0,0x00,0x00,0xF0,0x00,0x00,0x00,0x00,0x0F,0xFF,0xFF,0xFF,
 746                    0xFF,0x00,0x00,0x00,0x00,0x00,0x00,0xF0,0x00,0x00,0x00,0x00,0x00,0x0F,0xFF,0xFF,
 747                    0xFF,0xFF,0xFF,0xFF,0x00,0x00,0x00,0x00,0xF0,0x00,0x00,0xF0,0x00,0x00,0x00,0x00,
 748                    0x0F,0x00,0x00,0xF0,0x0F,0x00,0x00,0x00,0x0F,0xF0,0x00,0xFF,0x00,0x00,0xFF,0x00,
 749                    0x00,0x00,0x0F,0xFF,0x00,0x0F,0x00,0x00,0x00,0x00,0x00,0x00,0x00,0x00,0xF0,0x00,
 750                    0x00,0x00,0x00,0x00,0x00,0x0F,0xFF,0x00,0x0F,0x00,0x00,0x00,0x00,0xFF,0xF0,0x00,
 751                    0x0F,0xF0,0x00,0x00,0x00,0x00,0x00,0x00,0xFF,0xF0,0x00,0x00,0x00,0x00,0x0F,0xFF,
 752                    0xFF,0x00,0x00,0x00,0x00,0x00,0x00,0x00,0x00,0x00,0x00,0x00,0x00,0x00,0x00,0x00,  /* 11 */ 
 753            },
 754            {
 755              "数\xFD",0x00,0x00,0x00,0x00,0x00,0x00,0x00,0x00,0x00,0x00,0x00,0xF0,0x00,0x00,0xF0,0x00,
 756                    0x00,0x00,0x0F,0x00,0xF0,0x0F,0x00,0xF0,0x00,0x00,0x00,0x00,0xF0,0xF0,0xF0,0x00,
 757                    0xF0,0x00,0x00,0x00,0x0F,0xFF,0xFF,0xFF,0x00,0xFF,0xFF,0x00,0x00,0x00,0x0F,0xFF,
 758                    0x00,0x0F,0x00,0xF0,0x00,0x00,0x00,0xF0,0xF0,0xF0,0x0F,0x00,0xF0,0x00,0x00,0x0F,
 759                    0x00,0xF0,0x0F,0xF0,0xF0,0xF0,0x00,0x00,0x00,0x0F,0x00,0x00,0x00,0xF0,0xF0,0x00,
 760                    0x00,0x0F,0xFF,0xFF,0xF0,0x00,0xF0,0xF0,0x00,0x00,0x00,0x0F,0x00,0xF0,0x00,0xF0,
 761                    0xF0,0x00,0x00,0x00,0xFF,0x00,0xF0,0x00,0x0F,0x00,0x00,0x00,0x00,0x00,0xFF,0x00,
 762                    0x00,0x0F,0x00,0x00,0x00,0x00,0x0F,0xF0,0xF0,0x00,0xF0,0xF0,0x00,0x00,0x0F,0xF0,
 763                    0x00,0x0F,0x0F,0x00,0x0F,0x00,0x00,0x00,0x00,0x00,0x00,0x00,0x00,0x00,0x00,0x00,  /* 12 */ 
 764            },
 765            {
C51 COMPILER V9.60.0.0   FONT_DATE                                                         12/30/2025 15:11:15 PAGE 14  

 766              "调", 0x00,0x00,0x00,0x00,0x00,0x00,0x00,0x00,0x00,0x0F,0x00,0x00,0x00,0x00,0x00,0x00,
 767                    0x00,0x00,0x00,0xF0,0x00,0xFF,0xFF,0xFF,0xFF,0x00,0x00,0x00,0x0F,0x00,0xF0,0x0F,
 768                    0x00,0x0F,0x00,0x00,0x00,0x00,0x00,0xF0,0x0F,0x00,0x0F,0x00,0x00,0x0F,0xFF,0x00,
 769                    0xF0,0xFF,0xFF,0x0F,0x00,0x00,0x00,0x0F,0x00,0xF0,0x0F,0x00,0x0F,0x00,0x00,0x00,
 770                    0x0F,0x00,0xFF,0xFF,0xFF,0xFF,0x00,0x00,0x00,0x0F,0x00,0xF0,0x00,0x00,0x0F,0x00,
 771                    0x00,0x00,0x0F,0x00,0xF0,0xFF,0xFF,0x0F,0x00,0x00,0x00,0x0F,0x0F,0xF0,0xF0,0x0F,
 772                    0x0F,0x00,0x00,0x00,0x0F,0xF0,0xF0,0xF0,0x0F,0x0F,0x00,0x00,0x00,0x0F,0x00,0xF0,
 773                    0xFF,0xFF,0x0F,0x00,0x00,0x00,0x00,0x00,0xF0,0x00,0x00,0x0F,0x00,0x00,0x00,0x00,
 774                    0x0F,0x00,0x00,0x0F,0xFF,0x00,0x00,0x00,0x00,0x00,0x00,0x00,0x00,0x00,0x00,0x00,  /* 13 */ 
 775            },
 776            {
 777              "试", 0x00,0x00,0x00,0x00,0x00,0x00,0x00,0x00,0x00,0x00,0xF0,0x00,0x00,0x00,0xF0,0xF0,
 778                    0x00,0x00,0x00,0x0F,0x00,0x00,0x00,0xF0,0x0F,0x00,0x00,0x00,0x0F,0x00,0x00,0x00,
 779                    0xF0,0x00,0x00,0x00,0x00,0x00,0x0F,0xFF,0xFF,0xFF,0xFF,0x00,0x00,0x00,0x00,0x00,
 780                    0x00,0x00,0xF0,0x00,0x00,0x00,0x0F,0xFF,0x00,0x00,0x00,0xF0,0x00,0x00,0x00,0x00,
 781                    0x0F,0x00,0xFF,0xF0,0xF0,0x00,0x00,0x00,0x00,0x0F,0x00,0x0F,0x00,0xF0,0x00,0x00,
 782                    0x00,0x00,0x0F,0x00,0x0F,0x00,0xF0,0x00,0x00,0x00,0x00,0x0F,0x00,0x0F,0x00,0x0F,
 783                    0x00,0x00,0x00,0x00,0x0F,0x0F,0x0F,0x00,0x0F,0x0F,0x00,0x00,0x00,0x0F,0xF0,0x0F,
 784                    0xFF,0x0F,0x0F,0x00,0x00,0x00,0x0F,0x0F,0xFF,0x00,0x00,0xFF,0x00,0x00,0x00,0x00,
 785                    0x00,0x00,0x00,0x00,0x0F,0x00,0x00,0x00,0x00,0x00,0x00,0x00,0x00,0x00,0x00,0x00,  /* 14 */ 
 786            },
 787            {
 788              "投", 0x00,0x00,0x00,0x00,0x00,0x00,0x00,0x00,0x00,0x00,0x0F,0x00,0x00,0x00,0x00,0x00,
 789                    0x00,0x00,0x00,0x0F,0x00,0x0F,0xFF,0xFF,0x00,0x00,0x00,0x00,0x0F,0x00,0x0F,0x00,
 790                    0x0F,0x00,0x00,0x00,0x0F,0xFF,0xFF,0x0F,0x00,0x0F,0x00,0x00,0x00,0x00,0x0F,0x00,
 791                    0x0F,0x00,0x0F,0x00,0x00,0x00,0x00,0x0F,0x00,0xF0,0x00,0x00,0xFF,0x00,0x00,0x00,
 792                    0x0F,0x0F,0x00,0x00,0x00,0x00,0x00,0x00,0x00,0x0F,0xF0,0xFF,0xFF,0xFF,0xF0,0x00,
 793                    0x00,0x0F,0xFF,0x00,0x0F,0x00,0x00,0xF0,0x00,0x00,0x00,0x0F,0x00,0x0F,0x00,0x0F,
 794                    0x00,0x00,0x00,0x00,0x0F,0x00,0x00,0xF0,0xF0,0x00,0x00,0x00,0x00,0x0F,0x00,0x00,
 795                    0x0F,0x00,0x00,0x00,0x00,0x00,0x0F,0x00,0x0F,0xF0,0xFF,0x00,0x00,0x00,0x0F,0xFF,
 796                    0x0F,0xF0,0x00,0x00,0xFF,0x00,0x00,0x00,0x00,0x00,0x00,0x00,0x00,0x00,0x00,0x00,  /* 15 */ 
 797            },
 798            {
 799              "切", 0x00,0x00,0x00,0x00,0x00,0x00,0x00,0x00,0x00,0x00,0x0F,0x00,0x00,0x00,0x00,0x00,
 800                    0x00,0x00,0x00,0x0F,0x00,0x0F,0xFF,0xFF,0xFF,0x00,0x00,0x00,0x0F,0x00,0x00,0x0F,
 801                    0x00,0x0F,0x00,0x00,0x00,0x0F,0x00,0x00,0x0F,0x00,0x0F,0x00,0x00,0x00,0x0F,0xFF,
 802                    0xF0,0x0F,0x00,0x0F,0x00,0x00,0x0F,0xFF,0x00,0x00,0x0F,0x00,0x0F,0x00,0x00,0x00,
 803                    0x0F,0x00,0x00,0x0F,0x00,0x0F,0x00,0x00,0x00,0x0F,0x00,0x00,0x0F,0x00,0x0F,0x00,
 804                    0x00,0x00,0x0F,0x00,0xF0,0x0F,0x00,0x0F,0x00,0x00,0x00,0x0F,0x0F,0x00,0xF0,0x00,
 805                    0x0F,0x00,0x00,0x00,0x0F,0xF0,0x00,0xF0,0x00,0x0F,0x00,0x00,0x00,0x0F,0x00,0x0F,
 806                    0x00,0x00,0x0F,0x00,0x00,0x00,0x00,0x00,0xF0,0x00,0x00,0x0F,0x00,0x00,0x00,0x00,
 807                    0x0F,0x00,0x00,0x0F,0xF0,0x00,0x00,0x00,0x00,0x00,0x00,0x00,0x00,0x00,0x00,0x00,  /* 16 */ 
 808            },
 809          
 810            {
 811              "事", 0x00,0x00,0x00,0x00,0x00,0x00,0x00,0x00,0x00,0x00,0x00,0x00,0x0F,0x00,0x00,0x00,
 812                    0x00,0x00,0x0F,0xFF,0xFF,0xFF,0xFF,0xFF,0xFF,0x00,0x00,0x00,0x00,0x00,0x0F,0x00,
 813                    0x00,0x00,0x00,0x00,0x00,0x0F,0xFF,0xFF,0xFF,0xFF,0x00,0x00,0x00,0x00,0x0F,0x00,
 814                    0x0F,0x00,0x0F,0x00,0x00,0x00,0x00,0x0F,0xFF,0xFF,0xFF,0xFF,0x00,0x00,0x00,0x00,
 815                    0x00,0x00,0x0F,0x00,0x00,0x00,0x00,0x00,0x00,0x0F,0xFF,0xFF,0xFF,0xFF,0x00,0x00,
 816                    0x00,0x00,0x00,0x00,0x0F,0x00,0x0F,0x00,0x00,0x00,0x0F,0xFF,0xFF,0xFF,0xFF,0xFF,
 817                    0xFF,0x00,0x00,0x00,0x00,0x00,0x0F,0x00,0x0F,0x00,0x00,0x00,0x00,0x0F,0xFF,0xFF,
 818                    0xFF,0xFF,0x00,0x00,0x00,0x00,0x00,0x00,0x0F,0x00,0x00,0x00,0x00,0x00,0x00,0x00,
 819                    0x0F,0xFF,0x00,0x00,0x00,0x00,0x00,0x00,0x00,0x00,0x00,0x00,0x00,0x00,0x00,0x00,  /* 17 */ 
 820            },
 821            {
 822              "件", 0x00,0x00,0x00,0x00,0x00,0x00,0x00,0x00,0x00,0x00,0x00,0xF0,0x00,0x0F,0x00,0x00,
 823                    0x00,0x00,0x00,0x00,0xF0,0xF0,0x0F,0x00,0x00,0x00,0x00,0x00,0x0F,0x00,0xF0,0x0F,
 824                    0x00,0x00,0x00,0x00,0x00,0x0F,0x00,0xFF,0xFF,0xFF,0xF0,0x00,0x00,0x00,0xFF,0x0F,
 825                    0x00,0x0F,0x00,0x00,0x00,0x00,0x0F,0x0F,0x00,0x00,0x0F,0x00,0x00,0x00,0x00,0x00,
 826                    0x0F,0x00,0x00,0x0F,0x00,0x00,0x00,0x00,0x00,0x0F,0x00,0x00,0x0F,0x00,0x00,0x00,
 827                    0x00,0x00,0x0F,0x0F,0xFF,0xFF,0xFF,0xFF,0x00,0x00,0x00,0x0F,0x00,0x00,0x0F,0x00,
C51 COMPILER V9.60.0.0   FONT_DATE                                                         12/30/2025 15:11:15 PAGE 15  

 828                    0x00,0x00,0x00,0x00,0x0F,0x00,0x00,0x0F,0x00,0x00,0x00,0x00,0x00,0x0F,0x00,0x00,
 829                    0x0F,0x00,0x00,0x00,0x00,0x00,0x0F,0x00,0x00,0x0F,0x00,0x00,0x00,0x00,0x00,0x0F,
 830                    0x00,0x00,0x0F,0x00,0x00,0x00,0x00,0x00,0x00,0x00,0x00,0x00,0x00,0x00,0x00,0x00,  /* 18 */ 
 831            },
 832            {
 833              "记", 0x00,0x00,0x00,0x00,0x00,0x00,0x00,0x00,0x00,0x00,0xF0,0x00,0x00,0x00,0x00,0x00,
 834                    0x00,0x00,0x00,0x0F,0x00,0xFF,0xFF,0xFF,0xF0,0x00,0x00,0x00,0x0F,0x00,0x00,0x00,
 835                    0x00,0xF0,0x00,0x00,0x00,0x00,0x00,0x00,0x00,0x00,0xF0,0x00,0x00,0x00,0x00,0x00,
 836                    0x00,0x00,0x00,0xF0,0x00,0x00,0x0F,0xFF,0x00,0x00,0x00,0x00,0xF0,0x00,0x00,0x00,
 837                    0x0F,0x00,0xFF,0xFF,0xFF,0xF0,0x00,0x00,0x00,0x0F,0x00,0xF0,0x00,0x00,0x00,0x00,
 838                    0x00,0x00,0x0F,0x00,0xF0,0x00,0x00,0x00,0x00,0x00,0x00,0x0F,0x00,0xF0,0x00,0x00,
 839                    0x00,0x00,0x00,0x00,0x0F,0x0F,0xF0,0x00,0x00,0x00,0x00,0x00,0x00,0x0F,0xF0,0xF0,
 840                    0x00,0x00,0x0F,0x00,0x00,0x00,0x0F,0x00,0xF0,0x00,0x00,0x0F,0x00,0x00,0x00,0x00,
 841                    0x00,0x0F,0xFF,0xFF,0xFF,0x00,0x00,0x00,0x00,0x00,0x00,0x00,0x00,0x00,0x00,0x00,  /* 19 */ 
 842            },
 843            {
 844              "录", 0x00,0x00,0x00,0x00,0x00,0x00,0x00,0x00,0x00,0x00,0x00,0x00,0x00,0x00,0x00,0x00,
 845                    0x00,0x00,0x00,0xFF,0xFF,0xFF,0xFF,0xFF,0x00,0x00,0x00,0x00,0x00,0x00,0x00,0x00,
 846                    0x0F,0x00,0x00,0x00,0x00,0x0F,0xFF,0xFF,0xFF,0xFF,0x00,0x00,0x00,0x00,0x00,0x00,
 847                    0x00,0x00,0x0F,0x00,0x00,0x00,0x0F,0xFF,0xFF,0xFF,0xFF,0xFF,0xFF,0x00,0x00,0x00,
 848                    0x00,0x00,0x0F,0x00,0x00,0x00,0x00,0x00,0x00,0x0F,0x00,0x0F,0x00,0x0F,0x00,0x00,
 849                    0x00,0x00,0x00,0xF0,0x0F,0xF0,0xF0,0x00,0x00,0x00,0x00,0x00,0x0F,0x0F,0x0F,0x00,
 850                    0x00,0x00,0x00,0x00,0x00,0xF0,0x0F,0x00,0xF0,0x00,0x00,0x00,0x00,0x0F,0x00,0x0F,
 851                    0x00,0x0F,0x00,0x00,0x00,0x0F,0xF0,0x00,0x0F,0x00,0x00,0xFF,0x00,0x00,0x00,0x00,
 852                    0x0F,0xFF,0x00,0x00,0x00,0x00,0x00,0x00,0x00,0x00,0x00,0x00,0x00,0x00,0x00,0x00,  /* 20 */ 
 853            },
 854            {
 855             "采",  0x00,0x00,0x00,0x00,0x00,0x00,0x00,0x00,0x00,0x00,0x00,0x00,0x00,0x0F,0xFF,0xF0,
 856                    0x00,0x00,0x00,0xFF,0xFF,0xFF,0xF0,0x00,0x00,0x00,0x00,0x00,0x00,0x00,0xF0,0x00,
 857                    0x0F,0x00,0x00,0x00,0x00,0x0F,0x00,0x0F,0x00,0x0F,0x00,0x00,0x00,0x00,0x00,0xF0,
 858                    0x00,0x00,0xF0,0x00,0x00,0x00,0x00,0x00,0x00,0x0F,0x00,0x00,0x00,0x00,0x00,0x00,
 859                    0x00,0x00,0x0F,0x00,0x00,0x00,0x00,0x00,0x0F,0xFF,0xFF,0xFF,0xFF,0xFF,0xFF,0x00,
 860                    0x00,0x00,0x00,0x00,0xFF,0xF0,0x00,0x00,0x00,0x00,0x00,0x00,0x0F,0x0F,0x0F,0x00,
 861                    0x00,0x00,0x00,0x00,0x00,0xF0,0x0F,0x00,0xF0,0x00,0x00,0x00,0x00,0x0F,0x00,0x0F,
 862                    0x00,0x0F,0x00,0x00,0x00,0x0F,0xF0,0x00,0x0F,0x00,0x00,0xFF,0x00,0x00,0x00,0x00,
 863                    0x00,0x0F,0x00,0x00,0x00,0x00,0x00,0x00,0x00,0x00,0x00,0x00,0x00,0x00,0x00,0x00,
 864            },
 865            {
 866            "样",   0x00,0x00,0x00,0x00,0x00,0x00,0x00,0x00,0x00,0x00,0x0F,0x00,0xF0,0x00,0x00,0xF0,
 867                    0x00,0x00,0x00,0x0F,0x00,0x0F,0x00,0x0F,0x00,0x00,0x00,0x00,0x0F,0x00,0x00,0x00,
 868                    0x00,0x00,0x00,0x00,0x0F,0xFF,0xF0,0xFF,0xFF,0xFF,0xF0,0x00,0x00,0x00,0x0F,0x00,
 869                    0x00,0x0F,0x00,0x00,0x00,0x00,0x00,0x0F,0x00,0x00,0x0F,0x00,0x00,0x00,0x00,0x00,
 870                    0xFF,0xF0,0xFF,0xFF,0xFF,0xF0,0x00,0x00,0x00,0xFF,0x0F,0x00,0x0F,0x00,0x00,0x00,
 871                    0x00,0x0F,0x0F,0x00,0x00,0x0F,0x00,0x00,0x00,0x00,0x00,0x0F,0x0F,0xFF,0xFF,0xFF,
 872                    0xFF,0x00,0x00,0x00,0x0F,0x00,0x00,0x0F,0x00,0x00,0x00,0x00,0x00,0x0F,0x00,0x00,
 873                    0x0F,0x00,0x00,0x00,0x00,0x00,0x0F,0x00,0x00,0x0F,0x00,0x00,0x00,0x00,0x00,0x0F,
 874                    0x00,0x00,0x0F,0x00,0x00,0x00,0x00,0x00,0x00,0x00,0x00,0x00,0x00,0x00,0x00,0x00,
 875            },
 876            {
 877            "校",   0x00,0x00,0x00,0x00,0x00,0x00,0x00,0x00,0x00,0x00,0x00,0xF0,0x00,0x0F,0x00,0x00,
 878                    0x00,0x00,0x00,0x00,0xF0,0x00,0x00,0xF0,0x00,0x00,0x00,0x00,0x00,0xF0,0x0F,0xFF,
 879                    0xFF,0xFF,0x00,0x00,0x0F,0xFF,0xFF,0xF0,0x00,0x00,0x00,0x00,0x00,0x00,0x00,0xF0,
 880                    0x00,0x0F,0x0F,0x00,0x00,0x00,0x00,0x0F,0xF0,0x00,0xF0,0x00,0xF0,0x00,0x00,0x00,
 881                    0x0F,0xFF,0x0F,0x00,0x00,0x0F,0x00,0x00,0x00,0xF0,0xF0,0xF0,0xF0,0x00,0xF0,0x00,
 882                    0x00,0x00,0xF0,0xF0,0x00,0xF0,0x00,0xF0,0x00,0x00,0x0F,0x00,0xF0,0x00,0x0F,0x0F,
 883                    0x00,0x00,0x00,0x00,0x00,0xF0,0x00,0x00,0xF0,0x00,0x00,0x00,0x00,0x00,0xF0,0x00,
 884                    0x0F,0x0F,0x00,0x00,0x00,0x00,0x00,0xF0,0x00,0xF0,0x00,0xF0,0x00,0x00,0x00,0x00,
 885                    0xF0,0x0F,0x00,0x00,0x0F,0x00,0x00,0x00,0x00,0x00,0x00,0x00,0x00,0x00,0x00,0x00,
 886            },
 887            {
 888            "准",   0x00,0x00,0x00,0x00,0x00,0x00,0x00,0x00,0x00,0x00,0x00,0x00,0x0F,0x00,0xF0,0x00,
 889                    0x00,0x00,0x00,0xF0,0x00,0x0F,0x00,0x0F,0x00,0x00,0x00,0x00,0x0F,0x00,0xF0,0x00,
C51 COMPILER V9.60.0.0   FONT_DATE                                                         12/30/2025 15:11:15 PAGE 16  

 890                    0x00,0x00,0x00,0x00,0x00,0x0F,0x00,0xFF,0xFF,0xFF,0xFF,0x00,0x00,0x00,0x00,0x0F,
 891                    0xF0,0x00,0xF0,0x00,0x00,0x00,0x00,0x00,0xF0,0xF0,0x00,0xF0,0x00,0x00,0x00,0x00,
 892                    0x00,0x00,0xFF,0xFF,0xFF,0xF0,0x00,0x00,0x00,0x0F,0x00,0xF0,0x00,0xF0,0x00,0x00,
 893                    0x00,0x00,0x0F,0x00,0xF0,0x00,0xF0,0x00,0x00,0x00,0x00,0xF0,0x00,0xFF,0xFF,0xFF,
 894                    0xF0,0x00,0x00,0x00,0xF0,0x00,0xF0,0x00,0xF0,0x00,0x00,0x00,0x0F,0x00,0x00,0xF0,
 895                    0x00,0xF0,0x00,0x00,0x00,0x0F,0x00,0x00,0xFF,0xFF,0xFF,0xFF,0x00,0x00,0x00,0x00,
 896                    0x00,0xF0,0x00,0x00,0x00,0x00,0x00,0x00,0x00,0x00,0x00,0x00,0x00,0x00,0x00,0x00,
 897            },
 898            {
 899              "据", 0x00,0x00,0x00,0x00,0x00,0x00,0x00,0x00,0x00,0x00,0x0F,0x00,0x00,0x00,0x00,0x00,
 900                    0x00,0x00,0x00,0x0F,0x00,0xFF,0xFF,0xFF,0xF0,0x00,0x00,0x00,0x0F,0x00,0xF0,0x00,
 901                    0x00,0xF0,0x00,0x00,0x0F,0xFF,0xF0,0xF0,0x00,0x00,0xF0,0x00,0x00,0x00,0x0F,0x00,
 902                    0xFF,0xFF,0xFF,0xF0,0x00,0x00,0x00,0x0F,0x00,0xF0,0x00,0xF0,0x00,0x00,0x00,0x00,
 903                    0x0F,0x00,0xF0,0x00,0xF0,0x00,0x00,0x00,0x00,0x0F,0xF0,0xFF,0xFF,0xFF,0xFF,0x00,
 904                    0x00,0x0F,0xFF,0x00,0xF0,0x00,0xF0,0x00,0x00,0x00,0x00,0x0F,0x00,0xF0,0x00,0xF0,
 905                    0x00,0x00,0x00,0x00,0x0F,0x00,0xF0,0xFF,0xFF,0xF0,0x00,0x00,0x00,0x0F,0x0F,0x00,
 906                    0xF0,0x00,0xF0,0x00,0x00,0x0F,0x0F,0x0F,0x00,0xF0,0x00,0xF0,0x00,0x00,0x00,0xFF,
 907                    0xFF,0x00,0xFF,0xFF,0xF0,0x00,0x00,0x00,0x00,0x00,0x00,0x00,0x00,0x00,0x00,0x00,  /* 21 */ 
 908            },
 909            {
 910              "计", 0x00,0x00,0x00,0x00,0x00,0x00,0x00,0x00,0x00,0x00,0xF0,0x00,0x00,0x0F,0x00,0x00,
 911                    0x00,0x00,0x00,0x0F,0x00,0x00,0x0F,0x00,0x00,0x00,0x00,0x00,0x0F,0x00,0x00,0x0F,
 912                    0x00,0x00,0x00,0x00,0x00,0x00,0x00,0x00,0x0F,0x00,0x00,0x00,0x00,0x00,0x00,0x00,
 913                    0x00,0x0F,0x00,0x00,0x00,0x00,0x0F,0xFF,0x0F,0xFF,0xFF,0xFF,0xFF,0x00,0x00,0x00,
 914                    0x0F,0x00,0x00,0x0F,0x00,0x00,0x00,0x00,0x00,0x0F,0x00,0x00,0x0F,0x00,0x00,0x00,
 915                    0x00,0x00,0x0F,0x00,0x00,0x0F,0x00,0x00,0x00,0x00,0x00,0x0F,0x00,0x00,0x0F,0x00,
 916                    0x00,0x00,0x00,0x00,0x0F,0x0F,0x00,0x0F,0x00,0x00,0x00,0x00,0x00,0x0F,0xF0,0x00,
 917                    0x0F,0x00,0x00,0x00,0x00,0x00,0x0F,0x00,0x00,0x0F,0x00,0x00,0x00,0x00,0x00,0x00,
 918                    0x00,0x00,0x0F,0x00,0x00,0x00,0x00,0x00,0x00,0x00,0x00,0x00,0x00,0x00,0x00,0x00,  /* 22 */ 
 919            },
 920            {
 921              "保", 0x00,0x00,0x00,0x00,0x00,0x00,0x00,0x00,0x00,0x00,0x00,0xF0,0x00,0x00,0x00,0x00,
 922                    0x00,0x00,0x00,0x00,0xF0,0xFF,0xFF,0xFF,0xF0,0x00,0x00,0x00,0x00,0xF0,0xF0,0x00,
 923                    0x00,0xF0,0x00,0x00,0x00,0x0F,0x00,0xF0,0x00,0x00,0xF0,0x00,0x00,0x00,0x0F,0x00,
 924                    0xFF,0xFF,0xFF,0xF0,0x00,0x00,0x00,0xFF,0x00,0x00,0x0F,0x00,0x00,0x00,0x00,0x0F,
 925                    0x0F,0x00,0x00,0x0F,0x00,0x00,0x00,0x00,0x00,0x0F,0x0F,0xFF,0xFF,0xFF,0xFF,0x00,
 926                    0x00,0x00,0x0F,0x00,0x00,0xFF,0xF0,0x00,0x00,0x00,0x00,0x0F,0x00,0x0F,0x0F,0x0F,
 927                    0x00,0x00,0x00,0x00,0x0F,0x00,0x0F,0x0F,0x0F,0x00,0x00,0x00,0x00,0x0F,0x00,0xF0,
 928                    0x0F,0x00,0xF0,0x00,0x00,0x00,0x0F,0x0F,0x00,0x0F,0x00,0x0F,0x00,0x00,0x00,0x0F,
 929                    0x00,0x00,0x0F,0x00,0x00,0x00,0x00,0x00,0x00,0x00,0x00,0x00,0x00,0x00,0x00,0x00,  /* 23 */ 
 930            },
 931            
 932            {"过\xFD",0x00,0x00,0x00,0x00,0x00,0x00,0x00,0x00,0x00,0x00,0x00,0x00,0x00,0x00,0x0F,0x00,
 933                    0x00,0x00,0x00,0xF0,0x00,0x00,0x00,0x0F,0x00,0x00,0x00,0x00,0x0F,0x00,0x00,0x00,
 934                    0x0F,0x00,0x00,0x00,0x00,0x0F,0x0F,0xFF,0xFF,0xFF,0xFF,0x00,0x00,0x00,0x00,0x00,
 935                    0x00,0x00,0x0F,0x00,0x00,0x00,0x00,0x00,0x00,0xF0,0x00,0x0F,0x00,0x00,0x00,0x0F,
 936                    0xFF,0x00,0x0F,0x00,0x0F,0x00,0x00,0x00,0x00,0x0F,0x00,0x0F,0x00,0x0F,0x00,0x00,
 937                    0x00,0x00,0x0F,0x00,0x00,0x00,0x0F,0x00,0x00,0x00,0x00,0x0F,0x00,0x00,0x00,0x0F,
 938                    0x00,0x00,0x00,0x00,0x0F,0x00,0x00,0x00,0x0F,0x00,0x00,0x00,0x00,0x0F,0x00,0x00,
 939                    0x0F,0xFF,0x00,0x00,0x00,0x00,0xF0,0xF0,0x00,0x00,0x00,0x00,0x00,0x00,0x0F,0x00,
 940                    0x0F,0xFF,0xFF,0xFF,0xFF,0x00,0x00,0x00,0x00,0x00,0x00,0x00,0x00,0x00,0x00,0x00,
 941          },
 942            {
 943              "护", 0x00,0x00,0x00,0x00,0x00,0x00,0x00,0x00,0x00,0x00,0x0F,0x00,0x00,0x0F,0x00,0x00,
 944                    0x00,0x00,0x00,0x0F,0x00,0x00,0x00,0xF0,0x00,0x00,0x00,0x00,0x0F,0x00,0x0F,0xFF,
 945                    0xFF,0xFF,0x00,0x00,0x0F,0xFF,0xFF,0x0F,0x00,0x00,0x0F,0x00,0x00,0x00,0x0F,0x00,
 946                    0x0F,0x00,0x00,0x0F,0x00,0x00,0x00,0x0F,0x00,0x0F,0x00,0x00,0x0F,0x00,0x00,0x00,
 947                    0x0F,0x0F,0x0F,0xFF,0xFF,0xFF,0x00,0x00,0x00,0x0F,0xF0,0x0F,0x00,0x00,0x0F,0x00,
 948                    0x00,0x0F,0xFF,0x00,0x0F,0x00,0x00,0x00,0x00,0x00,0x00,0x0F,0x00,0x0F,0x00,0x00,
 949                    0x00,0x00,0x00,0x00,0x0F,0x00,0x0F,0x00,0x00,0x00,0x00,0x00,0x00,0x0F,0x00,0xF0,
 950                    0x00,0x00,0x00,0x00,0x00,0x00,0x0F,0x00,0xF0,0x00,0x00,0x00,0x00,0x00,0x0F,0xFF,
 951                    0x0F,0x00,0x00,0x00,0x00,0x00,0x00,0x00,0x00,0x00,0x00,0x00,0x00,0x00,0x00,0x00,  /* 24 */ 
C51 COMPILER V9.60.0.0   FONT_DATE                                                         12/30/2025 15:11:15 PAGE 17  

 952            },
 953            {
 954              "口", 0x00,0x00,0x00,0x00,0x00,0x00,0x00,0x00,0x00,0x00,0x00,0x00,0x00,0x00,0x00,0x00,
 955                    0x00,0x00,0x00,0x00,0x00,0x00,0x00,0x00,0x00,0x00,0x00,0x00,0xFF,0xFF,0xFF,0xFF,
 956                    0xFF,0xF0,0x00,0x00,0x00,0xF0,0x00,0x00,0x00,0x00,0xF0,0x00,0x00,0x00,0xF0,0x00,
 957                    0x00,0x00,0x00,0xF0,0x00,0x00,0x00,0xF0,0x00,0x00,0x00,0x00,0xF0,0x00,0x00,0x00,
 958                    0xF0,0x00,0x00,0x00,0x00,0xF0,0x00,0x00,0x00,0xF0,0x00,0x00,0x00,0x00,0xF0,0x00,
 959                    0x00,0x00,0xF0,0x00,0x00,0x00,0x00,0xF0,0x00,0x00,0x00,0xF0,0x00,0x00,0x00,0x00,
 960                    0xF0,0x00,0x00,0x00,0xF0,0x00,0x00,0x00,0x00,0xF0,0x00,0x00,0x00,0xFF,0xFF,0xFF,
 961                    0xFF,0xFF,0xF0,0x00,0x00,0x00,0xF0,0x00,0x00,0x00,0x00,0xF0,0x00,0x00,0x00,0x00,
 962                    0x00,0x00,0x00,0x00,0x00,0x00,0x00,0x00,0x00,0x00,0x00,0x00,0x00,0x00,0x00,0x00,  /* 25 */ 
 963            },
 964            {
 965              "令", 0x00,0x00,0x00,0x00,0x00,0x00,0x00,0x00,0x00,0x00,0x00,0x00,0x0F,0x00,0x00,0x00,
 966                    0x00,0x00,0x00,0x00,0x00,0xF0,0xF0,0x00,0x00,0x00,0x00,0x00,0x00,0x0F,0x00,0x0F,
 967                    0x00,0x00,0x00,0x00,0x00,0x00,0xF0,0x00,0x00,0xF0,0x00,0x00,0x00,0x00,0x0F,0x00,
 968                    0xF0,0x00,0x0F,0x00,0x00,0x00,0x0F,0xF0,0x00,0x0F,0x00,0x00,0xFF,0x00,0x00,0x00,
 969                    0x00,0x00,0x0F,0x00,0x00,0x00,0x00,0x00,0x00,0x0F,0xFF,0xFF,0xFF,0xFF,0x00,0x00,
 970                    0x00,0x00,0x00,0x00,0x00,0x00,0x0F,0x00,0x00,0x00,0x00,0x00,0x00,0x00,0x00,0xF0,
 971                    0x00,0x00,0x00,0x00,0x00,0x00,0x00,0x0F,0x00,0x00,0x00,0x00,0x00,0x00,0xFF,0xF0,
 972                    0xF0,0x00,0x00,0x00,0x00,0x00,0x00,0x00,0x0F,0xF0,0x00,0x00,0x00,0x00,0x00,0x00,
 973                    0x00,0x00,0x0F,0xF0,0x00,0x00,0x00,0x00,0x00,0x00,0x00,0x00,0x00,0x00,0x00,0x00,  /* 26 */ 
 974            },
 975            {
 976              "日", 0x00,0x00,0x00,0x00,0x00,0x00,0x00,0x00,0x00,0x00,0xFF,0xFF,0xFF,0xFF,0xFF,0xF0,
 977                    0x00,0x00,0x00,0xF0,0x00,0x00,0x00,0x00,0xF0,0x00,0x00,0x00,0xF0,0x00,0x00,0x00,
 978                    0x00,0xF0,0x00,0x00,0x00,0xF0,0x00,0x00,0x00,0x00,0xF0,0x00,0x00,0x00,0xF0,0x00,
 979                    0x00,0x00,0x00,0xF0,0x00,0x00,0x00,0xF0,0x00,0x00,0x00,0x00,0xF0,0x00,0x00,0x00,
 980                    0xFF,0xFF,0xFF,0xFF,0xFF,0xF0,0x00,0x00,0x00,0xF0,0x00,0x00,0x00,0x00,0xF0,0x00,
 981                    0x00,0x00,0xF0,0x00,0x00,0x00,0x00,0xF0,0x00,0x00,0x00,0xF0,0x00,0x00,0x00,0x00,
 982                    0xF0,0x00,0x00,0x00,0xF0,0x00,0x00,0x00,0x00,0xF0,0x00,0x00,0x00,0xF0,0x00,0x00,
 983                    0x00,0x00,0xF0,0x00,0x00,0x00,0xFF,0xFF,0xFF,0xFF,0xFF,0xF0,0x00,0x00,0x00,0xF0,
 984                    0x00,0x00,0x00,0x00,0xF0,0x00,0x00,0x00,0x00,0x00,0x00,0x00,0x00,0x00,0x00,0x00,  /* 27 */ 
 985            },
 986            {
 987              "期", 0x00,0x00,0x00,0x00,0x00,0x00,0x00,0x00,0x00,0x00,0xF0,0x00,0xF0,0x00,0x00,0x00,
 988                    0x00,0x00,0x00,0xF0,0x00,0xF0,0x0F,0xFF,0xFF,0x00,0x00,0x0F,0xFF,0xFF,0xFF,0x0F,
 989                    0x00,0x0F,0x00,0x00,0x00,0xF0,0x00,0xF0,0x0F,0x00,0x0F,0x00,0x00,0x00,0xF0,0x00,
 990                    0xF0,0x0F,0x00,0x0F,0x00,0x00,0x00,0xFF,0xFF,0xF0,0x0F,0xFF,0xFF,0x00,0x00,0x00,
 991                    0xF0,0x00,0xF0,0x0F,0x00,0x0F,0x00,0x00,0x00,0xFF,0xFF,0xF0,0x0F,0x00,0x0F,0x00,
 992                    0x00,0x00,0xF0,0x00,0xF0,0x0F,0xFF,0xFF,0x00,0x00,0x00,0xF0,0x00,0xF0,0x0F,0x00,
 993                    0x0F,0x00,0x00,0x0F,0xFF,0xFF,0xFF,0x0F,0x00,0x0F,0x00,0x00,0x00,0x00,0x00,0x00,
 994                    0xF0,0x00,0x0F,0x00,0x00,0x00,0xF0,0x00,0xF0,0xF0,0x00,0x0F,0x00,0x00,0x0F,0x00,
 995                    0x00,0x0F,0x00,0x0F,0xFF,0x00,0x00,0x00,0x00,0x00,0x00,0x00,0x00,0x00,0x00,0x00,  /* 28 */ 
 996            },
 997            {"入", 0x00,0x00,0x00,0x00,0x00,0x00,0x00,0x00,0x00,0x00,0x00,0x0F,0x00,0x00,0x00,0x00,
 998                    0x00,0x00,0x00,0x00,0x00,0xF0,0x00,0x00,0x00,0x00,0x00,0x00,0x00,0x00,0xF0,0x00,
 999                    0x00,0x00,0x00,0x00,0x00,0x00,0x00,0x0F,0x00,0x00,0x00,0x00,0x00,0x00,0x00,0x00,
1000                    0x0F,0x00,0x00,0x00,0x00,0x00,0x00,0x00,0x00,0xF0,0xF0,0x00,0x00,0x00,0x00,0x00,
1001                    0x00,0x00,0xF0,0xF0,0x00,0x00,0x00,0x00,0x00,0x00,0x0F,0x00,0x0F,0x00,0x00,0x00,
1002                    0x00,0x00,0x00,0x0F,0x00,0x0F,0x00,0x00,0x00,0x00,0x00,0x00,0xF0,0x00,0x00,0xF0,
1003                    0x00,0x00,0x00,0x00,0x00,0xF0,0x00,0x00,0xF0,0x00,0x00,0x00,0x00,0x0F,0x00,0x00,
1004                    0x00,0x0F,0x00,0x00,0x00,0x00,0xF0,0x00,0x00,0x00,0x00,0xF0,0x00,0x00,0x0F,0x00,
1005                    0x00,0x00,0x00,0x00,0x0F,0x00,0x00,0x00,0x00,0x00,0x00,0x00,0x00,0x00,0x00,0x00,
1006            },
1007            {
1008              "报", 0x00,0x00,0x00,0x00,0x00,0x00,0x00,0x00,0x00,0x00,0x0F,0x00,0x00,0x00,0x00,0x00,
1009                    0x00,0x00,0x00,0x0F,0x00,0x0F,0xFF,0xFF,0xF0,0x00,0x00,0x00,0x0F,0x00,0x0F,0x00,
1010                    0x00,0xF0,0x00,0x00,0x0F,0xFF,0xFF,0x0F,0x00,0x00,0xF0,0x00,0x00,0x00,0x0F,0x00,
1011                    0x0F,0x00,0xFF,0xF0,0x00,0x00,0x00,0x0F,0x00,0x0F,0x00,0x00,0x00,0x00,0x00,0x00,
1012                    0x0F,0x0F,0x0F,0xFF,0xFF,0xF0,0x00,0x00,0x00,0x0F,0xF0,0x0F,0x0F,0x00,0xF0,0x00,
1013                    0x00,0x0F,0xFF,0x00,0x0F,0x0F,0x00,0xF0,0x00,0x00,0x00,0x0F,0x00,0x0F,0x0F,0x0F,
C51 COMPILER V9.60.0.0   FONT_DATE                                                         12/30/2025 15:11:15 PAGE 18  

1014                    0x00,0x00,0x00,0x00,0x0F,0x00,0x0F,0x00,0xF0,0x00,0x00,0x00,0x00,0x0F,0x00,0x0F,
1015                    0x0F,0x0F,0x00,0x00,0x00,0x00,0x0F,0x00,0x0F,0xF0,0x00,0xF0,0x00,0x00,0x0F,0xFF,
1016                    0x00,0x0F,0x00,0x00,0x0F,0x00,0x00,0x00,0x00,0x00,0x00,0x00,0x00,0x00,0x00,0x00,  /* 29 */ 
1017            },
1018            {
1019              "警", 0x00,0x00,0x00,0x00,0x00,0x00,0x00,0x00,0x00,0x00,0x0F,0x00,0xF0,0x00,0xF0,0x00,
1020                    0x00,0x00,0x00,0xFF,0xFF,0xFF,0x0F,0xFF,0xFF,0x00,0x00,0x00,0x0F,0x00,0xF0,0xF0,
1021                    0x00,0xF0,0x00,0x00,0x00,0xFF,0xFF,0xFF,0x0F,0x00,0xF0,0x00,0x00,0x0F,0x0F,0x0F,
1022                    0x0F,0x00,0xFF,0x00,0x00,0x00,0x00,0x0F,0xFF,0x0F,0x0F,0x00,0xFF,0x00,0x00,0x00,
1023                    0x00,0x00,0xFF,0x00,0x00,0x00,0x00,0x00,0x0F,0xFF,0xFF,0xFF,0xFF,0xFF,0xFF,0x00,
1024                    0x00,0x00,0x00,0x00,0x00,0x00,0x00,0x00,0x00,0x00,0x00,0x0F,0xFF,0xFF,0xFF,0xFF,
1025                    0x00,0x00,0x00,0x00,0x00,0x00,0x00,0x00,0x00,0x00,0x00,0x00,0x00,0x0F,0xFF,0xFF,
1026                    0xFF,0xFF,0x00,0x00,0x00,0x00,0x0F,0x00,0x00,0x00,0x0F,0x00,0x00,0x00,0x00,0x0F,
1027                    0xFF,0xFF,0xFF,0xFF,0x00,0x00,0x00,0x00,0x00,0x00,0x00,0x00,0x00,0x00,0x00,0x00,  /* 30 */ 
1028            },
1029            {
1030              "对", 0x00,0x00,0x00,0x00,0x00,0x00,0x00,0x00,0x00,0x00,0x00,0x00,0x00,0x00,0x0F,0x00,
1031                    0x00,0x00,0x00,0x00,0x00,0x00,0x00,0x0F,0x00,0x00,0x00,0x00,0xFF,0xFF,0xF0,0x00,
1032                    0x0F,0x00,0x00,0x00,0x00,0x00,0x00,0xF0,0xFF,0xFF,0xFF,0x00,0x00,0x00,0x00,0x00,
1033                    0xF0,0x00,0x0F,0x00,0x00,0x00,0x00,0xF0,0x0F,0x00,0x00,0x0F,0x00,0x00,0x00,0x00,
1034                    0x0F,0x0F,0x00,0xF0,0x0F,0x00,0x00,0x00,0x00,0x00,0xF0,0x00,0x0F,0x0F,0x00,0x00,
1035                    0x00,0x00,0x00,0xFF,0x00,0x0F,0x0F,0x00,0x00,0x00,0x00,0x0F,0x0F,0x00,0x00,0x0F,
1036                    0x00,0x00,0x00,0x00,0x0F,0x00,0xF0,0x00,0x0F,0x00,0x00,0x00,0x00,0xF0,0x00,0xF0,
1037                    0x00,0x0F,0x00,0x00,0x00,0x0F,0x00,0x00,0x00,0x00,0x0F,0x00,0x00,0x00,0x00,0x00,
1038                    0x00,0x00,0x0F,0xFF,0x00,0x00,0x00,0x00,0x00,0x00,0x00,0x00,0x00,0x00,0x00,0x00,  /* 31 */ 
1039            },
1040            {
1041              "比", 0x00,0x00,0x00,0x00,0x00,0x00,0x00,0x00,0x00,0x00,0x00,0x00,0x00,0xF0,0x00,0x00,
1042                    0x00,0x00,0x00,0xF0,0x00,0x00,0xF0,0x00,0x00,0x00,0x00,0x00,0xF0,0x00,0x00,0xF0,
1043                    0x00,0x00,0x00,0x00,0x00,0xF0,0x00,0x00,0xF0,0x00,0xF0,0x00,0x00,0x00,0xF0,0x00,
1044                    0x00,0xF0,0x0F,0x00,0x00,0x00,0x00,0xFF,0xFF,0xF0,0xF0,0xF0,0x00,0x00,0x00,0x00,
1045                    0xF0,0x00,0x00,0xFF,0x00,0x00,0x00,0x00,0x00,0xF0,0x00,0x00,0xF0,0x00,0x00,0x00,
1046                    0x00,0x00,0xF0,0x00,0x00,0xF0,0x00,0x00,0x00,0x00,0x00,0xF0,0x00,0x00,0xF0,0x00,
1047                    0x00,0x00,0x00,0x00,0xF0,0x0F,0x00,0xF0,0x00,0x00,0x00,0x00,0x00,0xF0,0xF0,0x00,
1048                    0xF0,0x00,0x0F,0x00,0x00,0x00,0xFF,0x00,0x00,0xF0,0x00,0x0F,0x00,0x00,0x00,0xF0,
1049                    0x00,0x00,0x0F,0xFF,0xFF,0x00,0x00,0x00,0x00,0x00,0x00,0x00,0x00,0x00,0x00,0x00,  /* 32 */ 
1050            },
1051            {
1052              "度", 0x00,0x00,0x00,0x00,0x00,0x00,0x00,0x00,0x00,0x00,0x00,0x00,0x0F,0x00,0x00,0x00,
1053                    0x00,0x00,0x00,0x00,0x00,0x00,0xF0,0x00,0x00,0x00,0x00,0x00,0x0F,0xFF,0xFF,0xFF,
1054                    0xFF,0xFF,0x00,0x00,0x00,0x0F,0x00,0xF0,0x00,0x0F,0x00,0x00,0x00,0x00,0x0F,0xFF,
1055                    0xFF,0xFF,0xFF,0xFF,0x00,0x00,0x00,0x0F,0x00,0xF0,0x00,0x0F,0x00,0x00,0x00,0x00,
1056                    0x0F,0x00,0xFF,0xFF,0xFF,0x00,0x00,0x00,0x00,0x0F,0x00,0x00,0x00,0x00,0x00,0x00,
1057                    0x00,0x00,0x0F,0x0F,0xFF,0xFF,0xFF,0xF0,0x00,0x00,0x00,0x0F,0x00,0xF0,0x00,0x0F,
1058                    0x00,0x00,0x00,0x00,0x0F,0x00,0x0F,0x00,0xF0,0x00,0x00,0x00,0x00,0xF0,0x00,0x00,
1059                    0xFF,0x00,0x00,0x00,0x00,0x00,0xF0,0x00,0xFF,0x00,0xFF,0x00,0x00,0x00,0x0F,0x00,
1060                    0xFF,0x00,0x00,0x00,0xFF,0x00,0x00,0x00,0x00,0x00,0x00,0x00,0x00,0x00,0x00,0x00,  /* 33 */ 
1061            },
1062            {
1063              "电", 0x00,0x00,0x00,0x00,0x00,0x00,0x00,0x00,0x00,0x00,0x00,0x00,0x0F,0x00,0x00,0x00,
1064                    0x00,0x00,0x00,0x00,0x00,0x0F,0x00,0x00,0x00,0x00,0x00,0x00,0x00,0x00,0x0F,0x00,
1065                    0x00,0x00,0x00,0x00,0x00,0xFF,0xFF,0xFF,0xFF,0xFF,0xF0,0x00,0x00,0x00,0xF0,0x00,
1066                    0x0F,0x00,0x00,0xF0,0x00,0x00,0x00,0xF0,0x00,0x0F,0x00,0x00,0xF0,0x00,0x00,0x00,
1067                    0xFF,0xFF,0xFF,0xFF,0xFF,0xF0,0x00,0x00,0x00,0xF0,0x00,0x0F,0x00,0x00,0xF0,0x00,
1068                    0x00,0x00,0xF0,0x00,0x0F,0x00,0x00,0xF0,0x00,0x00,0x00,0xFF,0xFF,0xFF,0xFF,0xFF,
1069                    0xF0,0x00,0x00,0x00,0xF0,0x00,0x0F,0x00,0x00,0x00,0x00,0x00,0x00,0x00,0x00,0x0F,
1070                    0x00,0x00,0x0F,0x00,0x00,0x00,0x00,0x00,0x0F,0x00,0x00,0x0F,0x00,0x00,0x00,0x00,
1071                    0x00,0x00,0xFF,0xFF,0xFF,0x00,0x00,0x00,0x00,0x00,0x00,0x00,0x00,0x00,0x00,0x00,  /* 34 */ 
1072            },
1073            {
1074              "容", 0x00,0x00,0x00,0x00,0x00,0x00,0x00,0x00,0x00,0x00,0x00,0x00,0x0F,0x00,0x00,0x00,
1075                    0x00,0x00,0x0F,0xFF,0xFF,0xFF,0xFF,0xFF,0xFF,0x00,0x00,0x0F,0x00,0x00,0x00,0x00,
C51 COMPILER V9.60.0.0   FONT_DATE                                                         12/30/2025 15:11:15 PAGE 19  

1076                    0x00,0x0F,0x00,0x00,0x00,0x00,0xF0,0x00,0x00,0xF0,0x00,0x00,0x00,0x00,0x0F,0x00,
1077                    0x0F,0x00,0x0F,0x00,0x00,0x00,0x00,0xF0,0x00,0xF0,0xF0,0x00,0xF0,0x00,0x00,0x00,
1078                    0x00,0x0F,0x00,0x0F,0x00,0x00,0x00,0x00,0x00,0x0F,0xF0,0x00,0x00,0xFF,0x00,0x00,
1079                    0x00,0x0F,0xF0,0x00,0x00,0x00,0x00,0xFF,0x00,0x00,0x00,0x0F,0xFF,0xFF,0xFF,0xFF,
1080                    0x00,0x00,0x00,0x00,0x0F,0x00,0x00,0x00,0x0F,0x00,0x00,0x00,0x00,0x0F,0x00,0x00,
1081                    0x00,0x0F,0x00,0x00,0x00,0x00,0x0F,0xFF,0xFF,0xFF,0xFF,0x00,0x00,0x00,0x00,0x0F,
1082                    0x00,0x00,0x00,0x0F,0x00,0x00,0x00,0x00,0x00,0x00,0x00,0x00,0x00,0x00,0x00,0x00,  /* 35 */ 
1083            },
1084            {
1085              "控", 0x00,0x00,0x00,0x00,0x00,0x00,0x00,0x00,0x00,0x00,0x0F,0x00,0x00,0xF0,0x00,0x00,
1086                    0x00,0x00,0x00,0x0F,0x00,0x00,0x0F,0x00,0x00,0x00,0x00,0x00,0x0F,0x00,0xFF,0xFF,
1087                    0xFF,0xFF,0x00,0x00,0x0F,0xFF,0xF0,0xF0,0x00,0x00,0x0F,0x00,0x00,0x00,0x0F,0x00,
1088                    0x00,0xF0,0x0F,0x00,0x00,0x00,0x00,0x0F,0x00,0x0F,0x00,0x00,0xF0,0x00,0x00,0x00,
1089                    0x0F,0x00,0xF0,0x00,0x00,0x0F,0x00,0x00,0x00,0x0F,0xF0,0x00,0x00,0x00,0x00,0x00,
1090                    0x00,0x0F,0xFF,0x00,0x0F,0xFF,0xFF,0xF0,0x00,0x00,0x00,0x0F,0x00,0x00,0x0F,0x00,
1091                    0x00,0x00,0x00,0x00,0x0F,0x00,0x00,0x0F,0x00,0x00,0x00,0x00,0x00,0x0F,0x00,0x00,
1092                    0x0F,0x00,0x00,0x00,0x00,0x00,0x0F,0x00,0x00,0x0F,0x00,0x00,0x00,0x00,0x0F,0xFF,
1093                    0x00,0xFF,0xFF,0xFF,0xFF,0x00,0x00,0x00,0x00,0x00,0x00,0x00,0x00,0x00,0x00,0x00,  /* 36 */ 
1094            },
1095            {
1096              "制", 0x00,0x00,0x00,0x00,0x00,0x00,0x00,0x00,0x00,0x00,0x00,0x0F,0x00,0x00,0x00,0xF0,
1097                    0x00,0x00,0x00,0xF0,0x0F,0x00,0x00,0x00,0xF0,0x00,0x00,0x00,0xFF,0xFF,0xFF,0xF0,
1098                    0xF0,0xF0,0x00,0x00,0x0F,0x00,0x0F,0x00,0x00,0xF0,0xF0,0x00,0x00,0x00,0x00,0x0F,
1099                    0x00,0x00,0xF0,0xF0,0x00,0x00,0x0F,0xFF,0xFF,0xFF,0xF0,0xF0,0xF0,0x00,0x00,0x00,
1100                    0x00,0x0F,0x00,0x00,0xF0,0xF0,0x00,0x00,0x00,0x00,0x0F,0x00,0x00,0xF0,0xF0,0x00,
1101                    0x00,0x00,0xFF,0xFF,0xFF,0xF0,0xF0,0xF0,0x00,0x00,0x00,0xF0,0x0F,0x00,0xF0,0xF0,
1102                    0xF0,0x00,0x00,0x00,0xF0,0x0F,0x00,0xF0,0x00,0xF0,0x00,0x00,0x00,0xF0,0x0F,0x00,
1103                    0xF0,0x00,0xF0,0x00,0x00,0x00,0xF0,0x0F,0x0F,0xF0,0x00,0xF0,0x00,0x00,0x00,0x00,
1104                    0x0F,0x00,0x00,0xFF,0xF0,0x00,0x00,0x00,0x00,0x00,0x00,0x00,0x00,0x00,0x00,0x00,  /* 37 */ 
1105            },
1106            {
1107              "通", 0x00,0x00,0x00,0x00,0x00,0x00,0x00,0x00,0x00,0x00,0xF0,0x00,0xFF,0xFF,0xFF,0xF0,
1108                    0x00,0x00,0x00,0x0F,0x00,0x00,0xF0,0x0F,0x00,0x00,0x00,0x00,0x0F,0x00,0x00,0x0F,
1109                    0xF0,0x00,0x00,0x00,0x00,0x00,0x00,0xFF,0xFF,0xFF,0xF0,0x00,0x00,0x00,0x00,0x00,
1110                    0xF0,0x0F,0x00,0xF0,0x00,0x00,0x0F,0xFF,0x00,0xF0,0x0F,0x00,0xF0,0x00,0x00,0x00,
1111                    0x0F,0x00,0xFF,0xFF,0xFF,0xF0,0x00,0x00,0x00,0x0F,0x00,0xF0,0x0F,0x00,0xF0,0x00,
1112                    0x00,0x00,0x0F,0x00,0xF0,0x0F,0x00,0xF0,0x00,0x00,0x00,0x0F,0x00,0xFF,0xFF,0xFF,
1113                    0xF0,0x00,0x00,0x00,0x0F,0x00,0xF0,0x0F,0x00,0xF0,0x00,0x00,0x00,0x0F,0x00,0xF0,
1114                    0x0F,0x0F,0xF0,0x00,0x00,0x00,0xF0,0xF0,0x00,0x00,0x00,0x00,0x00,0x00,0x0F,0x00,
1115                    0x0F,0xFF,0xFF,0xFF,0xFF,0x00,0x00,0x00,0x00,0x00,0x00,0x00,0x00,0x00,0x00,0x00,  /* 38 */ 
1116            },
1117            {
1118              "讯", 0x00,0x00,0x00,0x00,0x00,0x00,0x00,0x00,0x00,0x00,0xF0,0x00,0x00,0x00,0x00,0x00,
1119                    0x00,0x00,0x00,0x0F,0x0F,0xFF,0xFF,0xFF,0x00,0x00,0x00,0x00,0x0F,0x00,0x0F,0x00,
1120                    0x0F,0x00,0x00,0x00,0x00,0x00,0x00,0x0F,0x00,0x0F,0x00,0x00,0x00,0x00,0x00,0x00,
1121                    0x0F,0x00,0x0F,0x00,0x00,0x00,0x0F,0xFF,0x00,0x0F,0x00,0x0F,0x00,0x00,0x00,0x00,
1122                    0x0F,0x0F,0xFF,0xFF,0xFF,0x00,0x00,0x00,0x00,0x0F,0x00,0x0F,0x00,0x0F,0x00,0x00,
1123                    0x00,0x00,0x0F,0x00,0x0F,0x00,0x0F,0x00,0x00,0x00,0x00,0x0F,0x00,0x0F,0x00,0x0F,
1124                    0x0F,0x00,0x00,0x00,0x0F,0x0F,0x0F,0x00,0x0F,0x0F,0x00,0x00,0x00,0x0F,0xF0,0x0F,
1125                    0x00,0x0F,0x0F,0x00,0x00,0x00,0x0F,0x00,0x0F,0x00,0x00,0xFF,0x00,0x00,0x00,0x00,
1126                    0x00,0x0F,0x00,0x00,0x0F,0x00,0x00,0x00,0x00,0x00,0x00,0x00,0x00,0x00,0x00,0x00,  /* 39 */ 
1127            },
1128            {
1129              "关", 0x00,0x00,0x00,0x00,0x00,0x00,0x00,0x00,0x00,0x00,0x00,0xF0,0x00,0x00,0xF0,0x00,
1130                    0x00,0x00,0x00,0x00,0x0F,0x00,0x00,0xF0,0x00,0x00,0x00,0x00,0x00,0x0F,0x00,0x0F,
1131                    0x00,0x00,0x00,0x00,0x00,0xFF,0xFF,0xFF,0xFF,0xFF,0xF0,0x00,0x00,0x00,0x00,0x00,
1132                    0x0F,0x00,0x00,0x00,0x00,0x00,0x00,0x00,0x00,0x0F,0x00,0x00,0x00,0x00,0x00,0x00,
1133                    0x00,0x00,0x0F,0x00,0x00,0x00,0x00,0x00,0x0F,0xFF,0xFF,0xFF,0xFF,0xFF,0xFF,0x00,
1134                    0x00,0x00,0x00,0x00,0xF0,0xF0,0x00,0x00,0x00,0x00,0x00,0x00,0x00,0xF0,0xF0,0x00,
1135                    0x00,0x00,0x00,0x00,0x00,0x0F,0x00,0x0F,0x00,0x00,0x00,0x00,0x00,0x00,0xF0,0x00,
1136                    0x00,0xF0,0x00,0x00,0x00,0x00,0x0F,0x00,0x00,0x00,0x0F,0x00,0x00,0x00,0x0F,0xF0,
1137                    0x00,0x00,0x00,0x00,0xFF,0x00,0x00,0x00,0x00,0x00,0x00,0x00,0x00,0x00,0x00,0x00,  /* 40 */ 
C51 COMPILER V9.60.0.0   FONT_DATE                                                         12/30/2025 15:11:15 PAGE 20  

1138            },
1139            {
1140              "闭", 0x00,0x00,0x00,0x00,0x00,0x00,0x00,0x00,0x00,0x00,0xF0,0x00,0x00,0x00,0x00,0x00,
1141                    0x00,0x00,0x00,0x0F,0x0F,0xFF,0xFF,0xFF,0xFF,0x00,0x00,0x00,0x00,0x00,0x00,0x00,
1142                    0x00,0x0F,0x00,0x00,0x00,0xF0,0x00,0x00,0x0F,0x00,0x0F,0x00,0x00,0x00,0xF0,0x00,
1143                    0x00,0x0F,0x00,0x0F,0x00,0x00,0x00,0xF0,0xFF,0xFF,0xFF,0xFF,0x0F,0x00,0x00,0x00,
1144                    0xF0,0x00,0x00,0xFF,0x00,0x0F,0x00,0x00,0x00,0xF0,0x00,0x0F,0x0F,0x00,0x0F,0x00,
1145                    0x00,0x00,0xF0,0x00,0xF0,0x0F,0x00,0x0F,0x00,0x00,0x00,0xF0,0x0F,0x00,0x0F,0x00,
1146                    0x0F,0x00,0x00,0x00,0xF0,0xF0,0x00,0x0F,0x00,0x0F,0x00,0x00,0x00,0xF0,0x00,0x0F,
1147                    0xFF,0x00,0x0F,0x00,0x00,0x00,0xF0,0x00,0x00,0x00,0x00,0x0F,0x00,0x00,0x00,0xF0,
1148                    0x00,0x00,0x00,0x0F,0xFF,0x00,0x00,0x00,0x00,0x00,0x00,0x00,0x00,0x00,0x00,0x00,  /* 41 */ 
1149            },
1150            {
1151              "打", 0x00,0x00,0x00,0x00,0x00,0x00,0x00,0x00,0x00,0x00,0x0F,0x00,0x00,0x00,0x00,0x00,
1152                    0x00,0x00,0x00,0x0F,0x00,0xFF,0xFF,0xFF,0xFF,0x00,0x00,0x00,0x0F,0x00,0x00,0x00,
1153                    0xF0,0x00,0x00,0x00,0x0F,0xFF,0xFF,0x00,0x00,0xF0,0x00,0x00,0x00,0x00,0x0F,0x00,
1154                    0x00,0x00,0xF0,0x00,0x00,0x00,0x00,0x0F,0x00,0x00,0x00,0xF0,0x00,0x00,0x00,0x00,
1155                    0x0F,0x0F,0x00,0x00,0xF0,0x00,0x00,0x00,0x00,0x0F,0xF0,0x00,0x00,0xF0,0x00,0x00,
1156                    0x00,0x0F,0xFF,0x00,0x00,0x00,0xF0,0x00,0x00,0x00,0x00,0x0F,0x00,0x00,0x00,0xF0,
1157                    0x00,0x00,0x00,0x00,0x0F,0x00,0x00,0x00,0xF0,0x00,0x00,0x00,0x00,0x0F,0x00,0x00,
1158                    0x00,0xF0,0x00,0x00,0x00,0x00,0x0F,0x00,0x00,0x00,0xF0,0x00,0x00,0x00,0x0F,0xFF,
1159                    0x00,0x00,0xFF,0xF0,0x00,0x00,0x00,0x00,0x00,0x00,0x00,0x00,0x00,0x00,0x00,0x00,  /* 42 */ 
1160            },
1161            {
1162              "开", 0x00,0x00,0x00,0x00,0x00,0x00,0x00,0x00,0x00,0x00,0xFF,0xFF,0xFF,0xFF,0xFF,0xF0,
1163                    0x00,0x00,0x00,0x00,0xF0,0x00,0x00,0xF0,0x00,0x00,0x00,0x00,0x00,0xF0,0x00,0x00,
1164                    0xF0,0x00,0x00,0x00,0x00,0x00,0xF0,0x00,0x00,0xF0,0x00,0x00,0x00,0x00,0x00,0xF0,
1165                    0x00,0x00,0xF0,0x00,0x00,0x00,0x00,0x00,0xF0,0x00,0x00,0xF0,0x00,0x00,0x00,0x0F,
1166                    0xFF,0xFF,0xFF,0xFF,0xFF,0xFF,0x00,0x00,0x00,0x00,0xF0,0x00,0x00,0xF0,0x00,0x00,
1167                    0x00,0x00,0x00,0xF0,0x00,0x00,0xF0,0x00,0x00,0x00,0x00,0x00,0xF0,0x00,0x00,0xF0,
1168                    0x00,0x00,0x00,0x00,0x0F,0x00,0x00,0x00,0xF0,0x00,0x00,0x00,0x00,0x0F,0x00,0x00,
1169                    0x00,0xF0,0x00,0x00,0x00,0x00,0xF0,0x00,0x00,0x00,0xF0,0x00,0x00,0x00,0x0F,0x00,
1170                    0x00,0x00,0x00,0xF0,0x00,0x00,0x00,0x00,0x00,0x00,0x00,0x00,0x00,0x00,0x00,0x00,  /* 43 */ 
1171            },
1172            {
1173              "退", 0x00,0x00,0x00,0x00,0x00,0x00,0x00,0x00,0x00,0x00,0x00,0x00,0x00,0x00,0x00,0x00,
1174                    0x00,0x00,0x00,0xF0,0x00,0xFF,0xFF,0xFF,0x00,0x00,0x00,0x00,0x0F,0x00,0xF0,0x00,
1175                    0x0F,0x00,0x00,0x00,0x00,0x0F,0x00,0xFF,0xFF,0xFF,0x00,0x00,0x00,0x00,0x00,0x00,
1176                    0xF0,0x00,0x0F,0x00,0x00,0x00,0x00,0x00,0x00,0xFF,0xFF,0xFF,0x00,0x00,0x00,0x0F,
1177                    0xFF,0x00,0xF0,0xF0,0x00,0xF0,0x00,0x00,0x00,0x0F,0x00,0xF0,0x0F,0x0F,0x00,0x00,
1178                    0x00,0x00,0x0F,0x00,0xF0,0x00,0xF0,0x00,0x00,0x00,0x00,0x0F,0x00,0xF0,0xF0,0x0F,
1179                    0x00,0x00,0x00,0x00,0x0F,0x00,0xFF,0x00,0x00,0xF0,0x00,0x00,0x00,0x0F,0x00,0xF0,
1180                    0x00,0x00,0xF0,0x00,0x00,0x00,0xF0,0xF0,0x00,0x00,0x00,0x00,0x00,0x00,0x0F,0x00,
1181                    0x0F,0xFF,0xFF,0xFF,0xFF,0x00,0x00,0x00,0x00,0x00,0x00,0x00,0x00,0x00,0x00,0x00,  /* 44 */ 
1182            },
1183            {
1184              "一", 0x00,0x00,0x00,0x00,0x00,0x00,0x00,0x00,0x00,0x00,0x00,0x00,0x00,0x00,0x00,0x00,
1185                    0x00,0x00,0x00,0x00,0x00,0x00,0x00,0x00,0x00,0x00,0x00,0x00,0x00,0x00,0x00,0x00,
1186                    0x00,0x00,0x00,0x00,0x00,0x00,0x00,0x00,0x00,0x00,0x00,0x00,0x00,0x00,0x00,0x00,
1187                    0x00,0x00,0x00,0x00,0x00,0x00,0x00,0x00,0x00,0x00,0x00,0x00,0x00,0x00,0x00,0x0F,
1188                    0xFF,0xFF,0xFF,0xFF,0xFF,0xFF,0x00,0x00,0x00,0x00,0x00,0x00,0x00,0x00,0x00,0x00,
1189                    0x00,0x00,0x00,0x00,0x00,0x00,0x00,0x00,0x00,0x00,0x00,0x00,0x00,0x00,0x00,0x00,
1190                    0x00,0x00,0x00,0x00,0x00,0x00,0x00,0x00,0x00,0x00,0x00,0x00,0x00,0x00,0x00,0x00,
1191                    0x00,0x00,0x00,0x00,0x00,0x00,0x00,0x00,0x00,0x00,0x00,0x00,0x00,0x00,0x00,0x00,
1192                    0x00,0x00,0x00,0x00,0x00,0x00,0x00,0x00,0x00,0x00,0x00,0x00,0x00,0x00,0x00,0x00,  /* 45 */ 
1193            },
1194            {
1195              "二", 0x00,0x00,0x00,0x00,0x00,0x00,0x00,0x00,0x00,0x00,0x00,0x00,0x00,0x00,0x00,0x00,
1196                    0x00,0x00,0x00,0x00,0x00,0x00,0x00,0x00,0x00,0x00,0x00,0x00,0xFF,0xFF,0xFF,0xFF,
1197                    0xFF,0xF0,0x00,0x00,0x00,0x00,0x00,0x00,0x00,0x00,0x00,0x00,0x00,0x00,0x00,0x00,
1198                    0x00,0x00,0x00,0x00,0x00,0x00,0x00,0x00,0x00,0x00,0x00,0x00,0x00,0x00,0x00,0x00,
1199                    0x00,0x00,0x00,0x00,0x00,0x00,0x00,0x00,0x00,0x00,0x00,0x00,0x00,0x00,0x00,0x00,
C51 COMPILER V9.60.0.0   FONT_DATE                                                         12/30/2025 15:11:15 PAGE 21  

1200                    0x00,0x00,0x00,0x00,0x00,0x00,0x00,0x00,0x00,0x00,0x00,0x00,0x00,0x00,0x00,0x00,
1201                    0x00,0x00,0x00,0x00,0x00,0x00,0x00,0x00,0x00,0x00,0x00,0x00,0x00,0x00,0x00,0x00,
1202                    0x00,0x00,0x00,0x00,0x00,0x0F,0xFF,0xFF,0xFF,0xFF,0xFF,0xFF,0x00,0x00,0x00,0x00,
1203                    0x00,0x00,0x00,0x00,0x00,0x00,0x00,0x00,0x00,0x00,0x00,0x00,0x00,0x00,0x00,0x00,  /* 46 */ 
1204            },
1205            {
1206              "三\xFD",0x00,0x00,0x00,0x00,0x00,0x00,0x00,0x00,0x00,0x00,0x00,0x00,0x00,0x00,0x00,0x00,
1207                    0x00,0x00,0x00,0xFF,0xFF,0xFF,0xFF,0xFF,0xF0,0x00,0x00,0x00,0x00,0x00,0x00,0x00,
1208                    0x00,0x00,0x00,0x00,0x00,0x00,0x00,0x00,0x00,0x00,0x00,0x00,0x00,0x00,0x00,0x00,
1209                    0x00,0x00,0x00,0x00,0x00,0x00,0x00,0x00,0x00,0x00,0x00,0x00,0x00,0x00,0x00,0x00,
1210                    0x00,0x00,0x00,0x00,0x00,0x00,0x00,0x00,0x00,0x0F,0xFF,0xFF,0xFF,0xFF,0x00,0x00,
1211                    0x00,0x00,0x00,0x00,0x00,0x00,0x00,0x00,0x00,0x00,0x00,0x00,0x00,0x00,0x00,0x00,
1212                    0x00,0x00,0x00,0x00,0x00,0x00,0x00,0x00,0x00,0x00,0x00,0x00,0x00,0x00,0x00,0x00,
1213                    0x00,0x00,0x00,0x00,0x00,0x00,0x00,0x00,0x00,0x00,0x00,0x00,0x00,0x00,0x0F,0xFF,
1214                    0xFF,0xFF,0xFF,0xFF,0xFF,0x00,0x00,0x00,0x00,0x00,0x00,0x00,0x00,0x00,0x00,0x00,  /* 47 */ 
1215            },
1216            {"差",0x00,0x00,0x00,0x00,0x00,0x00,0x00,0x00,0x00,0x00,0x00,0xF0,0x00,0x00,0xF0,0x00,
1217                  0x00,0x00,0x00,0x00,0x0F,0x00,0x0F,0x00,0x00,0x00,0x00,0x00,0xFF,0xFF,0xFF,0xFF,
1218                  0xFF,0xF0,0x00,0x00,0x00,0x00,0x00,0x0F,0x00,0x00,0x00,0x00,0x00,0x00,0x0F,0xFF,
1219                  0xFF,0xFF,0xFF,0x00,0x00,0x00,0x00,0x00,0x00,0xF0,0x00,0x00,0x00,0x00,0x00,0x0F,
1220                  0xFF,0xFF,0xFF,0xFF,0xFF,0xFF,0x00,0x00,0x00,0x00,0x0F,0x00,0x00,0x00,0x00,0x00,
1221                  0x00,0x00,0x00,0xF0,0x00,0x00,0x00,0x00,0x00,0x00,0x00,0x0F,0x0F,0xFF,0xFF,0xFF,
1222                  0x00,0x00,0x00,0x00,0xF0,0x00,0x00,0xF0,0x00,0x00,0x00,0x00,0x0F,0x00,0x00,0x00,
1223                  0xF0,0x00,0x00,0x00,0x00,0x00,0x00,0x00,0x00,0xF0,0x00,0x00,0x00,0x00,0x00,0x0F,
1224                  0xFF,0xFF,0xFF,0xFF,0xFF,0x00,0x00,0x00,0x00,0x00,0x00,0x00,0x00,0x00,0x00,0x00,
1225            },
1226            {
1227            "组", 0x00,0x00,0x00,0x00,0x00,0x00,0x00,0x00,0x00,0x00,0x0F,0x00,0x00,0x00,0x00,0x00,
1228                  0x00,0x00,0x00,0x0F,0x00,0x0F,0xFF,0xFF,0xF0,0x00,0x00,0x00,0xF0,0x0F,0x0F,0x00,
1229                  0x00,0xF0,0x00,0x00,0x00,0xF0,0x0F,0x0F,0x00,0x00,0xF0,0x00,0x00,0x0F,0xFF,0xF0,
1230                  0x0F,0x00,0x00,0xF0,0x00,0x00,0x00,0x00,0xF0,0x0F,0xFF,0xFF,0xF0,0x00,0x00,0x00,
1231                  0x0F,0x00,0x0F,0x00,0x00,0xF0,0x00,0x00,0x00,0xF0,0x00,0x0F,0x00,0x00,0xF0,0x00,
1232                  0x00,0x0F,0xFF,0xFF,0x0F,0x00,0x00,0xF0,0x00,0x00,0x00,0x00,0x00,0x0F,0xFF,0xFF,
1233                  0xF0,0x00,0x00,0x00,0x00,0x00,0x0F,0x00,0x00,0xF0,0x00,0x00,0x00,0x00,0xFF,0x0F,
1234                  0x00,0x00,0xF0,0x00,0x00,0x0F,0xFF,0x00,0x0F,0x00,0x00,0xF0,0x00,0x00,0x00,0x00,
1235                  0x00,0xFF,0xFF,0xFF,0xFF,0x00,0x00,0x00,0x00,0x00,0x00,0x00,0x00,0x00,0x00,0x00,
1236            },
1237            {
1238            "合", 0x00,0x00,0x00,0x00,0x00,0x00,0x00,0x00,0x00,0x00,0x00,0x00,0x0F,0x00,0x00,0x00,
1239                  0x00,0x00,0x00,0x00,0x00,0xF0,0xF0,0x00,0x00,0x00,0x00,0x00,0x00,0x0F,0x00,0x0F,
1240                  0x00,0x00,0x00,0x00,0x00,0x0F,0xF0,0x00,0x00,0xFF,0x00,0x00,0x00,0x0F,0xF0,0x00,
1241                  0x00,0x00,0x00,0xFF,0x00,0x00,0x00,0x00,0xFF,0xFF,0xFF,0xF0,0x00,0x00,0x00,0x00,
1242                  0x00,0x00,0x00,0x00,0x00,0x00,0x00,0x00,0x00,0x00,0x00,0x00,0x00,0x00,0x00,0x00,
1243                  0x00,0x00,0x0F,0xFF,0xFF,0xFF,0xFF,0x00,0x00,0x00,0x00,0x0F,0x00,0x00,0x00,0x0F,
1244                  0x00,0x00,0x00,0x00,0x0F,0x00,0x00,0x00,0x0F,0x00,0x00,0x00,0x00,0x0F,0x00,0x00,
1245                  0x00,0x0F,0x00,0x00,0x00,0x00,0x0F,0xFF,0xFF,0xFF,0xFF,0x00,0x00,0x00,0x00,0x0F,
1246                  0x00,0x00,0x00,0x0F,0x00,0x00,0x00,0x00,0x00,0x00,0x00,0x00,0x00,0x00,0x00,0x00,
1247            },
1248            {
1249            "等", 0x00,0x00,0x00,0x00,0x00,0x00,0x00,0x00,0x00,0x00,0x0F,0x00,0x00,0x0F,0x00,0x00,
1250                  0x00,0x00,0x00,0x0F,0xFF,0xF0,0x0F,0xFF,0xFF,0x00,0x00,0x00,0xF0,0xF0,0x00,0xF0,
1251                  0x0F,0x00,0x00,0x00,0x0F,0x00,0x0F,0x0F,0x00,0x00,0xF0,0x00,0x00,0x00,0x00,0x00,
1252                  0x0F,0x00,0x00,0x00,0x00,0x00,0x00,0x0F,0xFF,0xFF,0xFF,0xFF,0x00,0x00,0x00,0x00,
1253                  0x00,0x00,0x0F,0x00,0x00,0x00,0x00,0x00,0x0F,0xFF,0xFF,0xFF,0xFF,0xFF,0xFF,0x00,
1254                  0x00,0x00,0x00,0x00,0x00,0x0F,0x00,0x00,0x00,0x00,0x00,0xFF,0xFF,0xFF,0xFF,0xFF,
1255                  0xF0,0x00,0x00,0x00,0x00,0x00,0x00,0x0F,0x00,0x00,0x00,0x00,0x00,0x00,0xF0,0x00,
1256                  0x0F,0x00,0x00,0x00,0x00,0x00,0x00,0x0F,0x00,0x0F,0x00,0x00,0x00,0x00,0x00,0x00,
1257                  0x00,0x0F,0xFF,0x00,0x00,0x00,0x00,0x00,0x00,0x00,0x00,0x00,0x00,0x00,0x00,0x00,
1258            },
1259            {
1260            
1261              "滤",0x00,0x00,0x00,0x00,0x00,0x00,0x00,0x00,0x00,0x00,0x00,0x00,0x00,0x0F,0x00,0x00,
C51 COMPILER V9.60.0.0   FONT_DATE                                                         12/30/2025 15:11:15 PAGE 22  

1262                  0x00,0x00,0x00,0xF0,0x00,0x00,0x0F,0xFF,0xF0,0x00,0x00,0x00,0x0F,0x00,0x00,0x0F,
1263                  0x00,0x00,0x00,0x00,0x00,0x00,0xF0,0xFF,0xFF,0xFF,0xFF,0x00,0x00,0x00,0x00,0x00,
1264                  0xF0,0x0F,0x00,0x0F,0x00,0x00,0x0F,0x00,0x00,0xF0,0x0F,0xFF,0x00,0x00,0x00,0x00,
1265                  0xF0,0x00,0xFF,0xFF,0x00,0x0F,0x00,0x00,0x00,0x00,0xF0,0xF0,0x00,0xFF,0xFF,0x00,
1266                  0x00,0x00,0x00,0xF0,0xF0,0x00,0x00,0x00,0x00,0x00,0x00,0x0F,0x00,0xF0,0x0F,0x00,
1267                  0x00,0x00,0x00,0x00,0x0F,0x00,0xF0,0x00,0xF0,0xF0,0x00,0x00,0x00,0xF0,0x0F,0x0F,
1268                  0x0F,0x00,0x0F,0x00,0x00,0x00,0xF0,0x0F,0x0F,0x0F,0x0F,0x0F,0x00,0x00,0x00,0x00,
1269                  0xF0,0xF0,0x00,0xFF,0x00,0x00,0x00,0x00,0x00,0x00,0x00,0x00,0x00,0x00,0x00,0x00,
1270            },
1271            {
1272              "四",0x00,0x00,0x00,0x00,0x00,0x00,0x00,0x00,0x00,0x00,0x00,0x00,0x00,0x00,0x00,0x00,
1273                  0x00,0x00,0x00,0xFF,0xFF,0xFF,0xFF,0xFF,0xFF,0x00,0x00,0x00,0xF0,0x00,0xF0,0x0F,
1274                  0x00,0x0F,0x00,0x00,0x00,0xF0,0x00,0xF0,0x0F,0x00,0x0F,0x00,0x00,0x00,0xF0,0x00,
1275                  0xF0,0x0F,0x00,0x0F,0x00,0x00,0x00,0xF0,0x00,0xF0,0x0F,0x00,0x0F,0x00,0x00,0x00,
1276                  0xF0,0x00,0xF0,0x0F,0x00,0x0F,0x00,0x00,0x00,0xF0,0x00,0xF0,0x0F,0x00,0x0F,0x00,
1277                  0x00,0x00,0xF0,0x00,0xF0,0x0F,0x00,0x0F,0x00,0x00,0x00,0xF0,0x0F,0x00,0x00,0xFF,
1278                  0xFF,0x00,0x00,0x00,0xF0,0xF0,0x00,0x00,0x00,0x0F,0x00,0x00,0x00,0xF0,0x00,0x00,
1279                  0x00,0x00,0x0F,0x00,0x00,0x00,0xFF,0xFF,0xFF,0xFF,0xFF,0xFF,0x00,0x00,0x00,0xF0,
1280                  0x00,0x00,0x00,0x00,0x0F,0x00,0x00,0x00,0x00,0x00,0x00,0x00,0x00,0x00,0x00,0x00,  /* 48 */ 
1281            },
1282            {
1283              "拒",0x00,0x00,0x00,0x00,0x00,0x00,0x00,0x00,0x00,0x00,0x0F,0x00,0x00,0x00,0x00,0x00,
1284                  0x00,0x00,0x00,0x0F,0x00,0x0F,0xFF,0xFF,0xFF,0x00,0x00,0x00,0x0F,0x00,0x0F,0x00,
1285                  0x00,0x00,0x00,0x00,0x0F,0xFF,0xFF,0x0F,0x00,0x00,0x00,0x00,0x00,0x00,0x0F,0x00,
1286                  0x0F,0x00,0x00,0x00,0x00,0x00,0x00,0x0F,0x00,0x0F,0xFF,0xFF,0xF0,0x00,0x00,0x00,
1287                  0x0F,0x0F,0x0F,0x00,0x00,0xF0,0x00,0x00,0x00,0x0F,0xF0,0x0F,0x00,0x00,0xF0,0x00,
1288                  0x00,0x0F,0xFF,0x00,0x0F,0x00,0x00,0xF0,0x00,0x00,0x00,0x0F,0x00,0x0F,0xFF,0xFF,
1289                  0xF0,0x00,0x00,0x00,0x0F,0x00,0x0F,0x00,0x00,0x00,0x00,0x00,0x00,0x0F,0x00,0x0F,
1290                  0x00,0x00,0x00,0x00,0x00,0x00,0x0F,0x00,0x0F,0x00,0x00,0x00,0x00,0x00,0x0F,0xFF,
1291                  0x00,0x0F,0xFF,0xFF,0xFF,0x00,0x00,0x00,0x00,0x00,0x00,0x00,0x00,0x00,0x00,0x00,  /* 49 */ 
1292            },
1293            {
1294              "除\xFD",0x00,0x00,0x00,0x00,0x00,0x00,0x00,0x00,0x00,0x00,0x00,0x00,0x00,0x0F,0x00,0x00,
1295                  0x00,0x00,0x0F,0xFF,0xF0,0x00,0x0F,0x00,0x00,0x00,0x00,0x0F,0x00,0xF0,0x00,0xF0,
1296                  0xF0,0x00,0x00,0x00,0x0F,0x00,0xF0,0x0F,0x00,0x0F,0x00,0x00,0x00,0x0F,0x0F,0x00,
1297                  0xF0,0x00,0x00,0xF0,0x00,0x00,0x0F,0x0F,0x0F,0x0F,0xFF,0xFF,0x0F,0x00,0x00,0x0F,
1298                  0x00,0xF0,0x00,0x0F,0x00,0x00,0x00,0x00,0x0F,0x00,0xF0,0x00,0x0F,0x00,0x00,0x00,
1299                  0x00,0x0F,0x00,0xF0,0xFF,0xFF,0xFF,0xF0,0x00,0x00,0x0F,0x00,0xF0,0x00,0x0F,0x00,
1300                  0x00,0x00,0x00,0x0F,0xFF,0x00,0xF0,0x0F,0x00,0xF0,0x00,0x00,0x0F,0x00,0x00,0xF0,
1301                  0x0F,0x00,0x0F,0x00,0x00,0x0F,0x00,0x0F,0x00,0x0F,0x00,0x0F,0x00,0x00,0x0F,0x00,
1302                  0x00,0x0F,0xFF,0x00,0x00,0x00,0x00,0x00,0x00,0x00,0x00,0x00,0x00,0x00,0x00,0x00,  /* 50 */ 
1303            },
1304            {
1305              "运",0x00,0x00,0x00,0x00,0x00,0x00,0x00,0x00,0x00,0x00,0x00,0x00,0x00,0x00,0x00,0x00,
1306                  0x00,0x00,0x00,0xF0,0x00,0xFF,0xFF,0xFF,0x00,0x00,0x00,0x00,0x0F,0x00,0x00,0x00,
1307                  0x00,0x00,0x00,0x00,0x00,0x0F,0x00,0x00,0x00,0x00,0x00,0x00,0x00,0x00,0x00,0x00,
1308                  0x00,0x00,0x00,0x00,0x00,0x00,0x00,0x00,0x0F,0xFF,0xFF,0xFF,0xFF,0x00,0x00,0x0F,
1309                  0xFF,0x00,0x00,0xF0,0x00,0x00,0x00,0x00,0x00,0x0F,0x00,0x00,0xF0,0x00,0x00,0x00,
1310                  0x00,0x00,0x0F,0x00,0x0F,0x00,0xF0,0x00,0x00,0x00,0x00,0x0F,0x00,0xF0,0x00,0x0F,
1311                  0x00,0x00,0x00,0x00,0x0F,0x0F,0xFF,0xFF,0xFF,0xF0,0x00,0x00,0x00,0x0F,0x00,0x00,
1312                  0x00,0x00,0xF0,0x00,0x00,0x00,0xF0,0xF0,0x00,0x00,0x00,0x00,0x00,0x00,0x0F,0x00,
1313                  0x0F,0xFF,0xFF,0xFF,0xFF,0x00,0x00,0x00,0x00,0x00,0x00,0x00,0x00,0x00,0x00,0x00,  /* 51 */ 
1314            },
1315            {
1316              "路",0x00,0x00,0x00,0x00,0x00,0x00,0x00,0x00,0x00,0x00,0x00,0x00,0x00,0x0F,0x00,0x00,
1317                  0x00,0x00,0x00,0xFF,0xFF,0x00,0x0F,0x00,0x00,0x00,0x00,0x00,0xF0,0x0F,0x00,0x0F,
1318                  0xFF,0xF0,0x00,0x00,0x00,0xF0,0x0F,0x00,0xF0,0x00,0xF0,0x00,0x00,0x00,0xF0,0x0F,
1319                  0x0F,0x0F,0x0F,0x00,0x00,0x00,0x00,0xFF,0xFF,0x00,0x00,0xF0,0x00,0x00,0x00,0x00,
1320                  0x00,0xF0,0x00,0x0F,0x0F,0x00,0x00,0x00,0x00,0xF0,0xF0,0x0F,0xF0,0x00,0xFF,0x00,
1321                  0x00,0x00,0xF0,0xFF,0xF0,0x00,0x00,0x00,0x00,0x00,0x00,0xF0,0xF0,0x00,0xFF,0xFF,
1322                  0xF0,0x00,0x00,0x00,0xF0,0xF0,0x00,0xF0,0x00,0xF0,0x00,0x00,0x00,0xF0,0xFF,0xF0,
1323                  0xF0,0x00,0xF0,0x00,0x00,0x0F,0xFF,0x00,0x00,0xFF,0xFF,0xF0,0x00,0x00,0x00,0x00,
C51 COMPILER V9.60.0.0   FONT_DATE                                                         12/30/2025 15:11:15 PAGE 23  

1324                  0x00,0x00,0xF0,0x00,0xF0,0x00,0x00,0x00,0x00,0x00,0x00,0x00,0x00,0x00,0x00,0x00,  /* 52 */ 
1325            },
1326            {
1327              "月",0x00,0x00,0x00,0x00,0x00,0x00,0x00,0x00,0x00,0x00,0x00,0xFF,0xFF,0xFF,0xFF,0xF0,
1328                  0x00,0x00,0x00,0x00,0xF0,0x00,0x00,0x00,0xF0,0x00,0x00,0x00,0x00,0xF0,0x00,0x00,
1329                  0x00,0xF0,0x00,0x00,0x00,0x00,0xF0,0x00,0x00,0x00,0xF0,0x00,0x00,0x00,0x00,0xFF,
1330                  0xFF,0xFF,0xFF,0xF0,0x00,0x00,0x00,0x00,0xF0,0x00,0x00,0x00,0xF0,0x00,0x00,0x00,
1331                  0x00,0xF0,0x00,0x00,0x00,0xF0,0x00,0x00,0x00,0x00,0xF0,0x00,0x00,0x00,0xF0,0x00,
1332                  0x00,0x00,0x00,0xFF,0xFF,0xFF,0xFF,0xF0,0x00,0x00,0x00,0x00,0xF0,0x00,0x00,0x00,
1333                  0xF0,0x00,0x00,0x00,0x00,0xF0,0x00,0x00,0x00,0xF0,0x00,0x00,0x00,0x0F,0x00,0x00,
1334                  0x00,0x00,0xF0,0x00,0x00,0x00,0x0F,0x00,0x00,0x00,0x00,0xF0,0x00,0x00,0x00,0xF0,
1335                  0x00,0x00,0x00,0xFF,0xF0,0x00,0x00,0x00,0x00,0x00,0x00,0x00,0x00,0x00,0x00,0x00,  /* 53 */ 
1336            },
1337            {
1338              "次",0x00,0x00,0x00,0x00,0x00,0x00,0x00,0x00,0x00,0x00,0x00,0x00,0x0F,0x00,0x00,0x00,
1339                  0x00,0x00,0x00,0xF0,0x00,0x0F,0x00,0x00,0x00,0x00,0x00,0x00,0x0F,0x00,0x0F,0x00,
1340                  0x00,0x00,0x00,0x00,0x00,0x0F,0x00,0x0F,0xFF,0xFF,0xFF,0x00,0x00,0x00,0x00,0x00,
1341                  0xF0,0x00,0x00,0x0F,0x00,0x00,0x00,0x00,0x00,0xF0,0x00,0x00,0xF0,0x00,0x00,0x00,
1342                  0x00,0x0F,0x00,0x0F,0x00,0x00,0x00,0x00,0x00,0x0F,0x00,0x00,0x0F,0x00,0x00,0x00,
1343                  0x00,0x00,0x0F,0x00,0x00,0x0F,0x00,0x00,0x00,0x00,0x00,0xF0,0x00,0x00,0xF0,0xF0,
1344                  0x00,0x00,0x00,0x00,0xF0,0x00,0x00,0xF0,0xF0,0x00,0x00,0x00,0x0F,0x00,0x00,0x0F,
1345                  0x00,0x0F,0x00,0x00,0x00,0x0F,0x00,0x00,0xF0,0x00,0x00,0xF0,0x00,0x00,0x00,0x00,
1346                  0x0F,0x00,0x00,0x00,0x0F,0x00,0x00,0x00,0x00,0x00,0x00,0x00,0x00,0x00,0x00,0x00,  /* 54 */ 
1347            },
1348            {
1349              "存",0x00,0x00,0x00,0x00,0x00,0x00,0x00,0x00,0x00,0x00,0x00,0x00,0xF0,0x00,0x00,0x00,
1350                  0x00,0x00,0x00,0x00,0x00,0xF0,0x00,0x00,0x00,0x00,0x00,0x0F,0xFF,0xFF,0xFF,0xFF,
1351                  0xFF,0xFF,0x00,0x00,0x00,0x00,0x0F,0x00,0x00,0x00,0x00,0x00,0x00,0x00,0x00,0xF0,
1352                  0x00,0x00,0x00,0x00,0x00,0x00,0x00,0x00,0xF0,0x0F,0xFF,0xFF,0xF0,0x00,0x00,0x00,
1353                  0x0F,0xF0,0x00,0x00,0x0F,0x00,0x00,0x00,0x00,0xF0,0xF0,0x00,0x00,0xF0,0x00,0x00,
1354                  0x00,0x0F,0x00,0xF0,0x00,0x00,0xF0,0x00,0x00,0x00,0x00,0x00,0xF0,0xFF,0xFF,0xFF,
1355                  0xFF,0x00,0x00,0x00,0x00,0xF0,0x00,0x00,0xF0,0x00,0x00,0x00,0x00,0x00,0xF0,0x00,
1356                  0x00,0xF0,0x00,0x00,0x00,0x00,0x00,0xF0,0x00,0x00,0xF0,0x00,0x00,0x00,0x00,0x00,
1357                  0xF0,0x00,0xFF,0xF0,0x00,0x00,0x00,0x00,0x00,0x00,0x00,0x00,0x00,0x00,0x00,0x00,  /* 55 */ 
1358            },
1359            {
1360              "出",0x00,0x00,0x00,0x00,0x00,0x00,0x00,0x00,0x00,0x00,0x00,0x00,0x0F,0x00,0x00,0x00,
1361                  0x00,0x00,0x00,0xF0,0x00,0x0F,0x00,0x00,0xF0,0x00,0x00,0x00,0xF0,0x00,0x0F,0x00,
1362                  0x00,0xF0,0x00,0x00,0x00,0xF0,0x00,0x0F,0x00,0x00,0xF0,0x00,0x00,0x00,0xF0,0x00,
1363                  0x0F,0x00,0x00,0xF0,0x00,0x00,0x00,0xFF,0xFF,0xFF,0xFF,0xFF,0xF0,0x00,0x00,0x00,
1364                  0x00,0x00,0x0F,0x00,0x00,0x00,0x00,0x00,0x00,0x00,0x00,0x0F,0x00,0x00,0x00,0x00,
1365                  0x00,0x0F,0x00,0x00,0x0F,0x00,0x00,0x0F,0x00,0x00,0x0F,0x00,0x00,0x0F,0x00,0x00,
1366                  0x0F,0x00,0x00,0x0F,0x00,0x00,0x0F,0x00,0x00,0x0F,0x00,0x00,0x0F,0x00,0x00,0x0F,
1367                  0x00,0x00,0x0F,0x00,0x00,0x0F,0xFF,0xFF,0xFF,0xFF,0xFF,0xFF,0x00,0x00,0x00,0x00,
1368                  0x00,0x00,0x00,0x00,0x0F,0x00,0x00,0x00,0x00,0x00,0x00,0x00,0x00,0x00,0x00,0x00,  /* 56 */ 
1369            },
1370            {
1371              "压",0x00,0x00,0x00,0x00,0x00,0x00,0x00,0x00,0x00,0x00,0x00,0x00,0x00,0x00,0x00,0x00,
1372                  0x00,0x00,0x00,0x0F,0xFF,0xFF,0xFF,0xFF,0xFF,0x00,0x00,0x00,0x0F,0x00,0x00,0x00,
1373                  0x00,0x00,0x00,0x00,0x00,0x0F,0x00,0x00,0xF0,0x00,0x00,0x00,0x00,0x00,0x0F,0x00,
1374                  0x00,0xF0,0x00,0x00,0x00,0x00,0x00,0x0F,0x00,0x00,0xF0,0x00,0x00,0x00,0x00,0x00,
1375                  0x0F,0x0F,0xFF,0xFF,0xFF,0xF0,0x00,0x00,0x00,0x0F,0x00,0x00,0xF0,0x00,0x00,0x00,
1376                  0x00,0x00,0x0F,0x00,0x00,0xF0,0x00,0x00,0x00,0x00,0x00,0x0F,0x00,0x00,0xF0,0x0F,
1377                  0x00,0x00,0x00,0x00,0x0F,0x00,0x00,0xF0,0x00,0xF0,0x00,0x00,0x00,0xF0,0x00,0x00,
1378                  0xF0,0x00,0xF0,0x00,0x00,0x00,0xF0,0x00,0x00,0xF0,0x00,0x00,0x00,0x00,0x0F,0x00,
1379                  0xFF,0xFF,0xFF,0xFF,0xFF,0x00,0x00,0x00,0x00,0x00,0x00,0x00,0x00,0x00,0x00,0x00,  /* 57 */ 
1380            },
1381            {
1382              "上",0x00,0x00,0x00,0x00,0x00,0x00,0x00,0x00,0x00,0x00,0x00,0x00,0x0F,0x00,0x00,0x00,
1383                  0x00,0x00,0x00,0x00,0x00,0x0F,0x00,0x00,0x00,0x00,0x00,0x00,0x00,0x00,0x0F,0x00,
1384                  0x00,0x00,0x00,0x00,0x00,0x00,0x00,0x0F,0x00,0x00,0x00,0x00,0x00,0x00,0x00,0x00,
1385                  0x0F,0x00,0x00,0x00,0x00,0x00,0x00,0x00,0x00,0x0F,0xFF,0xFF,0xF0,0x00,0x00,0x00,
C51 COMPILER V9.60.0.0   FONT_DATE                                                         12/30/2025 15:11:15 PAGE 24  

1386                  0x00,0x00,0x0F,0x00,0x00,0x00,0x00,0x00,0x00,0x00,0x00,0x0F,0x00,0x00,0x00,0x00,
1387                  0x00,0x00,0x00,0x00,0x0F,0x00,0x00,0x00,0x00,0x00,0x00,0x00,0x00,0x0F,0x00,0x00,
1388                  0x00,0x00,0x00,0x00,0x00,0x00,0x0F,0x00,0x00,0x00,0x00,0x00,0x00,0x00,0x00,0x0F,
1389                  0x00,0x00,0x00,0x00,0x00,0x00,0x00,0x00,0x0F,0x00,0x00,0x00,0x00,0x00,0x0F,0xFF,
1390                  0xFF,0xFF,0xFF,0xFF,0xFF,0x00,0x00,0x00,0x00,0x00,0x00,0x00,0x00,0x00,0x00,0x00,  /* 58 */ 
1391            },
1392          //  {
1393          //    "限",0x00,0x00,0x00,0x00,0x00,0x00,0x00,0x00,0x00,0x00,0x00,0x00,0x00,0x00,0x00,0x00,
1394          //        0x00,0x00,0x00,0xFF,0xFF,0x0F,0xFF,0xFF,0xF0,0x00,0x00,0x00,0xF0,0x0F,0x0F,0x00,
1395          //        0x00,0xF0,0x00,0x00,0x00,0xF0,0x0F,0x0F,0x00,0x00,0xF0,0x00,0x00,0x00,0xF0,0xF0,
1396          //        0x0F,0xFF,0xFF,0xF0,0x00,0x00,0x00,0xF0,0xF0,0x0F,0x00,0x00,0xF0,0x00,0x00,0x00,
1397          //        0xF0,0x0F,0x0F,0x00,0x00,0xF0,0x00,0x00,0x00,0xF0,0x0F,0x0F,0xFF,0xFF,0xF0,0x00,
1398          //        0x00,0x00,0xF0,0x0F,0x0F,0x00,0xF0,0x0F,0x00,0x00,0x00,0xF0,0x0F,0x0F,0x00,0xF0,
1399          //        0xF0,0x00,0x00,0x00,0xFF,0xF0,0x0F,0x00,0x0F,0x00,0x00,0x00,0x00,0xF0,0x00,0x0F,
1400          //        0x0F,0x0F,0x00,0x00,0x00,0x00,0xF0,0x00,0x0F,0xF0,0x00,0xF0,0x00,0x00,0x00,0xF0,
1401          //        0x00,0x0F,0x00,0x00,0x0F,0x00,0x00,0x00,0x00,0x00,0x00,0x00,0x00,0x00,0x00,0x00,  /* 59 */ 
1402          //  },
1403          //  
1404          //  {
1405          //    "箭\xFD",0x00,0x00,0x00,0x00,0x00,0x00,0x00,0x00,0x00,0x00,0x00,0x00,0x00,0x00,0x00,0x00,
1406          //        0x00,0x00,0x00,0x00,0x00,0x00,0xFF,0x00,0x00,0x00,0x00,0x00,0x00,0x00,0x0F,0xFF,
1407          //        0xF0,0x00,0x00,0x00,0x00,0x00,0x00,0xFF,0xFF,0xFF,0x00,0x00,0x00,0x00,0x00,0x0F,
1408          //        0xF0,0xFF,0x0F,0xF0,0x00,0x00,0x00,0x00,0xFF,0x00,0xFF,0x00,0xFF,0x00,0x00,0x00,
1409          //        0x00,0xF0,0x00,0xFF,0x00,0x0F,0x00,0x00,0x00,0x00,0x00,0x00,0xFF,0x00,0x00,0x00,
1410          //        0x00,0x00,0x00,0x00,0x00,0xFF,0x00,0x00,0x00,0x00,0x00,0x00,0x00,0x00,0xFF,0x00,
1411          //        0x00,0x00,0x00,0x00,0x00,0x00,0x00,0xFF,0x00,0x00,0x00,0x00,0x00,0x00,0x00,0x00,
1412          //        0xFF,0x00,0x00,0x00,0x00,0x00,0x00,0x00,0x00,0xFF,0x00,0x00,0x00,0x00,0x00,0x00,
1413          //        0x00,0x00,0x00,0x00,0x00,0x00,0x00,0x00,0x00,0x00,0x00,0x00,0x00,0x00,0x00,0x00,  /* 0 */ 
1414          //  },
1415          //  {
1416          //    "方",0x00,0x00,0x00,0x00,0x00,0x00,0x00,0x00,0x00,0x00,0x00,0x00,0xF0,0x00,0x00,0x00,
1417          //        0x00,0x00,0x00,0x00,0x00,0x0F,0x00,0x00,0x00,0x00,0x00,0x0F,0xFF,0xFF,0xFF,0xFF,
1418          //        0xFF,0xFF,0x00,0x00,0x00,0x00,0x0F,0x00,0x00,0x00,0x00,0x00,0x00,0x00,0x00,0x0F,
1419          //        0x00,0x00,0x00,0x00,0x00,0x00,0x00,0x00,0x0F,0x00,0x00,0x00,0x00,0x00,0x00,0x00,
1420          //        0x00,0x0F,0xFF,0xFF,0xFF,0x00,0x00,0x00,0x00,0x00,0x0F,0x00,0x00,0x0F,0x00,0x00,
1421          //        0x00,0x00,0x00,0x0F,0x00,0x00,0x0F,0x00,0x00,0x00,0x00,0x00,0xF0,0x00,0x00,0x0F,
1422          //        0x00,0x00,0x00,0x00,0x00,0xF0,0x00,0x00,0x0F,0x00,0x00,0x00,0x00,0x0F,0x00,0x00,
1423          //        0x00,0x0F,0x00,0x00,0x00,0x00,0xF0,0x00,0x00,0x00,0x0F,0x00,0x00,0x00,0x0F,0x00,
1424          //        0x00,0x00,0x0F,0xF0,0x00,0x00,0x00,0x00,0x00,0x00,0x00,0x00,0x00,0x00,0x00,0x00,  /* 60 */ 
1425          //  },
1426          //  {
1427          //    "案",0x00,0x00,0x00,0x00,0x00,0x00,0x00,0x00,0x00,0x00,0x00,0x00,0x0F,0x00,0x00,0x00,
1428          //        0x00,0x00,0x00,0xFF,0xFF,0xFF,0xFF,0xFF,0xF0,0x00,0x00,0x00,0xF0,0x00,0xF0,0x00,
1429          //        0x00,0xF0,0x00,0x00,0x00,0x00,0x00,0xF0,0x00,0x00,0x00,0x00,0x00,0x0F,0xFF,0xFF,
1430          //        0xFF,0xFF,0xFF,0xFF,0x00,0x00,0x00,0x00,0xFF,0x00,0x0F,0x00,0x00,0x00,0x00,0x00,
1431          //        0x00,0x00,0xFF,0xF0,0x00,0x00,0x00,0x00,0x00,0xFF,0xFF,0x00,0x0F,0xFF,0x00,0x00,
1432          //        0x00,0x00,0x00,0x00,0x0F,0x00,0x00,0x00,0x00,0x00,0x0F,0xFF,0xFF,0xFF,0xFF,0xFF,
1433          //        0xFF,0x00,0x00,0x00,0x00,0x0F,0x0F,0x0F,0x00,0x00,0x00,0x00,0x00,0x0F,0xF0,0x0F,
1434          //        0x00,0xFF,0x00,0x00,0x00,0x0F,0xF0,0x00,0x0F,0x00,0x00,0xFF,0x00,0x00,0x00,0x00,
1435          //        0x00,0x0F,0x00,0x00,0x00,0x00,0x00,0x00,0x00,0x00,0x00,0x00,0x00,0x00,0x00,0x00,  /* 61 */ 
1436          //  },
1437          //  {
1438          //    "下",0x00,0x00,0x00,0x00,0x00,0x00,0x00,0x00,0x00,0x00,0x00,0x00,0x00,0x00,0x00,0x00,
1439          //        0x00,0x00,0x0F,0xFF,0xFF,0xFF,0xFF,0xFF,0xFF,0x00,0x00,0x00,0x00,0x00,0xF0,0x00,
1440          //        0x00,0x00,0x00,0x00,0x00,0x00,0x00,0xF0,0x00,0x00,0x00,0x00,0x00,0x00,0x00,0x00,
1441          //        0xF0,0x00,0x00,0x00,0x00,0x00,0x00,0x00,0x00,0xF0,0x0F,0x00,0x00,0x00,0x00,0x00,
1442          //        0x00,0x00,0xF0,0x00,0xF0,0x00,0x00,0x00,0x00,0x00,0x00,0xF0,0x00,0x0F,0x00,0x00,
1443          //        0x00,0x00,0x00,0x00,0xF0,0x00,0x0F,0x00,0x00,0x00,0x00,0x00,0x00,0xF0,0x00,0x00,
1444          //        0x00,0x00,0x00,0x00,0x00,0x00,0xF0,0x00,0x00,0x00,0x00,0x00,0x00,0x00,0x00,0xF0,
1445          //        0x00,0x00,0x00,0x00,0x00,0x00,0x00,0x00,0xF0,0x00,0x00,0x00,0x00,0x00,0x00,0x00,
1446          //        0x00,0xF0,0x00,0x00,0x00,0x00,0x00,0x00,0x00,0x00,0x00,0x00,0x00,0x00,0x00,0x00,  /* 62 */ 
1447          //  },
C51 COMPILER V9.60.0.0   FONT_DATE                                                         12/30/2025 15:11:15 PAGE 25  

1448          //  {
1449          //    "延",0x00,0x00,0x00,0x00,0x00,0x00,0x00,0x00,0x00,0x00,0x00,0x00,0x00,0x00,0x00,0x00,
1450          //        0x00,0x00,0x00,0x00,0x00,0x00,0x00,0xFF,0xF0,0x00,0x00,0x0F,0xFF,0xF0,0x0F,0xFF,
1451          //        0xF0,0x00,0x00,0x00,0x00,0x00,0xF0,0x00,0x00,0xF0,0x00,0x00,0x00,0x00,0x0F,0x00,
1452          //        0x00,0x00,0xF0,0x00,0x00,0x00,0x00,0x0F,0x00,0x0F,0x00,0xFF,0xF0,0x00,0x00,0x00,
1453          //        0xF0,0x00,0x0F,0x00,0xF0,0x00,0x00,0x00,0x00,0xFF,0xF0,0x0F,0x00,0xF0,0x00,0x00,
1454          //        0x00,0x00,0x00,0xF0,0x0F,0x00,0xF0,0x00,0x00,0x00,0x00,0xF0,0xF0,0x0F,0x00,0xF0,
1455          //        0x00,0x00,0x00,0x00,0x0F,0x00,0x0F,0xFF,0xFF,0xF0,0x00,0x00,0x00,0x0F,0x00,0x00,
1456          //        0x00,0x00,0x00,0x00,0x00,0x00,0xF0,0xF0,0x00,0x00,0x00,0x00,0x00,0x00,0x0F,0x00,
1457          //        0x0F,0xFF,0xFF,0xFF,0xFF,0x00,0x00,0x00,0x00,0x00,0x00,0x00,0x00,0x00,0x00,0x00,  /* 63 */ 
1458          //  },
1459          //  {
1460          //    "连",0x00,0x00,0x00,0x00,0x00,0x00,0x00,0x00,0x00,0x00,0x00,0x00,0x00,0xF0,0x00,0x00,
1461          //        0x00,0x00,0x00,0xF0,0x00,0x00,0xF0,0x00,0x00,0x00,0x00,0x00,0x0F,0x0F,0xFF,0xFF,
1462          //        0xFF,0xF0,0x00,0x00,0x00,0x0F,0x00,0x0F,0x00,0x00,0x00,0x00,0x00,0x00,0x00,0x00,
1463          //        0xF0,0x0F,0x00,0x00,0x00,0x00,0x00,0x00,0x00,0xF0,0x0F,0x00,0x00,0x00,0x00,0x0F,
1464          //        0xFF,0x0F,0xFF,0xFF,0xFF,0xF0,0x00,0x00,0x00,0x0F,0x00,0x00,0x0F,0x00,0x00,0x00,
1465          //        0x00,0x00,0x0F,0x00,0x00,0x0F,0x00,0x00,0x00,0x00,0x00,0x0F,0x0F,0xFF,0xFF,0xFF,
1466          //        0xFF,0x00,0x00,0x00,0x0F,0x00,0x00,0x0F,0x00,0x00,0x00,0x00,0x00,0x0F,0x00,0x00,
1467          //        0x0F,0x00,0x00,0x00,0x00,0x00,0xF0,0xF0,0x00,0x0F,0x00,0x00,0x00,0x00,0x0F,0x00,
1468          //        0x0F,0xFF,0xFF,0xFF,0xFF,0x00,0x00,0x00,0x00,0x00,0x00,0x00,0x00,0x00,0x00,0x00,  /* 64 */ 
1469          //  },
1470          //  {
1471          //    "隔",0x00,0x00,0x00,0x00,0x00,0x00,0x00,0x00,0x00,0x00,0x00,0x00,0x00,0x00,0x00,0x00,
1472          //        0x00,0x00,0x00,0xFF,0xFF,0x0F,0xFF,0xFF,0xFF,0x00,0x00,0x00,0xF0,0x0F,0x00,0x00,
1473          //        0x00,0x00,0x00,0x00,0x00,0xF0,0x0F,0x00,0xFF,0xFF,0xF0,0x00,0x00,0x00,0xF0,0xF0,
1474          //        0x00,0xF0,0x00,0xF0,0x00,0x00,0x00,0xF0,0xF0,0x00,0xFF,0xFF,0xF0,0x00,0x00,0x00,
1475          //        0xF0,0x0F,0x00,0x00,0x00,0x00,0x00,0x00,0x00,0xF0,0x0F,0x0F,0xFF,0xFF,0xFF,0x00,
1476          //        0x00,0x00,0xF0,0x0F,0x0F,0x0F,0x0F,0x0F,0x00,0x00,0x00,0xF0,0x0F,0x0F,0x00,0xF0,
1477          //        0x0F,0x00,0x00,0x00,0xFF,0xF0,0x0F,0xFF,0xFF,0xFF,0x00,0x00,0x00,0xF0,0x00,0x0F,
1478          //        0x00,0xF0,0x0F,0x00,0x00,0x00,0xF0,0x00,0x0F,0x00,0xF0,0x0F,0x00,0x00,0x00,0xF0,
1479          //        0x00,0x0F,0x00,0x00,0xFF,0x00,0x00,0x00,0x00,0x00,0x00,0x00,0x00,0x00,0x00,0x00,  /* 65 */ 
1480          //  },
1481          
1482          //  {
1483          //    "欠",0x00,0x00,0x00,0x00,0x00,0x00,0x00,0x00,0x00,0x00,0x00,0xF0,0x00,0x00,0x00,0x00,
1484          //        0x00,0x00,0x00,0x00,0xF0,0x00,0x00,0x00,0x00,0x00,0x00,0x00,0x00,0xF0,0x00,0x00,
1485          //        0x00,0x00,0x00,0x00,0x00,0x0F,0xFF,0xFF,0xFF,0xFF,0xF0,0x00,0x00,0x00,0x0F,0x00,
1486          //        0x00,0x00,0x00,0xF0,0x00,0x00,0x00,0xF0,0x00,0x0F,0x00,0x0F,0x00,0x00,0x00,0x0F,
1487          //        0x00,0x00,0x0F,0x00,0xF0,0x00,0x00,0x00,0x00,0x00,0x00,0x0F,0x00,0x00,0x00,0x00,
1488          //        0x00,0x00,0x00,0x00,0xF0,0xF0,0x00,0x00,0x00,0x00,0x00,0x00,0x00,0xF0,0xF0,0x00,
1489          //        0x00,0x00,0x00,0x00,0x00,0x0F,0x00,0x0F,0x00,0x00,0x00,0x00,0x00,0x00,0xF0,0x00,
1490          //        0x00,0xF0,0x00,0x00,0x00,0x00,0x0F,0x00,0x00,0x00,0x0F,0x00,0x00,0x00,0x0F,0xF0,
1491          //        0x00,0x00,0x00,0x00,0xFF,0x00,0x00,0x00,0x00,0x00,0x00,0x00,0x00,0x00,0x00,0x00,  /* 67 */ 
1492          //  },
1493          //  {
1494          //    "地",0x00,0x00,0x00,0x00,0x00,0x00,0x00,0x00,0x00,0x00,0x0F,0x00,0x00,0x0F,0x00,0x00,
1495          //        0x00,0x00,0x00,0x0F,0x00,0x00,0x0F,0x00,0x00,0x00,0x00,0x00,0x0F,0x00,0xF0,0x0F,
1496          //        0x00,0xF0,0x00,0x00,0x00,0x0F,0x00,0xF0,0x0F,0x0F,0xF0,0x00,0x00,0x0F,0xFF,0xF0,
1497          //        0xF0,0xFF,0xF0,0xF0,0x00,0x00,0x00,0x0F,0x0F,0xFF,0x0F,0x00,0xF0,0x00,0x00,0x00,
1498          //        0x0F,0x00,0xF0,0x0F,0x00,0xF0,0x00,0x00,0x00,0x0F,0x00,0xF0,0x0F,0x00,0xF0,0x00,
1499          //        0x00,0x00,0x0F,0x00,0xF0,0x0F,0x00,0xF0,0x00,0x00,0x00,0x0F,0x00,0xF0,0x0F,0x0F,
1500          //        0xF0,0x00,0x00,0x00,0x0F,0xF0,0xF0,0x0F,0x00,0x00,0x00,0x00,0x0F,0xF0,0x00,0xF0,
1501          //        0x00,0x00,0x0F,0x00,0x00,0x00,0x00,0x00,0xF0,0x00,0x00,0x0F,0x00,0x00,0x00,0x00,
1502          //        0x00,0x0F,0xFF,0xFF,0xFF,0x00,0x00,0x00,0x00,0x00,0x00,0x00,0x00,0x00,0x00,0x00,  /* 68 */ 
1503          //  },
1504          //  {
1505          //    "址",0x00,0x00,0x00,0x00,0x00,0x00,0x00,0x00,0x00,0x00,0x0F,0x00,0x00,0x00,0xF0,0x00,
1506          //        0x00,0x00,0x00,0x0F,0x00,0x00,0x00,0xF0,0x00,0x00,0x00,0x00,0x0F,0x00,0x00,0x00,
1507          //        0xF0,0x00,0x00,0x00,0x00,0x0F,0x00,0x00,0x00,0xF0,0x00,0x00,0x00,0x0F,0xFF,0xFF,
1508          //        0x0F,0x00,0xF0,0x00,0x00,0x00,0x00,0x0F,0x00,0x0F,0x00,0xFF,0xFF,0x00,0x00,0x00,
1509          //        0x0F,0x00,0x0F,0x00,0xF0,0x00,0x00,0x00,0x00,0x0F,0x00,0x0F,0x00,0xF0,0x00,0x00,
C51 COMPILER V9.60.0.0   FONT_DATE                                                         12/30/2025 15:11:15 PAGE 26  

1510          //        0x00,0x00,0x0F,0x00,0x0F,0x00,0xF0,0x00,0x00,0x00,0x00,0x0F,0x00,0x0F,0x00,0xF0,
1511          //        0x00,0x00,0x00,0x00,0x0F,0xFF,0x0F,0x00,0xF0,0x00,0x00,0x00,0x0F,0xFF,0x00,0x0F,
1512          //        0x00,0xF0,0x00,0x00,0x00,0x00,0x00,0x00,0x0F,0x00,0xF0,0x00,0x00,0x00,0x00,0x00,
1513          //        0x0F,0xFF,0xFF,0xFF,0xFF,0x00,0x00,0x00,0x00,0x00,0x00,0x00,0x00,0x00,0x00,0x00,  /* 69 */ 
1514          //  },
1515          //  {
1516          //    "波",0x00,0x00,0x00,0x00,0x00,0x00,0x00,0x00,0x00,0x00,0x00,0x00,0x00,0x00,0xF0,0x00,
1517          //        0x00,0x00,0x00,0xF0,0x00,0x00,0x00,0xF0,0x00,0x00,0x00,0x00,0x0F,0x00,0xFF,0xFF,
1518          //        0xFF,0xFF,0x00,0x00,0x00,0x00,0xF0,0xF0,0x00,0xF0,0x0F,0x00,0x00,0x00,0x00,0x00,
1519          //        0xF0,0x00,0xF0,0x0F,0x00,0x00,0x0F,0x00,0x00,0xF0,0x00,0xF0,0x00,0x00,0x00,0x00,
1520          //        0xF0,0x00,0xFF,0xFF,0xFF,0xF0,0x00,0x00,0x00,0x00,0xF0,0xF0,0xF0,0x00,0xF0,0x00,
1521          //        0x00,0x00,0x00,0xF0,0xF0,0xF0,0x00,0xF0,0x00,0x00,0x00,0x0F,0x00,0xF0,0x0F,0x00,
1522          //        0xF0,0x00,0x00,0x00,0x0F,0x00,0xF0,0x0F,0x0F,0x00,0x00,0x00,0x00,0xF0,0x0F,0x00,
1523          //        0x00,0xF0,0x00,0x00,0x00,0x00,0xF0,0x0F,0x00,0xFF,0x0F,0x00,0x00,0x00,0x00,0x00,
1524          //        0xF0,0xFF,0x00,0x00,0xFF,0x00,0x00,0x00,0x00,0x00,0x00,0x00,0x00,0x00,0x00,0x00,  /* 70 */ 
1525          //  },
1526          //  {
1527          //    "特",0x00,0x00,0x00,0x00,0x00,0x00,0x00,0x00,0x00,0x00,0x00,0xF0,0x00,0x0F,0x00,0x00,
1528          //        0x00,0x00,0x00,0x00,0xF0,0x00,0x0F,0x00,0x00,0x00,0x00,0x00,0xF0,0xF0,0x0F,0xFF,
1529          //        0xFF,0xF0,0x00,0x00,0x00,0xF0,0xF0,0x00,0x0F,0x00,0x00,0x00,0x00,0x00,0xFF,0xFF,
1530          //        0x00,0x0F,0x00,0x00,0x00,0x00,0x00,0xF0,0xF0,0xFF,0xFF,0xFF,0xFF,0x00,0x00,0x0F,
1531          //        0x00,0xF0,0x00,0x00,0x0F,0x00,0x00,0x00,0x00,0x00,0xFF,0x00,0x00,0x0F,0x00,0x00,
1532          //        0x00,0x00,0x0F,0xF0,0xFF,0xFF,0xFF,0xFF,0x00,0x00,0x0F,0xF0,0xF0,0x00,0x00,0x0F,
1533          //        0x00,0x00,0x00,0x00,0x00,0xF0,0x0F,0x00,0x0F,0x00,0x00,0x00,0x00,0x00,0xF0,0x00,
1534          //        0xF0,0x0F,0x00,0x00,0x00,0x00,0x00,0xF0,0x00,0x00,0x0F,0x00,0x00,0x00,0x00,0x00,
1535          //        0xF0,0x00,0x0F,0xFF,0x00,0x00,0x00,0x00,0x00,0x00,0x00,0x00,0x00,0x00,0x00,0x00,  /* 71 */ 
1536          //  },
1537          //  {
1538          //    "率",0x00,0x00,0x00,0x00,0x00,0x00,0x00,0x00,0x00,0x00,0x00,0x00,0xF0,0x00,0x00,0x00,
1539          //        0x00,0x00,0x00,0x00,0x00,0x0F,0x00,0x00,0x00,0x00,0x00,0x00,0xFF,0xFF,0xFF,0xFF,
1540          //        0xFF,0xF0,0x00,0x00,0x00,0x00,0x00,0x0F,0x00,0x00,0x00,0x00,0x00,0x0F,0x00,0x00,
1541          //        0xF0,0x0F,0x00,0x0F,0x00,0x00,0x00,0xF0,0x0F,0xFF,0xF0,0x00,0xF0,0x00,0x00,0x00,
1542          //        0x0F,0x00,0x0F,0x00,0x0F,0x00,0x00,0x00,0x00,0xF0,0x00,0xF0,0x0F,0x00,0xF0,0x00,
1543          //        0x00,0x0F,0x00,0x0F,0xFF,0xFF,0xF0,0x0F,0x00,0x00,0x00,0x00,0x00,0x0F,0x00,0xF0,
1544          //        0x00,0x00,0x00,0x0F,0xFF,0xFF,0xFF,0xFF,0xFF,0xFF,0x00,0x00,0x00,0x00,0x00,0x0F,
1545          //        0x00,0x00,0x00,0x00,0x00,0x00,0x00,0x00,0x0F,0x00,0x00,0x00,0x00,0x00,0x00,0x00,
1546          //        0x00,0x0F,0x00,0x00,0x00,0x00,0x00,0x00,0x00,0x00,0x00,0x00,0x00,0x00,0x00,0x00,  /* 72 */ 
1547          //  },
1548          //  {
1549          //    "值",0x00,0x00,0x00,0x00,0x00,0x00,0x00,0x00,0x00,0x00,0x00,0xF0,0x00,0x0F,0x00,0x00,
1550          //        0x00,0x00,0x00,0x00,0xF0,0x00,0x0F,0x00,0x00,0x00,0x00,0x00,0x0F,0x0F,0xFF,0xFF,
1551          //        0xFF,0xFF,0x00,0x00,0x00,0x0F,0x00,0x00,0x0F,0x00,0x00,0x00,0x00,0x00,0xFF,0x00,
1552          //        0xFF,0xFF,0xFF,0xF0,0x00,0x00,0x0F,0x0F,0x00,0xF0,0x00,0x00,0xF0,0x00,0x00,0x00,
1553          //        0x0F,0x00,0xFF,0xFF,0xFF,0xF0,0x00,0x00,0x00,0x0F,0x00,0xF0,0x00,0x00,0xF0,0x00,
1554          //        0x00,0x00,0x0F,0x00,0xFF,0xFF,0xFF,0xF0,0x00,0x00,0x00,0x0F,0x00,0xF0,0x00,0x00,
1555          //        0xF0,0x00,0x00,0x00,0x0F,0x00,0xFF,0xFF,0xFF,0xF0,0x00,0x00,0x00,0x0F,0x00,0xF0,
1556          //        0x00,0x00,0xF0,0x00,0x00,0x00,0x0F,0x00,0xF0,0x00,0x00,0xF0,0x00,0x00,0x00,0x0F,
1557          //        0x0F,0xFF,0xFF,0xFF,0xFF,0x00,0x00,0x00,0x00,0x00,0x00,0x00,0x00,0x00,0x00,0x00,  /* 73 */ 
1558          //  },
1559          //  {
1560          //    "规",0x00,0x00,0x00,0x00,0x00,0x00,0x00,0x00,0x00,0x00,0x00,0xF0,0x00,0x00,0x00,0x00,
1561          //        0x00,0x00,0x00,0x00,0xF0,0x00,0xFF,0xFF,0xF0,0x00,0x00,0x00,0x00,0xF0,0x00,0xF0,
1562          //        0x00,0xF0,0x00,0x00,0x00,0xFF,0xFF,0xF0,0xF0,0x00,0xF0,0x00,0x00,0x00,0x00,0xF0,
1563          //        0x00,0xF0,0xF0,0xF0,0x00,0x00,0x00,0x00,0xF0,0x00,0xF0,0xF0,0xF0,0x00,0x00,0x0F,
1564          //        0xFF,0xFF,0xF0,0xF0,0xF0,0xF0,0x00,0x00,0x00,0x00,0xF0,0x00,0xF0,0xF0,0xF0,0x00,
1565          //        0x00,0x00,0x00,0xF0,0x00,0xF0,0xF0,0xF0,0x00,0x00,0x00,0x0F,0x0F,0x00,0x00,0xF0,
1566          //        0x00,0x00,0x00,0x00,0x0F,0x00,0xF0,0x0F,0x0F,0x00,0x00,0x00,0x00,0xF0,0x00,0xF0,
1567          //        0x0F,0x0F,0x00,0x00,0x00,0x0F,0x00,0x00,0x00,0xF0,0x0F,0x0F,0x00,0x00,0x00,0x00,
1568          //        0x00,0x0F,0x00,0x00,0xFF,0x00,0x00,0x00,0x00,0x00,0x00,0x00,0x00,0x00,0x00,0x00,  /* 74 */ 
1569          //  },
1570          //  {
1571          //    "约",0x00,0x00,0x00,0x00,0x00,0x00,0x00,0x00,0x00,0x00,0x0F,0x00,0x00,0xF0,0x00,0x00,
C51 COMPILER V9.60.0.0   FONT_DATE                                                         12/30/2025 15:11:15 PAGE 27  

1572          //        0x00,0x00,0x00,0x0F,0x00,0x00,0xF0,0x00,0x00,0x00,0x00,0x00,0xF0,0x0F,0x00,0xFF,
1573          //        0xFF,0xFF,0x00,0x00,0x00,0xF0,0x0F,0x0F,0x00,0x00,0x0F,0x00,0x00,0x0F,0xFF,0xF0,
1574          //        0xF0,0x00,0x00,0x0F,0x00,0x00,0x00,0x00,0xF0,0x00,0x00,0x00,0x0F,0x00,0x00,0x00,
1575          //        0x0F,0x00,0x00,0xF0,0x00,0x0F,0x00,0x00,0x00,0xF0,0x00,0x00,0x0F,0x00,0x0F,0x00,
1576          //        0x00,0x0F,0xFF,0xFF,0x00,0x0F,0x00,0x0F,0x00,0x00,0x00,0x00,0x00,0x00,0x00,0x00,
1577          //        0x0F,0x00,0x00,0x00,0x00,0x00,0x00,0x00,0x00,0x0F,0x00,0x00,0x00,0x00,0xFF,0x00,
1578          //        0x00,0x00,0x0F,0x00,0x00,0x0F,0xFF,0x00,0x00,0x00,0x00,0x0F,0x00,0x00,0x00,0x00,
1579          //        0x00,0x00,0x00,0x0F,0xF0,0x00,0x00,0x00,0x00,0x00,0x00,0x00,0x00,0x00,0x00,0x00,  /* 75 */ 
1580          //  },
1581          };
1582          
1583            
1584          const unsigned int HZK_COUNT = (sizeof(Hzk) / sizeof(Hzk[0])); 
1585            
1586            
1587          //48*16   行*列   变压器图片
1588          const u8  code  PICTURE[]={ 
1589            
1590                0x00,0x00,0x00,0x00,0x0f,0x00,0x00,0x00,0x00,
1591                0x00,0x00,0x00,0x00,0x0f,0x00,0x00,0x00,0x00,
1592                0x00,0x00,0x00,0x00,0x0f,0x00,0x00,0x00,0x00,
1593                0x00,0x00,0x00,0x00,0x0f,0x00,0x00,0x00,0x00,
1594                0x00,0x00,0x00,0x00,0x0f,0x00,0x00,0x00,0x00,
1595                0x00,0x00,0x00,0x00,0x0f,0x00,0x00,0x00,0x00,
1596            
1597                0x00,0x00,0x00,0xff,0xff,0xff,0xf0,0x00,0x00, 
1598                0x00,0x00,0x0f,0x00,0x00,0x00,0x0f,0x00,0x00, 
1599                0x00,0x00,0xf0,0x00,0x00,0x00,0x00,0xf0,0x00,   
1600                0x00,0x0f,0x00,0x00,0x00,0x00,0x00,0x0f,0x00,   
1601                0x00,0xf0,0x00,0x00,0x00,0x00,0x00,0x00,0xf0,     
1602                0x00,0xf0,0x00,0xff,0xff,0xff,0xf0,0x00,0xf0,   
1603                0x00,0xf0,0x0f,0x00,0x00,0x00,0x0f,0x00,0xf0, 
1604                0x00,0xf0,0xf0,0x00,0x00,0x00,0x00,0xf0,0xf0,
1605                0x00,0x0f,0x00,0x00,0x00,0x00,0x00,0x0f,0x00,//--         
1606                0x00,0xf0,0xf0,0x00,0x00,0x00,0x00,0xf0,0xf0,
1607                0x00,0xf0,0x0f,0x00,0x00,0x00,0x0f,0x00,0xf0,
1608                0x00,0xf0,0x00,0xff,0xff,0xff,0xf0,0x00,0xf0, 
1609                0x00,0xf0,0x00,0x00,0x00,0x00,0x00,0x00,0xf0, 
1610                0x00,0x0f,0x00,0x00,0x00,0x00,0x00,0x0f,0x00,
1611                0x00,0x00,0xf0,0x00,0x00,0x00,0x00,0xf0,0x00,
1612                0x00,0x00,0x0f,0x00,0x00,0x00,0x0f,0x00,0x00, 
1613                0x00,0x00,0x00,0xff,0xff,0xff,0xf0,0x00,0x00, 
1614            
1615                0x00,0x00,0x00,0x00,0x0f,0x00,0x00,0x00,0x00,
1616                0x00,0x00,0x00,0x00,0x0f,0x00,0x00,0x00,0x00,
1617                0x00,0x00,0x00,0x00,0x0f,0x00,0x00,0x00,0x00,
1618                0x00,0x00,0x00,0x00,0x0f,0x00,0x00,0x00,0x00,
1619                
1620                0x00,0x00,0xff,0xff,0xff,0xff,0xff,0xf0,0x00, 
1621                0x00,0x00,0xff,0xff,0xff,0xff,0xff,0xf0,0x00,   
1622                0x00,0x00,0xff,0xff,0xff,0xff,0xff,0xf0,0x00,   
1623                0x00,0x00,0xff,0xff,0xff,0xff,0xff,0xf0,0x00,   
1624                0x00,0x00,0xff,0xff,0xff,0xff,0xff,0xf0,0x00,   
1625                0x00,0x00,0xff,0xff,0xff,0xff,0xff,0xf0,0x00, 
1626                0x00,0x00,0xff,0xff,0xff,0xff,0xff,0xf0,0x00, 
1627                0x00,0x00,0xff,0xff,0xff,0xff,0xff,0xf0,0x00,   
1628                0x00,0x00,0xff,0xff,0xff,0xff,0xff,0xf0,0x00,   
1629                0x00,0x00,0xff,0xff,0xff,0xff,0xff,0xf0,0x00,   
1630                0x00,0x00,0xff,0xff,0xff,0xff,0xff,0xf0,0x00,   
1631                0x00,0x00,0xff,0xff,0xff,0xff,0xff,0xf0,0x00, 
1632                0x00,0x00,0xff,0xff,0xff,0xff,0xff,0xf0,0x00, 
1633                0x00,0x00,0xff,0xff,0xff,0xff,0xff,0xf0,0x00,   
C51 COMPILER V9.60.0.0   FONT_DATE                                                         12/30/2025 15:11:15 PAGE 28  

1634                0x00,0x00,0xff,0xff,0xff,0xff,0xff,0xf0,0x00,   
1635                0x00,0x00,0xff,0xff,0xff,0xff,0xff,0xf0,0x00,   
1636                0x00,0x00,0xff,0xff,0xff,0xff,0xff,0xf0,0x00,   
1637                0x00,0x00,0xff,0xff,0xff,0xff,0xff,0xf0,0x00,     
1638          
1639                0x00,0x00,0x00,0x00,0x0f,0x00,0x00,0x00,0x00,
1640                0x00,0x00,0x00,0x00,0x0f,0x00,0x00,0x00,0x00,
1641                0x00,0x00,0x00,0x00,0x0f,0x00,0x00,0x00,0x00,
1642                0x00,0x00,0x00,0x00,0x0f,0x00,0x00,0x00,0x00,
1643                0x00,0x00,0x00,0x00,0x00,0x0f,0x00,0x00,0x00,
1644                0x00,0x00,0x00,0x00,0x0f,0x00,0x00,0x00,0x00,
1645              };  
1646          
1647          //36*16   行*列   电容图片无填充    
1648          const u8  code  PICTURE1[]={  
1649            
1650                0x00,0x00,0x00,0x00,0x0f,0x00,0x00,0x00,0x00,
1651                0x00,0x00,0x00,0x00,0x0f,0x00,0x00,0x00,0x00,
1652                0x00,0x00,0x00,0x00,0x0f,0x00,0x00,0x00,0x00,
1653                0x00,0x00,0x00,0x00,0x0f,0x00,0x00,0x00,0x00,
1654            
1655          
1656                0x00,0x00,0xff,0xff,0xff,0xff,0xff,0xf0,0x00, 
1657                0x00,0x00,0xf0,0x00,0x00,0x00,0x00,0xf0,0x00, 
1658                0x00,0x00,0xf0,0x00,0x00,0x00,0x00,0xf0,0x00, 
1659                0x00,0x00,0xf0,0x00,0x00,0x00,0x00,0xf0,0x00, 
1660                0x00,0x00,0xf0,0x00,0x00,0x00,0x00,0xf0,0x00, 
1661                0x00,0x00,0xf0,0x00,0x00,0x00,0x00,0xf0,0x00, 
1662                0x00,0x00,0xf0,0x00,0x00,0x00,0x00,0xf0,0x00, 
1663                0x00,0x00,0xf0,0x00,0x00,0x00,0x00,0xf0,0x00, 
1664                0x00,0x00,0xf0,0x00,0x00,0x00,0x00,0xf0,0x00, 
1665                0x00,0x00,0xf0,0x00,0x00,0x00,0x00,0xf0,0x00, 
1666                0x00,0x00,0xf0,0x00,0x00,0x00,0x00,0xf0,0x00, 
1667                0x00,0x00,0xf0,0x00,0x00,0x00,0x00,0xf0,0x00,   
1668                0x00,0x00,0xf0,0x00,0x00,0x00,0x00,0xf0,0x00,   
1669                0x00,0x00,0xf0,0x00,0x00,0x00,0x00,0xf0,0x00, 
1670                0x00,0x00,0xf0,0x00,0x00,0x00,0x00,0xf0,0x00,     
1671                0x00,0x00,0xff,0xff,0xff,0xff,0xff,0xf0,0x00, 
1672            
1673                0x00,0x00,0x00,0x00,0x0f,0x00,0x00,0x00,0x00,
1674                0x00,0x00,0x00,0x00,0x0f,0x00,0x00,0x00,0x00,
1675                0x00,0x00,0x00,0x00,0x0f,0x00,0x00,0x00,0x00,
1676                0x00,0x00,0x00,0x00,0x0f,0x00,0x00,0x00,0x00,
1677                0x00,0x00,0x00,0x00,0x0f,0x00,0x00,0x00,0x00,
1678          
1679                0x00,0x00,0xff,0xff,0xff,0xff,0xff,0xf0,0x00,   
1680                0x00,0x00,0x00,0x00,0x00,0x00,0x00,0x00,0x00,
1681                0x00,0x00,0x00,0x00,0x00,0x00,0x00,0x00,0x00,
1682                0x00,0x00,0x00,0x00,0x00,0x00,0x00,0x00,0x00,
1683                0x00,0x00,0xff,0xff,0xff,0xff,0xff,0xf0,0x00,   
1684                
1685                0x00,0x00,0x00,0x00,0x0f,0x00,0x00,0x00,0x00, 
1686                0x00,0x00,0x00,0x00,0x0f,0x00,0x00,0x00,0x00, 
1687                0x00,0x00,0x00,0x00,0x0f,0x00,0x00,0x00,0x00, 
1688                
1689                0x00,0xf0,0x00,0x00,0x0f,0x00,0x00,0x00,0xf0, 
1690                0x00,0xf0,0x00,0x00,0x0f,0x00,0x00,0x00,0xf0,
1691                0x00,0xff,0xff,0xff,0xff,0xff,0xff,0xff,0xf0, 
1692            
1693          
1694              };  
1695          
C51 COMPILER V9.60.0.0   FONT_DATE                                                         12/30/2025 15:11:15 PAGE 29  

1696          //36*16   行*列   电容图片填充    
1697          const u8  code  PICTURE2[]={  
1698            
1699                0x00,0x00,0x00,0x00,0x0f,0x00,0x00,0x00,0x00,
1700                0x00,0x00,0x00,0x00,0x0f,0x00,0x00,0x00,0x00,
1701                0x00,0x00,0x00,0x00,0x0f,0x00,0x00,0x00,0x00,
1702                0x00,0x00,0x00,0x00,0x0f,0x00,0x00,0x00,0x00,
1703            
1704          
1705                0x00,0x00,0xff,0xff,0xff,0xff,0xff,0xf0,0x00, 
1706                0x00,0x00,0xff,0xff,0xff,0xff,0xff,0xf0,0x00, 
1707                0x00,0x00,0xff,0xff,0xff,0xff,0xff,0xf0,0x00, 
1708                0x00,0x00,0xff,0xff,0xff,0xff,0xff,0xf0,0x00, 
1709                0x00,0x00,0xff,0xff,0xff,0xff,0xff,0xf0,0x00, 
1710                0x00,0x00,0xff,0xff,0xff,0xff,0xff,0xf0,0x00, 
1711                0x00,0x00,0xff,0xff,0xff,0xff,0xff,0xf0,0x00, 
1712                0x00,0x00,0xff,0xff,0xff,0xff,0xff,0xf0,0x00, 
1713                0x00,0x00,0xff,0xff,0xff,0xff,0xff,0xf0,0x00, 
1714                0x00,0x00,0xff,0xff,0xff,0xff,0xff,0xf0,0x00, 
1715                0x00,0x00,0xff,0xff,0xff,0xff,0xff,0xf0,0x00, 
1716                0x00,0x00,0xff,0xff,0xff,0xff,0xff,0xf0,0x00, 
1717                0x00,0x00,0xff,0xff,0xff,0xff,0xff,0xf0,0x00, 
1718                0x00,0x00,0xff,0xff,0xff,0xff,0xff,0xf0,0x00, 
1719                0x00,0x00,0xff,0xff,0xff,0xff,0xff,0xf0,0x00,     
1720                0x00,0x00,0xff,0xff,0xff,0xff,0xff,0xf0,0x00, 
1721            
1722                0x00,0x00,0x00,0x00,0x0f,0x00,0x00,0x00,0x00,
1723                0x00,0x00,0x00,0x00,0x0f,0x00,0x00,0x00,0x00,
1724                0x00,0x00,0x00,0x00,0x0f,0x00,0x00,0x00,0x00,
1725                0x00,0x00,0x00,0x00,0x0f,0x00,0x00,0x00,0x00,
1726                0x00,0x00,0x00,0x00,0x0f,0x00,0x00,0x00,0x00,
1727          
1728                0x00,0x00,0xff,0xff,0xff,0xff,0xff,0xf0,0x00,   
1729                0x00,0x00,0x00,0x00,0x00,0x00,0x00,0x00,0x00,
1730                0x00,0x00,0x00,0x00,0x00,0x00,0x00,0x00,0x00,
1731                0x00,0x00,0x00,0x00,0x00,0x00,0x00,0x00,0x00,
1732                0x00,0x00,0xff,0xff,0xff,0xff,0xff,0xf0,0x00,   
1733                
1734                0x00,0x00,0x00,0x00,0x0f,0x00,0x00,0x00,0x00, 
1735                0x00,0x00,0x00,0x00,0x0f,0x00,0x00,0x00,0x00, 
1736                0x00,0x00,0x00,0x00,0x0f,0x00,0x00,0x00,0x00, 
1737                
1738                0x00,0xf0,0x00,0x00,0x0f,0x00,0x00,0x00,0xf0, 
1739                0x00,0xf0,0x00,0x00,0x0f,0x00,0x00,0x00,0xf0,
1740                0x00,0xff,0xff,0xff,0xff,0xff,0xff,0xff,0xf0, 
1741            
1742          
1743              };  


MODULE INFORMATION:   STATIC OVERLAYABLE
   CODE SIZE        =   ----    ----
   CONSTANT SIZE    =  14750    ----
   XDATA SIZE       =      4    ----
   PDATA SIZE       =   ----    ----
   DATA SIZE        =   ----    ----
   IDATA SIZE       =   ----    ----
   BIT SIZE         =   ----    ----
   EDATA SIZE       =   ----    ----
   HDATA SIZE       =   ----    ----
   XDATA CONST SIZE =   ----    ----
   FAR CONST SIZE   =   ----    ----
C51 COMPILER V9.60.0.0   FONT_DATE                                                         12/30/2025 15:11:15 PAGE 30  

END OF MODULE INFORMATION.


C51 COMPILATION COMPLETE.  0 WARNING(S),  0 ERROR(S)
