:020000040001F9
:10000000025D2E7D147F0A12603F22025847AF84A2
:1000100075840F758C67E58C30E7FB7597018F84CD
:0100200022BD
:0700230002557975FF072269
:10002B00026EE2900A71120C49900A71120C29129D
:10003B0006C9FFEF04FFEF75F06484AFF0900A710F
:10004B00120C29EF120742900A71120C29900064CE
:10005B00E4F0A37401F07F027E20124D3F900A74EE
:0F006B00EFF0900A74E0FF220273B175FFA52237
:10007B00024C379009DD120C499009DD120C29AEA8
:10008B0002AF01EF4E70037F0222126F919009E0D5
:10009B00EFF09009E2E4F09009E2E0FF7E00C3EF9D
:1000AB009414EE6480948050489009E2E0FF90092C
:1000BB00E0E0FEC3EE9FFFEF2463FFEF75F0648477
:1000CB00AFF09009E1EFF09009E2E0FF7E0CEF8ECC
:1000DB00F0A4FFAEF09009DD120C29E92FF9EA3EEE
:1000EB00FA9009E1E0FF125E469009E2E004F0802D
:0400FB00A67F0822B2
:10010000C0087401C0E0C082C08375080A75B100E0
:1001100022C0087401C0E0C082C08375081B75B19D
:100120001122C0087401C0E0C082C08375082C751C
:10013000B12222C0087401C0E0C082C08375083DAE
:1001400075B1332290F83F211190E99F211190F66B
:10015000F0211190CA95212290CFB6212290945D72
:10016000212290B5A2212290EBBC212290E0C62151
:100170002290F5F7212290F6C6212290F1972122B4
:1001800090F51B2122908000212290C7E02122902F
:10019000AA5E212290B06E212290EE89212290E861
:1001A00097213390EBB9213390EBC6213390DE21B8
:1001B000213390E4D3213390E624213390E360216E
:1001C0003390E775213390E171213390E96A21334F
:1001D00090EA13213390E6CE21220002059CE864C8
:1001E00080F8E933E83360110460F0ED33EC3370EC
:1001F00009E8FCE9FDEAFEEBFF220460DED3EB9F99
:10020000EA9EE99DE8C2E78CF0C2F795F0400CE861
:10021000CCF8E9CDF9EACEFAEBCFFB12056785D031
:10022000F05804700320D5B3E80470075002B2D52B
:100230000205A692D5EC0460F7E4CCC0E0C398F8C0
:10024000603B94186008400DD0E0FB02057EE4FBA3
:10025000FAC9FC8028E830E406E4C9FBE4CAFCE8FB
:1002600030E305E4C9CACBFCE854076010F8C3E9E1
:1002700013F9EA13FAEB13FBEC13FCD8F130F52F6A
:10028000C3E49CFCEF9BFFEE9AFEED99FDD0E0FBF2
:10029000EF4E4D4C701222DB030205A3EC2CFCEF59
:1002A00033FFEE33FEED33FDED30E7EB02057EEF7D
:1002B0002BFFEE3AFEED39FDD0E0FB50130BBB00F7
:1002C000030205A6ED13FDEE13FEEF13FFEC13FC86
:1002D00002057EEC4D6011E8497017ED33EC3304F4
:1002E000600DE4FCFFFEFD22E933E8330470F80200
:1002F000059C12056758046009E4CC248150062847
:1003000050090205A62840030205A3C0E0EB4A708D
:1003100044B98006D0E0FB020592EF4E701CBD8010
:1003200008EBFFEAFEE9FD80EBE98DF0A4FEE5F0C5
:100330000203BCE9CDF9EAFEEBFFEF89F0A4FCE58E
:10034000F0CE89F0A42EFFE435F0CD89F0A42DFE87
:10035000E435F08067EF4E7005BD80D780C3EF8B2A
:10036000F0A4ACF0EE8BF0A42CFCE435F0F8EF8AAE
:10037000F0A42CE5F038FCE433CB8DF0A42CFCE5A4
:10038000F03BF8EE8AF0A42CFCE5F038F8E433CF2B
:1003900089F0A42CFCE5F038CF3400CE89F0A42FEE
:1003A000FFE5F03EFEE433C98DF0A42EFEE5F03902
:1003B000CD8AF0A42FFFE5F03EFEE43DFD33D0E012
:1003C000FB50070BBB000F0205A6EC2CFCEF33FF24
:1003D000EE33FEED33FD02057E0205A6EC5D046002
:1003E00005E85904700302059C120567580460F67D
:1003F000EC4860F2EC7004FDFEFF22C860DB248153
:10040000C85009C398600250060205A39850CAF567
:1004100082E9294B4A7005AB8202059275F0007C97
:100420001A7880C3EF9BEE9AED99400DC3EF9BFFC6
:10043000EE9AFEED99FDE842F0DC23ACF0D0E0FF4F
:10044000D0E0FED0E0FDAB8220E7101BEB60BAEC01
:100450002CFCEF33FFEE33FEED33FD02057EE803A7
:10046000F830E705C0F075F000EF2FFFEE33FEED3A
:1004700033FD40B830E7C280AA74F8CC6480CCC8A1
:100480006480C8F58204604FC3EB9FF5F0EA9E429A
:10049000F0E99D42F0E89C45F0603C501DE5825F2C
:1004A000FFE582D313CB5BCBF42B5582FB50280A9C
:1004B000BA002409B9002008801DE5825BFBE582B3
:1004C000D313CF5FCFF4C3132F5582FF50090EBE55
:1004D00000050DBD00010CC3EB9FF5F0EA9E42F054
:1004E000E99D42F0E89C45F06007CC4820E701B365
:1004F000EC2275F020800E75F010800575F0087DF7
:10050000007E007F003392D530D503120A80EC3391
:100510004010EF33FFEE33FEED33FDEC33FCD5F04E
:10052000ED22E5F0247EA2D513CC92E7CDCEFF22BA
:10053000EDD2E7CD33EC3392D524814006E4FFFEC3
:10054000FDFC22FCE4CFCECDCC24E0501174FF8022
:10055000EDC3CC13CCCD13CDCE13CECF13CF0470BF
:10056000F030D5DE020A80E9D2E7C933E833F892E9
:10057000D5EDD2E7CD33EC33FC5002B2D522EC30CE
:10058000E7100FBF000C0EBE00080DBD00040BEB02
:100590006014A2D5EB13FCED92E7FD2274FFFCFD85
:1005A000FEFF22E480F8A2D574FF13FC7D80E48076
:1005B000EFE709F608DFFA8046E709F208DFFA807C
:1005C0003E88828C83E709F0A3DFFA8032E309F6E4
:1005D00008DFFA8078E309F208DFFA807088828CFD
:1005E00083E309F0A3DFFA806489828A83E0A3F6BB
:1005F00008DFFA805889828A83E0A3F208DFFA8054
:100600004C80D280FA80C680D4806980F2803380AA
:100610001080A680EA809A80A880DA80E280CA8072
:100620003389828A83ECFAE493A3C8C582C8CCC517
:1006300083CCF0A3C8C582C8CCC583CCDFE9DEE794
:10064000800D89828A83E493A3F608DFF9ECFAA986
:10065000F0EDFB2289828A83ECFAE0A3C8C582C848
:10066000CCC583CCF0A3C8C582C8CCC583CCDFEA97
:10067000DEE880DB89828A83E493A3F208DFF980D5
:10068000CC88F0EF60010E4E60C388F0ED2402B418
:10069000040050B9F582EB2402B4040050AF2323C8
:1006A00045822390060173C2D530F707B2D563F0B7
:1006B000FF05F030E70CB2D5F4048463F0FF05F0D9
:1006C00080018430D502F40422BB010689828A832A
:1006D000E0225002E722BBFE02E32289828A83E401
:1006E0009322BB010CE58229F582E5833AF583E08C
:1006F000225006E92582F8E622BBFE06E92582F8AB
:10070000E222E58229F582E5833AF583E49322BB70
:10071000010FF8E58229F582E5833AF583E028F0B8
:10072000225009C58229F8E58226F622BBFE09C5BA
:100730008229F8E22582F222F8EA2583F583E993FB
:100740002822BB010689828A83F0225002F722BB4D
:10075000FE01F322F8BB010DE58229F582E5833A1B
:10076000F583E8F0225006E92582C8F622BBFE0593
:10077000E92582C8F222EF8DF0A4A8F0CF8CF0A476
:1007800028CE8DF0A42EFE22BC000BBE0029EF8DDA
:10079000F084FFADF022E4CCF875F008EF2FFFEE07
:1007A00033FEEC33FCEE9DEC984005FCEE9DFE0F15
:1007B000D5F0E9E4CEFD22EDF8F5F0EE8420D21C70
:1007C000FEADF075F008EF2FFFED33FD40079850B8
:1007D00006D5F0F222C398FD0FD5F0EA22C2D5EC7F
:1007E00030E709B2D5E4C39DFDE49CFCEE30E7158B
:1007F000B2D5E4C39FFFE49EFE120788C3E49DFDCB
:10080000E49CFC800312078830D507C3E49FFFE413
:100810009EFE22C5F0F8A3E028F0C5F0F8E58215A9
:100820008270021583E038F022A3F8E0C5F025F0CD
:10083000F0E582158270021583E0C838F0E822BB2B
:10084000010A89828A83E0F5F0A3E022500687F04E
:1008500009E71922BBFE07E3F5F009E319228982B3
:100860008A83E493F5F074019322BB0110E5822999
:10087000F582E5833AF583E0F5F0A3E0225009E93B
:100880002582F886F008E622BBFE0AE92582F8E216
:10089000F5F008E222E5832AF583E993F5F0A3E970
:1008A0009322BB010DC58229C582C5833AC5830247
:1008B00008135011C58229F808E5F026F618F5F05E
:1008C000E58236F622BBFE11C58229F808E225F042
:1008D000F5F0F218E23582F222F8E58229F582E598
:1008E000832AF58374019325F0F5F0E4933822BB55
:1008F000010A89828A83F0E5F0A3F0225006F70905
:10090000A7F01922BBFE06F3E5F009F31922F8BBA4
:100910000111E58229F582E5833AF583E8F0E5F0F7
:10092000A3F0225009E92582C8F608A6F022BBFEF2
:1009300009E92582C8F2E5F008F222EF2BFFEE3A32
:10094000FEED39FDEC38FC22C3EF9BFFEE9AFEED85
:1009500099FDEC98FC22E88FF0A4CC8BF0A42CFC41
:10096000E98EF0A42CFC8AF0EDA42CFCEA8EF0A415
:10097000CDA8F08BF0A42DCC3825F0FDE98FF0A4A4
:100980002CCD35F0FCEB8EF0A4FEA9F0EB8FF0A49B
:10099000CFC5F02ECD39FEE43CFCEAA42DCE35F0D7
:1009A000FDE43CFC2275F008758200EF2FFFEE336A
:1009B000FECD33CDCC33CCC58233C5829BED9AECD2
:1009C00099E58298400CF582EE9BFEED9AFDEC993C
:1009D000FC0FD5F0D6E4CEFBE4CDFAE4CCF9A88246
:1009E00022B800C1B90059BA002DEC8BF084CFCEEB
:1009F000CDFCE5F0CBF97818EF2FFFEE33FEED33A9
:100A0000FDEC33FCEB33FB10D703994004EB99FB6F
:100A10000FD8E5E4F9FA227818EF2FFFEE33FEED58
:100A200033FDEC33FCC933C910D7059BE99A400765
:100A3000EC9BFCE99AF90FD8E0E4C9FAE4CCFB227C
:100A400075F010EF2FFFEE33FEED33FDCC33CCC845
:100A500033C810D7079BEC9AE899400AED9BFDEC50
:100A60009AFCE899F80FD5F0DAE4CDFBE4CCFAE48F
:100A7000C8F922EF4BFFEE4AFEED49FDEC48FC229F
:100A8000C3E49FFFE49EFEE49DFDE49CFC22EB9FFB
:100A9000F5F0EA9E42F0E99D42F0EC6480C8648083
:100AA0009845F022EB9FF5F0EA9E42F0E99D42F076
:100AB000E89C45F022E8600FECC313FCED13FDEE5B
:100AC00013FEEF13FFD8F122E8600FEFC333FFEE00
:100AD00033FEED33FDEC33FCD8F122BB01078982F4
:100AE0008A83020B455005E9F8020EADBBFE05E90D
:100AF000F8020EB989828A83020B51BB010DE5828F
:100B000029F582E5833AF583020B455007E92582F2
:100B1000F8020EADBBFE07E92582F8020EB9E582A8
:100B200029F582E5833AF583020B51BB01078982DF
:100B30008A83020BA25005E9F8020EC5BBFE05E947
:100B4000F8020ED122E0FCA3E0FDA3E0FEA3E0FF4B
:100B500022E493FC740193FD740293FE740393FFEB
:100B600022E0F8A3E0F9A3E0FAA3E0FB227401FF7E
:100B70003395E0FEFDFCA3A3A3E0CF2FF0E58215A3
:100B80008270021583E0CE3EF0E582158270021578
:100B900083E0CD3DF0E582158270021583E0CC3C08
:100BA000F022ECF0A3EDF0A3EEF0A3EFF022A88288
:100BB0008583F0D083D082120BC5120BC5120BC5F2
:100BC000120BC5E473E493A3C583C5F0C583C8C500
:100BD00082C8F0A3C583C5F0C583C8C582C822BB3F
:100BE000010789828A83020BAE5005E9F8020EDD07
:100BF000BBFE05E9F8020EF622BB010DE58229F5E0
:100C000082E5833AF583020BAE5007E92582F802AC
:100C10000EDDBBFE07E92582F8020EF622A425822E
:100C2000F582E5F03583F58322E0FBA3E0FAA3E04B
:100C3000F922F8E0FBA3A3E0F925F0F0E5821582A4
:100C400070021583E0FA38F022EBF0A3EAF0A3E992
:100C5000F022E493FB740193FA740293F922BB012E
:100C60000789828A83020C295005E9F8020F0FBB1D
:100C7000FE05E9F8020F1889828A83020C52D0839C
:100C8000D082F8E4937012740193700DA3A393F8CB
:100C9000740193F5828883E4737402936860EFA310
:100CA000A3A380DF8A838982E473EC8EF0A4CCC591
:100CB000F0CCCDF8EFA4CEC5F02DFDE43CFCE8A4CB
:100CC0002EC8C5F03DFDE43CFCEFA4FFE5F028FE96
:100CD000E43DFDE43CFC22E3F5F009E208B5F06BED
:100CE000DFF58067E3F5F009E608B5F05EDFF58033
:100CF0005A87F009E608B5F052DFF6804E87F00912
:100D0000E208B5F046DFF6804288828C8387F009DE
:100D1000E0A3B5F036DFF6803288828C8387F00955
:100D2000E493A3B5F025DFF5802188828C83E3F579
:100D3000F009E0A3B5F014DFF5801088828C83E31E
:100D4000F5F009E493A3B5F002DFF4020E06808704
:100D500080E9809080D4803E8015806E807E809D6A
:100D600080B7808D80A380518074803C020E1289F0
:100D7000828A83ECFAE493F5F0A3C8C582C8CCC597
:100D800083CCE493A3C8C582C8CCC583CCB5F07628
:100D9000DFE3DEE1807089828A83E493F5F0A3E2E9
:100DA00008B5F062DFF4805E89828A83E0F5F0A303
:100DB000E608B5F051DFF5804D89828A83E0F5F0D1
:100DC000A3E208B5F040DFF5803C89828A83E49392
:100DD000F5F0A3E608B5F02EDFF4802A80028057F4
:100DE00089828A83ECFAE493F5F0A3C8C582C8CC63
:100DF000C583CCE0A3C8C582C8CCC583CCB5F006FA
:100E0000DFE4DEE280007FFFB5F0020F2240027FC8
:100E1000012289828A83ECFAE0F5F0A3C8C582C872
:100E2000CCC583CCE0A3C8C582C8CCC583CCB5F003
:100E3000D5DFE5DEE380CF89828A83ECFAE0F5F046
:100E4000A3C8C582C8CCC583CCE493A3C8C582C857
:100E5000CCC583CCB5F0AFDFE4DEE280A988F0EF4B
:100E600060010E4E60ABED2402B404005098F58290
:100E7000EB2402B40400508E2323458223900D4EB0
:100E800073EF4E6012EF60010EEDBB010B89828A99
:100E900083F0A3DFFCDEFA2289F05007F709DFFCBC
:100EA000A9F022BBFEFCF309DFFCA9F022E6FC0856
:100EB000E6FD08E6FE08E6FF22E2FC08E2FD08E2A5
:100EC000FE08E2FF22ECF608EDF608EEF608EFF673
:100ED00022ECF208EDF208EEF208EFF222D083D015
:100EE00082E493F608740193F608740293F608748A
:100EF0000393F6740473D083D082E493F2087401F0
:100F000093F208740293F208740393F2740473E684
:100F1000FB08E6FA08E6F922E2FB08E2FA08E2F941
:100F200022E4900033F09007ABE0D39402748094F5
:100F30008040089000317403F08006900031740204
:100F4000F0900033E0FEC006E4FF127130D0E04FB5
:100F5000900033F09000307401F0900031E0FE908A
:100F60000030E0FFC39E40030214F9E4900032F029
:100F7000A3E0FEC006C007900058120BAE000000B0
:100F80005AD0077DC61248E4D0E04F900033F0E01D
:100F9000FEC006900030E0FF7B017A0079047D24DA
:100FA000125C07D0E04F900033F0900004120B4524
:100FB0007808120AB5900032E0FE04F074082EF5AD
:100FC00082E43400F583EFF0900004120B459000AA
:100FD00032E0FE04F074082EF582E43400F583EF6D
:100FE000F0900033E0FEC006900030E0FF7B017A15
:100FF0000079047D25125C07D0E04F900033F0901B
:101000000004120B457808120AB5900032E0FE0485
:10101000F074082EF582E43400F583EFF0900004BC
:10102000120B45900032E0FE04F074082EF582E4C5
:101030003400F583EFF0900033E0FEC006900030FE
:10104000E0FF7B017A0079047D26125C07D0E04F37
:10105000900033F0900004120B457808120AB59006
:101060000032E0FE04F074082EF582E43400F583CB
:10107000EFF0900004120B45900032E0FE04F07493
:10108000082EF582E43400F583EFF0900033E0FEA3
:10109000C006900030E0FF7B017A0079047D2712C2
:1010A0005C07D0E04F900033F0900004120B4578BD
:1010B00008120AB5900032E0FE04F074082EF582A2
:1010C000E43400F583EFF0900004120B45900032F9
:1010D000E0FE04F074082EF582E43400F583EFF0AE
:1010E000900033E0FEC006900030E0FF7B017A0004
:1010F00079047D28125C07D0E04F900033F0900017
:1011000004120B457808120AB5900032E0FE04F094
:1011100074082EF582E43400F583EFF09000041299
:101120000B45900032E0FE04F074082EF582E434A2
:1011300000F583EFF0900033E0FEC006900030E051
:10114000FF7B017A0079047D29125C07D0E04F9083
:101150000033F0900004120B457808120AB5900095
:1011600032E0FE04F074082EF582E43400F583EFDB
:10117000F0900004120B45900032E0FE04F0740879
:101180002EF582E43400F583EFF0900033E0FEC0EA
:1011900006900030E0FF7B017A0079047D17125C35
:1011A00007D0E04F900033F0900004120B45780810
:1011B000120AB5900032E0FE04F074082EF582E4C5
:1011C0003400F583EFF0900004120B45900032E0FC
:1011D000FE04F074082EF582E43400F583EFF090FD
:1011E0000033E0FEC006900030E0FF7B017A00791A
:1011F000047D18125C07D0E04F900033F09000049B
:10120000120B457808120AB5900032E0FE04F07423
:10121000082EF582E43400F583EFF0900004120B01
:1012200045900032E0FE04F074082EF582E43400AC
:10123000F583EFF0900033E0FEC006900030E0FF51
:101240007B017A0079047D19125C07D0E04F900091
:1012500033F0900004120B457808120AB590003262
:10126000E0FE04F074082EF582E43400F583EFF01C
:10127000900004120B45900032E0FE04F074082E3A
:10128000F582E43400F583EFF0900033E0FEC00611
:10129000900030E0FF7B017A0079047D1A125C0730
:1012A000D0E04F900033F0900004120B4578081204
:1012B0000AB5900032E0FE04F074082EF582E434A2
:1012C00000F583EFF0900004120B45900032E0FE31
:1012D00004F074082EF582E43400F583EFF09000FA
:1012E00033E0FEC006900030E0FF7B017A00790415
:1012F0007D1B125C07D0E04F900033F09000041289
:101300000B457808120AB5900032E0FE04F074082C
:101310002EF582E43400F583EFF0900004120B45C3
:10132000900032E0FE04F074082EF582E43400F5FB
:1013300083EFF0900033E0FEC006900030E0FF7BCA
:10134000017A0079047D1C125C07D0E04F900033D5
:10135000F0900004120B457808120AB5900032E0B4
:10136000FE04F074082EF582E43400F583EFF0906B
:101370000004120B45900032E0FE04F074082EF5D4
:1013800082E43400F583EFF0900033E0FEC0069075
:101390000030E0FF7B017A0079047D3E125C07D0CB
:1013A000E04F900033F0900004120B457810120AC1
:1013B000B5900032E0FE04F074082EF582E43400AB
:1013C000F583EFF0900004120B457808120AB590EF
:1013D0000032E0FE04F074082EF582E43400F58358
:1013E000EFF0900004120B45900032E0FE04F07420
:1013F000082EF582E43400F583EFF0900033E0FE30
:10140000C006900030E0FF7B017A0079047D5E1217
:101410005C07D0E04F900033F0900004120B457849
:1014200010120AB5900032E0FE04F074082EF58226
:10143000E43400F583EFF0900004120B45780812B5
:101440000AB5900032E0FE04F074082EF582E43410
:1014500000F583EFF0900004120B45900032E0FE9F
:1014600004F074082EF582E43400F583EFF07B017C
:101470007A0079087D1E7C0012017B900032E0FE2C
:1014800004F074082EF582E43400F583E4F07B0167
:101490007A0079087D1EFC12017B900032E0FE0488
:1014A000F074082EF582E43400F583EFF0900033F9
:1014B000E0FEC006900047120BAE00000001900055
:1014C00030E0FF7DC6125C9DD0E04F900033F0907D
:1014D0000030E0FF7B017A00790890089CE4F0A3DB
:1014E000741FF0123C0EEF6007900033E04401F0EF
:1014F000900030E004F0020F5AE4900032F0A3E0D4
:10150000FEC0067B017A0079047D087F04125C0727
:10151000D0E04F900033F0900004120B45E4120429
:10152000F2A804A905AA06AB07E4FFFE7DC87C4229
:101530001203DC900034120BA2900034E0FF900004
:1015400032E0FE04F074082EF582E43400F583EFF7
:10155000F0900035E0FF900032E0FE04F074082EB9
:10156000F582E43400F583EFF0900036E0FF900060
:1015700032E0FE04F074082EF582E43400F583EFC7
:10158000F0900037E0FF900032E0FE04F074082E87
:10159000F582E43400F583EFF0900033E0FEC006FE
:1015A0007B017A0079047D067F04125C07D0E04F4E
:1015B000900033F0900004120B45E41204F2A804EA
:1015C000A905AA06AB07E4FFFE7DA07C401203DC60
:1015D000900034120BA2900034E0FF900032E0FE45
:1015E00004F074082EF582E43400F583EFF09000E7
:1015F00035E0FF900032E0FE04F074082EF582E43E
:101600003400F583EFF0900036E0FF900032E0FE0A
:1016100004F074082EF582E43400F583EFF09000B6
:1016200037E0FF900032E0FE04F074082EF582E40B
:101630003400F583EFF0900033E0FEC0067B017AC2
:101640000079047D0A7F04125C07D0E04F900033DC
:10165000F0900004120B45E41204F2A804A905AAB4
:1016600006AB07E4FFFE7DFA7C431203DC900034F6
:10167000120BA2900034E0FF900032E0FE04F07400
:10168000082EF582E43400F583EFF0900035E0FF9A
:10169000900032E0FE04F074082EF582E43400F588
:1016A00083EFF0900036E0FF900032E0FE04F0742B
:1016B000082EF582E43400F583EFF0900037E0FF68
:1016C000900032E0FE04F074082EF582E43400F558
:1016D00083EFF0900033E0FEC0067B017A007904CE
:1016E0007D187F04125C07D0E04F900033F090002B
:1016F00004120B457810120AB5900032E0FE04F097
:1017000074082EF582E43400F583EFF090000412A3
:101710000B457808120AB5900032E0FE04F0740818
:101720002EF582E43400F583EFF0900004120B45AF
:10173000900032E0FE04F074082EF582E43400F5E7
:1017400083EFF07B017A00790890089CE4F0A374A1
:1017500010F07F04123C0EEF6007900033E044016C
:10176000F09005D0E0900008F09005D1E0900009DD
:10177000F09005D2E090000AF0900033E0FEC00641
:101780007B017A007908900064E4F0A37403F0E42C
:10179000FFFE124D3FD0E04F900033F0E0FEC00658
:1017A0007F01127130D0E04FFF900033F0229000A3
:1017B00006EFF0E490002FF07A00794178417C0048
:1017C0007D017BFF7A7E7906FE7F04120681900000
:1017D00006E0FFC394037480948050089000407426
:1017E0001FF080069000407410F090002FE0FEC0C3
:1017F00006900040E0FD900826E4F0A3EDF07B01A8
:101800007A007930A3120C497A00793490082B12AF
:101810000C497A00790712244FD0E04F90002FF046
:10182000900006E0FFC39403748094804003021C80
:101830002090002FE0FEC006C007900047120BAEBC
:101840000000005AD0077DC9125C9DD0E04F900087
:101850002FF0E0FEC006900047120BAE0000A87EFD
:10186000900006E0FF7D01125C9DD0E04F90002FBC
:10187000F0E0FEC006900047120BAE0000000090A2
:101880000006E0FF7D70125C9DD0E04F90002FF0CD
:10189000E0FEC006900047120BAE00000904900065
:1018A00006E0FF7D03125C9DD0E04F90002FF0E03A
:1018B000FEC006900047120BAE0000000390000629
:1018C000E0FF7D30125C9DD0E04F90002FF0E0FEF5
:1018D000C006900047120BAE00003C27900006E0C7
:1018E000FF7D31125C9DD0E04F90002FF0E0FEC0F4
:1018F00006900047120BAE00000000900006E0FFCB
:101900007D02125C9DD0E04F90002FF0E0FEC006FB
:10191000900047120BAE0000002C900006E0FF7D07
:101920001E125C9DD0E04F90002FF0E0FEC00690AC
:101930000047120BAE0000FF00900006E0FF7D6D37
:10194000125C9DD0E04F90002FF0E0FEC0069000AA
:1019500047120BAE00000DB8900006E0FF7D6E123E
:101960005C9DD0E04F90002FF0E0FEC00690004755
:10197000120BAE0000D1DA900006E0FF7D6F125C22
:101980009DD0E04F90002FF0E0FEC006900007E0F1
:10199000FEA3E0FDEEEDFFE4FCFD900058120BA26B
:1019A000900006E0FF7D241248E4D0E04F90002F25
:1019B000F0E0FEC006900009E0FEA3E0FDEEEDFFC2
:1019C000E4FCFD900058120BA2900006E0FF7D257C
:1019D0001248E4D0E04F90002FF0E0FEC0069000E7
:1019E0000BE0FEA3E0FDEEEDFFE4FCFD90005812DD
:1019F0000BA2900006E0FF7D261248E4D0E04F9055
:101A0000002FF0E0FEC00690000DE0FEA3E0FDEE2A
:101A1000EDFFE4FCFD900058120BA2900006E0FFE1
:101A20007D271248E4D0E04F90002FF0E0FEC00682
:101A300090000FE0FEA3E0FDEEEDFFE4FCFD900062
:101A400058120BA2900006E0FF7D281248E4D0E077
:101A50004F90002FF0E0FEC006900011E0FEA3E0E2
:101A6000FDEEEDFFE4FCFD900058120BA290000685
:101A7000E0FF7D291248E4D0E04F90002FF0E0FE17
:101A8000C006900013E0FEA3E0FDEEEDFFE4FCFDD8
:101A9000900058120BA2900006E0FF7D171248E458
:101AA000D0E04F90002FF0E0FEC006900015E0FE61
:101AB000A3E0FDEEEDFFE4FCFD900058120BA290B8
:101AC0000006E0FF7D181248E4D0E04F90002FF0B0
:101AD000E0FEC006900017E0FEA3E0FDEEEDFFE49F
:101AE000FCFD900058120BA2900006E0FF7D191239
:101AF00048E4D0E04F90002FF0E0FEC006900019BF
:101B0000E0FEA3E0FDEEEDFFE4FCFD900058120BBB
:101B1000A2900006E0FF7D1A1248E4D0E04F90004A
:101B20002FF0E0FEC00690001BE0FEA3E0FDEEED0E
:101B3000FFE4FCFD900058120BA2900006E0FF7D30
:101B40001B1248E4D0E04F90002FF0E0FEC006905A
:101B5000001DE0FEA3E0FDEEEDFFE4FCFD9000586B
:101B6000120BA2900006E0FF7D1C1248E4D0E04F6B
:101B700090002FF0E0FEC006900047120BAE000070
:101B80000001900006E0FF7DC9125C9DD0E04F90FF
:101B9000002FF0E0FEC006900006E0FF7B017A0017
:101BA00079387D3E125C07D0E04F90002FF0E0FEC8
:101BB000C006900006E0FF7B017A00793C7D5E1252
:101BC0005C07D0E04F90002FF0A3120B4590003837
:101BD000120B61C3120AA4601A900034120B4590D4
:101BE000003C120B61C3120AA4600890002FE0446D
:101BF00010FF22900030120B45900006E0FB75F0BC
:101C00003A900347120C1D120BA2900034120B45A0
:101C100075F03AEB90034B120C1D120BA2021E4DF5
:101C200090002FE0FEC006900047120BAE000008A7
:101C300000900006E0FF7D30125C9DD0E04F9000E8
:101C40002FF0E0FEC006900047120BAE000000BC73
:101C5000900006E0FF7D32125C9DD0E04F90002F97
:101C6000F0E0FEC006900047120BAE00002000908E
:101C70000006E0FF7D40125C9DD0E04F90002FF009
:101C8000E0FEC006900047120BAE0000003B900043
:101C900006E0FF7D41125C9DD0E04F90002FF0E008
:101CA000FEC006900047120BAE0000007E900006BA
:101CB000E0FF7D42125C9DD0E04F90002FF0E0FEEF
:101CC000C006900047120BAE0000003B900006E0FB
:101CD000FF7D43125C9DD0E04F90002FF0E0FEC0EE
:101CE00006900047120BAE00000000900006E0FFD7
:101CF0007D59125C9DD0E04F90002FF0E0FEC006B1
:101D0000900047120BAE000000A6900006E0FF7D99
:101D100032125C9DD0E04F90002FF0E0FEC00690A4
:101D20000047120BAE00000040900006E0FF7D610E
:101D3000125C9DD0E04F90002FF0E0FEC0069000B6
:101D400047120BAE00000000900006E0FF7D32124B
:101D50005C9DD0E04F90002FF0E0FEC006900006A2
:101D6000E0FF7B017A0079387D18125C07D0E04FE4
:101D700090002FF0900007E0900041F0900008E004
:101D8000900042F0900009E0900043F090000AE0DB
:101D9000900044F0900041120B45900006E0FB7566
:101DA000F03AA42477F582E43403F583120BA29071
:101DB000000BE0900041F090000CE0900042F090A9
:101DC000000DE0900043F090000EE0900044F09091
:101DD0000041120B45EB75F03AA4247BF582E43404
:101DE00003F583120BA290000FE0900041F09000E9
:101DF00010E0900042F0900011E0900043F090005D
:101E000012E0900044F0900041120B45EB75F03A5F
:101E1000A42473F582E43403F583120BA2900034FA
:101E2000120B45900038120B61C3120AA46008908F
:101E3000002FE04410FF22900034120B4590000662
:101E4000E075F03A90034B120C1D120BA27F00229A
:101E50007B017A0079047D107F01125C07900004F9
:101E6000120B45E41204F2E4FBFAF978461203DCA3
:101E7000E4FBFA79C078401203DC900008120BA250
:101E8000E4FFFE7DA07CC0900008120B611201E20D
:101E9000E4FBFA79A078401203DC7B0A7AD779A3B5
:101EA000783B1204794029E4FFFE7DA07CC09000BD
:101EB00008120B611201E2E4FBFA79A078401203E8
:101EC000DC7B0A7AD779A378BB12047960054003DA
:101ED0007F01227B017A0079047D117F01125C076A
:101EE000900004120B45E41204F2E4FBFAF9784680
:101EF0001203DCE4FBFA79C078401203DC9000089E
:101F0000120BA2E4FFFE7DA07CC0900008120B61C2
:101F10001201E2E4FBFA79A078401203DC7B0A7A32
:101F2000D779A3783B1204794029E4FFFE7DA07C99
:101F3000C0900008120B611201E2E4FBFA79A0786C
:101F4000401203DC7B0A7AD779A378BB120479604C
:101F50000540037F02227B017A0079047D0D7F0119
:101F6000125C07900004120B45E41204F2E4FBFA41
:101F7000F978461203DC900008120BA2E4FFFE7D04
:101F8000C87CC2900008120B611201E2E4FBFA79EE
:101F9000C878421203DC7B0A7AD779A3783B120413
:101FA000794029E4FFFE7DC87CC2900008120B61D5
:101FB0001201E2E4FBFA79C878421203DC7B0A7A68
:101FC000D779A378BB120479600540037F03227B95
:101FD000017A0079047D127F01125C0790000412DF
:101FE0000B45E41204F2E4FBFAF978461203DCE450
:101FF000FBFA79C078401203DC900008120BA2E4CF
:10200000FFFE7DA07CC0900008120B611201E2E48B
:10201000FBFA79A078401203DC7B0A7AD779A3789F
:102020003B1204794029E4FFFE7DA07CC0900008AB
:10203000120B611201E2E4FBFA79A078401203DC92
:102040007B0A7AD779A378BB120479600540037FB5
:1020500004227B017A0079047D0F7F01125C0790D6
:102060000004120B45E41204F2E4FBFAF97846127C
:1020700003DCE4FBFA79C078401203DC900008121C
:102080000BA2E4FFFE7DA07CC0900008120B611241
:1020900001E2E4FBFA79A078401203DC7B0A7AD7EC
:1020A00079A3783B1204794029E4FFFE7DA07CC02F
:1020B000900008120B611201E2E4FBFA79A078406B
:1020C0001203DC7B0A7AD779A378BB120479600506
:1020D00040037F05227B017A0079047D0E7F011287
:1020E0005C07900004120B45E41204F2E4FBFAF9D9
:1020F00078461203DC900008120BA2E4FFFE7DC8B4
:102100007CC2900008120B611201E2E4FBFA79C86C
:1021100078421203DC7B0A7AD779A3783B120479E0
:102120004029E4FFFE7DC87CC2900008120B6112BA
:1021300001E2E4FBFA79C878421203DC7B0A7AD721
:1021400079A378BB120479600540037F06227B01E6
:102150007A0079047D107F02125C07900004120B54
:1021600045E41204F2E4FBFAF978461203DCE4FBDE
:10217000FA79C078401203DC900008120BA2E4FF49
:10218000FE7DA07CC0900008120B611201E2E4FB0E
:10219000FA79A078401203DC7B0A7AD779A3783BDE
:1021A0001204794029E4FFFE7DA07CC09000081253
:1021B0000B611201E2E4FBFA79A078401203DC7BA8
:1021C0000A7AD779A378BB120479600540037F07A8
:1021D000227B017A0079047D117F02125C07900056
:1021E00004120B45E41204F2E4FBFAF978461203F8
:1021F000DCE4FBFA79C078401203DC900008120B93
:10220000A2E4FFFE7DA07CC0900008120B611201C9
:10221000E2E4FBFA79A078401203DC7B0A7AD779F2
:10222000A3783B1204794029E4FFFE7DA07CC09096
:102230000008120B611201E2E4FBFA79A078401267
:1022400003DC7B0A7AD779A378BB12047960054056
:10225000037F08227B017A0079047D0D7F01125CE7
:1022600007900004120B45E41204F2E4FBFAF9783B
:10227000461203DC900008120BA2E4FFFE7DC87C2E
:10228000C2900008120B611201E2E4FBFA79C878EF
:10229000421203DC7B0A7AD779A3783B1204794097
:1022A00029E4FFFE7DC87CC2900008120B61120178
:1022B000E2E4FBFA79C878421203DC7B0A7AD77928
:1022C000A378BB120479600540037F09227B017A61
:1022D0000079047D127F01125C07900004120B4507
:1022E000E41204F2E4FBFAF978461203DCE4FBFAA8
:1022F00079C078401203DC900008120BA2E4FFFEC4
:102300007DA07CC0900008120B611201E2E4FBFA90
:1023100079A078401203DC7B0A7AD779A3783B1244
:1023200004794029E4FFFE7DA07CC0900008120BD8
:10233000611201E2E4FBFA79A078401203DC7B0A27
:102340007AD779A378BB120479600540037F0A220B
:102350007B017A0079047D0F7F01125C07900004F5
:10236000120B45E41204F2E4FBFAF978461203DC9E
:10237000E4FBFA79C078401203DC900008120BA24B
:10238000E4FFFE7DA07CC0900008120B611201E208
:10239000E4FBFA79A078401203DC7B0A7AD779A3B0
:1023A000783B1204794029E4FFFE7DA07CC09000B8
:1023B00008120B611201E2E4FBFA79A078401203E3
:1023C000DC7B0A7AD779A378BB12047960054003D5
:1023D0007F0B227B017A0079047D0E7F01125C075E
:1023E000900004120B45E41204F2E4FBFAF978467B
:1023F0001203DC900008120BA2E4FFFE7DC87CC231
:10240000900008120B611201E2E4FBFA79C87842ED
:102410001203DC7B0A7AD779A3783B12047940292E
:10242000E4FFFE7DC87CC2900008120B611201E23D
:10243000E4FBFA79C878421203DC7B0A7AD779A3E5
:1024400078BB120479600540037F0C227F00229044
:102450000822EFF0900823120C4990082EE4F0A314
:10246000E4F0900830E4F0A3E4F07BFF7A7D792675
:10247000C003C002C0017B017A087932A801AC0216
:10248000AD03D001D002D0037E007F64120681909C
:102490000823120C29AE02AF01EF4E602D900828E0
:1024A000120C29AE02AF01EF4E601F90082B120CE8
:1024B00029AE02AF01EF4E6011900826E0FEA3E0C6
:1024C000FFC3EF9407EE940050037F05229008228B
:1024D000E0FFEF120C7E24E60124FB022510032509
:1024E00025040000253890082EE4F0A37403F09032
:1024F00008307410F0A37403F0803D90082EE4F0CF
:10250000A37422F09008307410F0A37422F0802895
:1025100090082EE4F0A37432F09008307410F0A309
:102520007432F0801390082EE4F0A37451F09008F8
:10253000307410F0A37451F0900826E0FEA3E0FF81
:10254000D3EF9464EE940040037F052290082EE0C0
:10255000FEA3E0FF7B017A087932900826E0FCA315
:10256000E0FD90012DECF0A3EDF01247A07E00EF0E
:102570004E60030226EC7B017A087932900826E04F
:10258000FEA3E0FFEF24FFFDEE34FFFC12017B9081
:102590000896EFF0900826E0FEA3E0FF74312FF5D7
:1025A0008274083EF583E0FF900897EFF09008975B
:1025B000E0FF900896E0FEEE6F60030226EC9008C4
:1025C00026E0FEA3E0FF742C2FF58274083EF5830D
:1025D000E0FFE4FCFDFE7808120AC8C004C005C094
:1025E00006C007900826E0FEA3E0FF742B2FF582BB
:1025F00074083EF583E0FFE4FCFDFE7810120AC883
:10260000A804A905AA06AB07D007D006D005D004B8
:10261000120A73A804A905AA06AB07900826E0FED3
:10262000A3E0FF742D2FF58274083EF583E0FFE4EC
:10263000FCFDFE120A73900828120C29120B2B9035
:102640000826E0FEA3E0FF742F2FF58274083EF504
:1026500083E0FFE4FCFDFE7808120AC8C004C00550
:10266000C006C007900826E0FEA3E0FF742E2FF5F9
:102670008274083EF583E0FFE4FCFDFE7810120A48
:10268000C8A804A905AA06AB07D007D006D005D074
:1026900004120A73A804A905AA06AB07900826E04D
:1026A000FEA3E0FF74302FF58274083EF583E0FF4F
:1026B000E4FCFDFE120A7390082B120C29120B2B5E
:1026C000900826E0FEA3E0FF7B017A087932C00380
:1026D000C002C001900823120C29A801AC02AD036E
:1026E000D001D002D0031206817F0022900830E092
:1026F000FEA3E0FF7B017A087932900826E0FCA374
:10270000E0FD90012DECF0A3EDF01247A07E00EF6C
:102710004E600302288C7B017A087932900826E00B
:10272000FEA3E0FFEF24FFFDEE34FFFC12017B90DF
:102730000896EFF0900826E0FEA3E0FF74312FF535
:102740008274083EF583E0FF900897EFF0900897B9
:10275000E0FF900896E0FEEE6F600302288C900880
:1027600026E0FEA3E0FF742C2FF58274083EF5836B
:10277000E0FFE4FCFDFE7808120AC8C004C005C0F2
:1027800006C007900826E0FEA3E0FF742B2FF58219
:1027900074083EF583E0FFE4FCFDFE7810120AC8E1
:1027A000A804A905AA06AB07D007D006D005D00417
:1027B000120A73A804A905AA06AB07900826E0FE32
:1027C000A3E0FF742D2FF58274083EF583E0FFE44B
:1027D000FCFDFE120A73900828120C29120B2B9094
:1027E0000826E0FEA3E0FF742F2FF58274083EF563
:1027F00083E0FFE4FCFDFE7808120AC8C004C005AF
:10280000C006C007900826E0FEA3E0FF742E2FF557
:102810008274083EF583E0FFE4FCFDFE7810120AA6
:10282000C8A804A905AA06AB07D007D006D005D0D2
:1028300004120A73A804A905AA06AB07900826E0AB
:10284000FEA3E0FF74302FF58274083EF583E0FFAD
:10285000E4FCFDFE120A7390082B120C29120B2BBC
:10286000900826E0FEA3E0FF7B017A087932C003DE
:10287000C002C001900823120C29A801AC02AD03CC
:10288000D001D002D0031206817F002290082EE0F2
:10289000FEA3E0FF7B017A087932900826E0FCA3D2
:1028A000E0FD90012DECF0A3EDF01247A07E00EFCB
:1028B0004E60047F01803E900830E0FEA3E0FF7B85
:1028C000017A087932900826E0FCA3E0FD90012D02
:1028D000ECF0A3EDF01247A07E00EF4E60047F0104
:1028E0008013900822E0FF7E00EF64014E70047FA9
:1028F0000380027F0422900046EFF0FBE4A3F0A3E4
:10290000120BAE0000000090004C120BAE00000055
:1029100000900050120BAE00000000EBFF3395E07A
:10292000FE7C007D3A12077674452FF974033EFA57
:102930007B01900054120C49900001E4120754905E
:102940000046E0FF3395E0FEC3EF9401EE6480940F
:10295000805003022D04D3EF9404EE6480948040F1
:1029600003022D04C3EF9403EE64809480400302BD
:102970002B96A3E0FEC006900046E07A00794C7DDD
:102980003E125C07D0E04F900047F0600F9000547B
:10299000120C291206C9440112074222900047E096
:1029A000FEC006900046E0FF7B017A0079507D5E14
:1029B000125C07D0E04F900047F0600F9000541277
:1029C0000C291206C9440112074222900054120C2D
:1029D00029900002120AFB90004C120B61C3120AEC
:1029E000A47018900054120C29900006120AFB9053
:1029F0000050120B61C3120AA4600E900054120C16
:102A0000291206C94402120742900047E0FEC006A0
:102A1000900046E0FF7B017A0079487D1B125C073D
:102A2000D0E04F900047F0600F900054120C291234
:102A300006C9440112074222900048120B45EF5488
:102A400001FFE4FEFDFCEF600E900054120C291211
:102A500006C94402120742900048120B45EF540287
:102A6000FFE4FEFDFCEF7003022D04900054120CF5
:102A70002990000E120BF900000000900012120BBA
:102A8000F900000000900016120BF9000000009001
:102A9000001A120BF90000000090001E120BF90042
:102AA000000000900022120BF90000000090004787
:102AB000E0FEC006900046E0FFE9240EF9E43AFA91
:102AC0007D0D125C07D0E04F900047F0E0FEC0069D
:102AD000900046E0FF900054120C29E92412F9E41A
:102AE0003AFA7D0E125C07D0E04F900047F0E0FE0E
:102AF000C006900046E0FF900054120C29E924160D
:102B0000F9E43AFA7D0F125C07D0E04F900047F0ED
:102B1000E0FEC006900046E0FF900054120C29E948
:102B2000241AF9E43AFA7D10125C07D0E04F9000C5
:102B300047F0E0FEC006900046E0FF900054120C03
:102B400029E9241EF9E43AFA7D11125C07D0E04F1E
:102B5000900047F0E0FEC006900046E0FF90005471
:102B6000120C29E92422F9E43AFA7D12125C07D00A
:102B7000E04F900047F0600F900054120C291206AD
:102B8000C9440112074222900054120C29900001FE
:102B9000740112075422900047E0FEC006900046E0
:102BA000E0FF7B017A00794C7D18125C07D0E04F82
:102BB000900047F030E00F900054120C291206C923
:102BC000440112074222900054120C299000061270
:102BD0000AFB90004C120B61C3120AA4600E900015
:102BE00054120C291206C94402120742900047E011
:102BF000FEC006900046E0FF7B017A0079487D31F7
:102C0000125C07D0E04F900047F030E00F90005486
:102C1000120C291206C944011207422290004812E0
:102C20000B45E4FFEE5408FEE4FDFCEE7003022DBC
:102C300004900054120C2990000E120BF9000000B1
:102C40000090001A120BF900000000900026120BF1
:102C5000F90000000090002A120BF900000000901B
:102C60000047E0FEC006900046E0FFE9241AF9E4C0
:102C70003AFA7D06125C07D0E04F900047F0E0FE84
:102C8000C006900046E0FF900054120C29E9240E83
:102C9000F9E43AFA7D08125C07D0E04F900047F063
:102CA000E0FEC006900046E0FF900054120C29E9B7
:102CB0002426F9E43AFA7D0A125C07D0E04F90002E
:102CC00047F0E0FEC006900046E0FF900054120C72
:102CD00029E9242AF9E43AFA7D0B125C07D0E04F87
:102CE000900047F030E00F900054120C291206C9F2
:102CF000440112074222900054120C2990000174E2
:102D00000112075422440549000000005005AA00A2
:102D10000000000000000000000000000000004271
:102D200005E00000C1004105BA004105BB004205B5
:102D3000E200004205D600006037055D000000009B
:102D40000000000000000000000000000000000083
:102D50000000000000000000000000000000000073
:102D60000000000000000000000000000000000063
:102D70000000004B0594000000000000000000006F
:102D8000004B059F00000000000000000000004113
:102D9000053200410548004C04670001000A006448
:102DA00003E8271086A046047900000000000041D7
:102DB000047F004104800044052C0000000042050F
:102DC00030000046061400000000000041061A0012
:102DD00041061C004106C8014106880141068A01DE
:102DE00041061D0141068B00410689004606D700B9
:102DF000000000000042076400004107390044075A
:102E000076000000005007540000000000000000A1
:102E100000000000000000004206C90000C101508F
:102E20000766000000000000000000000000000035
:102E300000004407400000000046073A0000000080
:102E400000005007440000000000000000000000E7
:102E50000000000000500719000000000000000002
:102E60000000000000000000500709000000000002
:102E700000000000000000000000005007290000D2
:102E80000000000000000000000000000000C1027F
:102E9000440A7500000000C103C104410A920041C8
:102EA000090A00420908FFFF410959224109722D10
:102EB000420973008058095A000000010000001008
:102EC00000000100000010000001000000100000E0
:102ED00060E8037F00000000000000000000000028
:102EE00000000000000000000000000000000000E2
:102EF00000000000000000000000000000000000D2
:102F000000000000000000000000000000000000C1
:102F100000000000000000000000000000000000B1
:102F200000000000000000000000000000000000A1
:102F30000000000000000000000000000000000091
:102F40000000000000000000000000000000000081
:102F50000000000000000000000000000000000071
:102F60000000000000000000000000000000000061
:102F70000000000000000000000000000000000051
:102F80000000000000000000000000000000000041
:102F90000000000000000000000000000000000031
:102FA0000000000000000000000000000000000021
:102FB000000000000000000000000000C105410A00
:102FC000940000900A8BE4F07B017A07799C1265EB
:102FD00086900A8BEFF0900A8BE0FFC0077B017AA6
:102FE0000779BF126626AE07D007EF4EFF900A8B17
:102FF000EFF0900A8BE0FFC0077B017A087900129E
:1030000066C6AE07D007EF4EFF900A8BEFF0900A2E
:103010008BE0FFC0077B017A0779AF126766AE07C6
:10302000D007EF4EFF900A8BEFF0900A8CE4F090FF
:103030000A8CE0FF7E00C3EF9404EE64809480501D
:103040003B900A8BE0FFC007900A8CE0FF7E07EF01
:103050008EF0A4FFAEF074062FF974083EFA7B01DF
:10306000900A8CE0FF1251A0AE07D007EF4EFF9000
:103070000A8BEFF0900A8CE004F080B3900A8BE0AA
:10308000FFC0077B017A0779A0126806AE07D00758
:10309000EF4EFF900A8BEFF0900A8BE0FFC0077BAA
:1030A000017A0779A5126946AE07D007EF4EFF9067
:1030B0000A8BEFF0900A8BE0FFC0077B017A08795A
:1030C000051269E6AE07D007EF4EFF900A8BEFF0CE
:1030D000900A8BE0FFC0077B017A0779AE126A86FF
:1030E000AE07D007EF4EFF900A8BEFF0900A8BE00F
:1030F000FFC0077B017A0779AD126B26AE07D007B8
:10310000EF4EFF900A8BEFF0900A8CE4F0900A8C5F
:10311000E0FF7E00C3EF9404EE64809480503B9007
:103120000A8BE0FFC007900A8CE0FF7E0FEF8EF065
:10313000A4FFAEF074C42FF974073EFA7B01900A25
:103140008CE0FF125265AE07D007EF4EFF900A8B5E
:10315000EFF0900A8CE004F080B3900A8CE4F090D9
:103160000A8CE0FF7E00C3EF9404EE6480948050EC
:103170003B900A8BE0FFC007900A8CE0FF7E03EFD4
:103180008EF0A4FFAEF0747A2FF974073EFA7B013B
:10319000900A8CE0FF1253EFAE07D007EF4EFF907E
:1031A0000A8BEFF0900A8CE004F080B3900A8BE079
:1031B000FFC0077B017A0779AB126BC6AE07D00759
:1031C000EF4EFF900A8BEFF0900A8BE0FFC0077B79
:1031D000017A077986126C66AE07D007EF4EFF9032
:1031E0000A8BEFF0900A8BE0FF22900988EEF0A3A3
:1031F000EFF090098AECF0A3EDF090098CEAF0A3CF
:10320000EBF0900990120C29AE02AF01EF4E700363
:103210007F02229009987402F0900988E0FEA3E0F2
:10322000FF900990120C29900993E0FCA3E0FD9017
:10323000012DECF0A3EDF01247A0900997EFF0906C
:103240000997E0FF7E00EF4E602E900998E014F0A1
:10325000900998E0FF7E00D3EF9400EE64809480A4
:10326000401680028012900998E0FF7E00D3EF9410
:1032700000EE6480948050A1900997E0FF7E00EFFB
:103280004E70709009987402F090098AE0FEA3E0F5
:10329000FF7B017A09799590012DE4F0A37401F088
:1032A0001247A0900997EFF0900997E0FF7E00EF9A
:1032B0004E6018900998E014F0900998E0FF7E00A5
:1032C000D3EF9400EE6480948050BE900997E0FFA5
:1032D0007E00EF4E701D900990120C29900993E02A
:1032E000FCA3E0FD12017B900995E0FEEFB506031B
:1032F0007F00229009987402F090098CE0FEA3E010
:10330000FF900990120C29900993E0FCA3E0FD9036
:10331000012DECF0A3EDF01247A0900997EFF0908B
:103320000997E0FF7E00EF4E6018900998E014F0D6
:10333000900998E0FF7E00D3EF9400EE64809480C3
:1033400050B7900997E0FF7E00EF4E60030233FB19
:103350009009987402F090098EE0FEA3E0FF7B01D3
:103360007A09799690012DE4F0A37401F01247A038
:10337000900997EFF0900997E0FF7E00EF4E6018FC
:10338000900998E014F0900998E0FF7E00D3EF9444
:1033900000EE6480948050BE900997E0FF7E00EFBD
:1033A0004E7058900990120C29900993E0FCA3E00C
:1033B000FD12017B900996E0FEEF6E703E90098849
:1033C000E0FEA3E0FF900990120C29900993E0FC25
:1033D000A3E0FD900064ECF0A3EDF0124D3F9009E6
:1033E0008AE0FEA3E0FF7B017A097996900064E40D
:1033F000F0A37401F0124D3F7F0322900997E0FF84
:103400007E00EF64014E70047F0180027F042290F1
:10341000026EEEF0A3EFF0900270ECF0A3EDF090EE
:103420000272EAF0A3EBF090037D7401F090027653
:10343000120C29AE02AF01EF4E70037F0222900200
:1034400079E0FEA3E0FFEF4E6011900279E0FEA369
:10345000E0FFD3EF9400EE940140037F0522900239
:1034600076120C29900279E0FCA3E0FD12017B901A
:10347000027BEFF090026EE0FEA3E0FF9002761276
:103480000C29900279E0FCA3E0FD900064ECF0A32D
:10349000EDF0124D3F90037EEFF090037EE0FFC011
:1034A00007900270E0FEA3E0FF7B017A02797B9037
:1034B0000064E4F0A37401F0124D3FAE07D007EFB3
:1034C0004EFF90037EEFF07E017F007D007B017A4E
:1034D00002797C120E8190026EE0FEA3E0FF7B0178
:1034E0007A02797C900279E0FCA3E0FD90012DEC5A
:1034F000F0A3EDF01247A0900279E0FEA3E0FF9068
:103500000276120C29C003C002C0017B017A027945
:103510007CA801AC02AD03D001D002D003120E5D35
:10352000EF3395E0FEEF4E600590037DE4F09002EE
:1035300070E0FEA3E0FF7B017A03797C90012DE42B
:10354000F0A37401F01247A090027BE0FF90037C8F
:10355000E0FEEE6F600590037DE4F0900272E0FE05
:10356000A3E0FF900276120C29900279E0FCA3E020
:10357000FD900064ECF0A3EDF0124D3F900274E07A
:10358000FEA3E0FF7B017A02797B900064E4F0A364
:103590007401F0124D3F7E017F007D007B017A02B5
:1035A000797C120E81900272E0FEA3E0FF7B017A2B
:1035B00002797C900279E0FCA3E0FD90012DECF013
:1035C000A3EDF01247A0900279E0FEA3E0FF900285
:1035D00076120C29C003C002C0017B017A02797CFB
:1035E000A801AC02AD03D001D002D003120E5DEFF2
:1035F0003395E0FEEF4E600590037DE4F090027499
:10360000E0FEA3E0FF7B017A03797C90012DE4F0DA
:10361000A37401F01247A090027BE0FF90037CE0CE
:10362000FEEE6F600590037DE4F07F00227B017A5F
:103630000079047D107F01125C07E4FF7E05FDFC2C
:10364000900004120B61D3120AA440037F01227B75
:10365000017A0079047D117F01125C07E4FF7E0589
:10366000FDFC900004120B61D3120AA440037F02F8
:10367000227B017A0079047D0D7F01125C07E4FF53
:103680007E05FDFC900004120B61D3120AA44003D6
:103690007F03227B017A0079047D127F01125C078F
:1036A000E4FF7E05FDFC900004120B61D3120AA416
:1036B00040037F04227B017A0079047D0F7F011291
:1036C0005C07E4FF7E05FDFC900004120B61D31241
:1036D0000AA440037F05227B017A0079047D0E7FD6
:1036E00001125C07E4FF7E05FDFC900004120B61F3
:1036F000D3120AA440037F06229007ABE0D39402C2
:103700007480948050030237DF7B017A0079047D56
:10371000107F02125C07E4FF7E05FDFC900004129E
:103720000B61D3120AA440037F07227B017A007940
:10373000047D117F02125C07E4FF7E05FDFC900012
:1037400004120B61D3120AA440037F08227B017A82
:103750000079047D0D7F02125C07E4FF7E05FDFC0D
:10376000900004120B61D3120AA440037F09227B4C
:10377000017A0079047D127F02125C07E4FF7E0566
:10378000FDFC900004120B61D3120AA440037F0ACF
:10379000227B017A0079047D0F7F02125C07E4FF2F
:1037A0007E05FDFC900004120B61D3120AA44003B5
:1037B0007F0B227B017A0079047D0E7F02125C0769
:1037C000E4FCFDFE900004120BA2E4FF7E05FDFC6C
:1037D000900004120B61D3120AA440037F0C227BD9
:1037E000017A0079047D087F04125C07E4FF7E05FE
:1037F000FDFC900004120B61D3120AA440037F0D5C
:10380000227B017A0079047D067F04125C07E4FFC5
:103810007E05FDFC900004120B61D3120AA4400344
:103820007F0E227F002278027C007D017BFF7A7D63
:1038300079FB7E007F0B120681AE84E490000DF0D0
:10384000A3F075840F20CC03FF80027F019000025B
:10385000EFF020CD047F0080027F01900003EFF0A5
:1038600020A0047F0080027F01900004EFF020A1DF
:10387000047F0080027F01900005EFF020A2047F0A
:103880000080027F01900006EFF020A3047F0080FB
:10389000027F01900007EFF020A4047F0080027FE8
:1038A00001900008EFF020A5047F0080027F0190C6
:1038B0000009EFF020A6047F0080027F0190000A3B
:1038C000EFF020A7047F0080027F0190000BEFF053
:1038D0002093047F0080027F0190000CEFF0AF0680
:1038E0008F84E4FBEBC3940B748094804003023A12
:1038F0001C74022BF582E43400F583E0FF74942BF2
:10390000F582E43405F583E0FEEB75F005A4245D53
:10391000F582E43405F583E5822EF582E43583F5FE
:1039200083EFF074942BF582E43405F583E004759D
:10393000F0058474942BF582E43405F583E5F0F00A
:1039400074942BF582E43405F583E0701A749F2B90
:10395000F582E43405F583E0700D749F2BF582E465
:103960003405F5837401F0749F2BF582E43405F57A
:1039700083E07003023A18E4FAFCFDEDC394057489
:103980008094805024EB75F005A4245DF582E43426
:1039900005F583E5822DF582E43583F583E0640146
:1039A00070030A80010C0D80D27E007401A8030808
:1039B0008005C333CE33CED8F9FF90000DEEF0A3CF
:1039C000EFF0C3EC94037480948040209005D6E01F
:1039D000FEA3E0FF90000DE0FCA3E0FDEE4CFEEF47
:1039E0004DFF9005D6EEF0A3EFF0802CC3EA9403D0
:1039F0007480948040229005D6E0FEA3E0FF900002
:103A00000DE0FCA3E0F4FDECF4FCEE5CFEEF5DFFEA
:103A10009005D6EEF0A3EFF00B0238E4229009B93E
:103A2000120C499009BF120BAE000000009009B9BA
:103A3000120C291206C9FF7E00EF24D0FFEE3407D6
:103A4000FE9009C3EEF0A3EFF09009C57407F0A350
:103A500074D0F09009C3E0FEA3E0FF9009C5E0FC3C
:103A6000A3E0FDC3ED9FEC9E505B9009BF120B4598
:103A7000C004C005C006C0079009C5E0FEA3E0FF72
:103A8000126D53EF60127F007E857DE27C01AB07F3
:103A9000AA06A905A80480107F807E337DE17C0101
:103AA000AB07AA06A905A804D007D006D005D00404
:103AB00012093B9009BF120BA29009C5E475F001F1
:103AC000120813808E9009C77401F09009B9120C86
:103AD000297582017583001206E2FF9009C7E0FE96
:103AE000EEC39F504E9009BF120B45C004C005C0E5
:103AF00006C0079009C3E0FEA3E0FF9009C7E0FD00
:103B000012636FE4FCFDFE7B807A5179017800122C
:103B10000956A804A905AA06AB07D007D006D00508
:103B2000D00412093B9009BF120BA29009C7E00410
:103B3000F080989009BF120B45C004C005C006C0B4
:103B4000079009B9120C297582027583001206E2EA
:103B5000FFEF14FFE4FCFDFE7B807A5179017800D1
:103B6000120956C004C005C006C0079009BC120C5B
:103B7000291206C9FF7E007C0E7D10120CAAA80433
:103B8000A905AA06AB07D007D006D005D0041209B4
:103B90003BC004C005C006C0079009BC120C2975C3
:103BA00082017583001206E2FF7E007C007D3C12DC
:103BB0000CAAA804A905AA06AB07D007D006D00511
:103BC000D00412093BC004C005C006C0079009BC60
:103BD000120C297582027583001206E2FFAB07E41E
:103BE000FAF9F8D007D006D005D00412093BA80492
:103BF000A905AA06AB07D007D006D005D004120944
:103C00003B9009BF120BA29009BF120B45229008EE
:103C100098EFF0900899120C4990089EE4F0A3E404
:103C2000F07BFF7A7D798AC003C002C0017B017AF4
:103C30000879A0A801AC02AD03D001D002D0037E68
:103C4000007F641206819009047402F0900905E473
:103C5000F0900899120C29AE02AF01EF4E70037F6D
:103C60000222900898E0FFEF120C7E3C7B013C861C
:103C7000023C91033C9C0400003CA590089EE4F0AB
:103C8000A37403F0801F90089EE4F0A37422F080D8
:103C90001490089EE4F0A37432F0800990089EE42A
:103CA000F0A37451F0900904E0FF14F0EF700302E8
:103CB0003D9790089EE0FEA3E0FF900899120C2922
:103CC00090089CE0FCA3E0FD900064ECF0A3EDF014
:103CD000124D3F7E00EF4E70CC7E007F647D007BF6
:103CE000017A0879A0120E8190089EE0FEA3E0FF01
:103CF0007B017A0879A090089CE0FCA3E0FD90018C
:103D00002DECF0A3EDF01247A07E00EF4E709690E0
:103D1000089CE0FEA3E0FF900899120C29C003C0A4
:103D200002C0017B017A0879A0A801AC02AD03D0E2
:103D300001D002D003120E5DEF3395E0FEEF4E602E
:103D400003023CA57B017A0879A090089CE0FEA3C1
:103D5000E0FFEF24FFFDEE34FFFC12017B9009062B
:103D6000EFF090089CE0FEA3E0FF749F2FF58274B3
:103D7000083EF583E0FF900907EFF0900907E0FFA8
:103D8000900906E0FEEE6F6003023CA59009057401
:103D900001F08003023CA5900905E0FFEF60047F7D
:103DA0000080027F06229000047401F09007ABE0CF
:103DB000D394027480948040089000057403F080CE
:103DC000069000057402F09000047401F090000564
:103DD000E0FE900004E0FFC39E4003023E86C00761
:103DE000900047120BAE0000005AD0077DC9125C4C
:103DF0009D900047120BAE00000000900004E0FF11
:103E00007D24125C9D900047120BAE0000000090D4
:103E10000004E0FF7D25125C9D900047120BAE0070
:103E2000000000900004E0FF7D26125C9D9000479A
:103E3000120BAE00000000900004E0FF7D27125C32
:103E40009D900047120BAE00000000900004E0FFC0
:103E50007D28125C9D900047120BAE000000009080
:103E60000004E0FF7D29125C9D900047120BAE001C
:103E7000000001900004E0FF7DC9125C9D900004E9
:103E8000E004F0023DCD7F647E0012705490004744
:103E9000120BAE0000005A7DC97F01125C9D90009C
:103EA00047120BAE0000005A7DC97F02125C9D7D57
:103EB000017F01124E457D027F01124E457D037F39
:103EC00001124E457D047F01124E457D057F011292
:103ED0004E457D067F01124E457D017F02124E4503
:103EE0007D027F02124E457D037F02124E457D0406
:103EF0007F02124E457D057F02124E457D067F02F0
:103F0000124E45900047120BAE000000017DC97FA4
:103F100001125C9D900047120BAE000000017DC9AC
:103F20007F02125C9D229007ABE0D39402748094D0
:103F30008040089000057403F0800690000574022C
:103F4000F09000047401F0900005E0FE900004E0A1
:103F5000FFC39E4003024000C007900047120BAE13
:103F60000000005AD0077DC9125C9D900047120BDB
:103F7000AE00000000900004E0FF7D17125C9D90F1
:103F80000047120BAE00000000900004E0FF7D1817
:103F9000125C9D900047120BAE00000000900004E0
:103FA000E0FF7D19125C9D900047120BAE000000EF
:103FB00000900004E0FF7D1A125C9D900047120BF8
:103FC000AE00000000900004E0FF7D1B125C9D909D
:103FD0000047120BAE00000000900004E0FF7D1CC3
:103FE000125C9D900047120BAE000000019000048F
:103FF000E0FF7DC9125C9D900004E004F0023F47A1
:104000007F647E00127054900047120BAE000000D7
:104010005A7DC97F01125C9D900047120BAE0000D3
:10402000005A7DC97F02125C9D7D017F011244F11F
:104030007D027F011244F17D037F011244F17D0472
:104040007F011244F17D057F011244F17D067F015D
:104050001244F17D017F021244F17D027F0212447D
:10406000F17D037F021244F17D047F021244F17D51
:10407000057F021244F17D067F021244F190004751
:10408000120BAE000000017DC97F01125C9D900003
:1040900047120BAE000000017DC97F02125C9D2219
:1040A0009009C8120C499009C8120C29AE02AF0140
:1040B000EF4E7003024211C2AF9005D0E0FF9009AD
:1040C000CBEFF09005D1E0FF9009CCEFF09005D256
:1040D000E0FF9009CDEFF09005D3E0FF9009CEEF1F
:1040E000F09005D4E0FF9009CFEFF09005D5E0FF08
:1040F0009009D0EFF0D2AF9009CBE0FFEF75F00A56
:1041000084FFEFC454F0FF9009CBE0FEEE75F00A97
:1041100084AEF0EE4FFF9009C8120C297582067527
:104120008300EF1207549009CCE0FFEF75F00A848A
:10413000FFEFC454F0FF9009CCE0FEEE75F00A8466
:10414000AEF0EE4FFF9009C8120C297582077583F7
:1041500000EF1207549009CDE0FFEF75F00A84FFDD
:10416000EFC454F0FF9009CDE0FEEE75F00A84AE86
:10417000F0EE4FFF9009C8120C2975820875830074
:10418000EF1207549009CEE0FFEF75F00A84FFEFBD
:10419000C454F0FF9009CEE0FEEE75F00A84AEF054
:1041A000EE4FFF9009C8120C29758209758300EF44
:1041B0001207549009CFE0FFEF75F00A84FFEFC4B7
:1041C00054F0FF9009CFE0FEEE75F00A84AEF0EEF9
:1041D0004FFF9009C8120C2975820A758300EF12EF
:1041E00007549009D0E0FFEF75F00A84FFEFC45444
:1041F000F0FF9009D0E0FEEE75F00A84AEF0EE4FCD
:10420000FF9009C8120C2975820B758300EF120705
:104210005422900076EFF0A3120C49E490007AF05B
:10422000A3F0A3F0A3F0A3F0A3F0E94A601A900072
:1042300076E0FF7E00C3940174809480400AD3EF3F
:1042400094047480948040037F0122900077120CC4
:1042500029120BDF00000000900076E024FE600EC3
:1042600014600F1460102403700EC2B1800AC2B231
:104270008006C2B38002C2B4AF057B017A00797AAE
:10428000125DBD90007FEFF060030243607B017A16
:1042900000797A7FFF125DBD90007FEFF06003022E
:1042A00043607B017A00797B7FFF125DBD90007FC8
:1042B000EFF060030243607B017A00797C7FFF129C
:1042C0005DBD90007FEFF0600302436090007DF0E1
:1042D000A3F0E59A5480601990007DE475F0011216
:1042E0000829FED3E5F09464EE940040E580028056
:1042F000E190007BE0FFE4FCFDFE7808120AC8C0F4
:1043000004C005C006C00790007AE0FFE4FCFDFE93
:104310007810120AC8D003D002D001D000120A735C
:10432000A804A905AA06AB0790007CE0FFE4FCFD09
:10433000FE120A73900077120C29120B2B90007654
:10434000E024FE600E14600F1460102403700ED27F
:10435000B1800AD2B28006D2B38002D2B47F0022EA
:10436000900076E024FE600E14600F1460102403A9
:10437000700ED2B1800AD2B28006D2B38002D2B41B
:104380007F0122900144EFF0E075F00BA4240BF9BB
:10439000740935F0FA7B01A3120C49120C5E120C61
:1043A000A4EF7003024497900145120C299000037A
:1043B0001206E2C394037480948050089000037442
:1043C0000112070F9000031206E264036003024427
:1043D000F09000081206E2702490000804120754BE
:1043E000900004E4F5F012090E90000AE41207545C
:1043F000900144E075F003A404FF1271759001452B
:10440000120C2990000612086AFFAEF0D39400EE59
:10441000940050030244F0900004E475F001120887
:10442000A2FCC3E5F09FEC9E403590000612086A9E
:10443000FF900004E5F08FF012090E9000091206BB
:10444000E2600E900145120C2990000A1206E270FB
:104450000E900144E075F003A42403FF12717590DF
:104460000145120C299000091206E2FFD394007452
:10447000809480407B90000A740112070FC39F4014
:104480006F90000AE4120754900144E075F003A411
:104490002402FF12717522900145120C299000032D
:1044A0001206E2D394007480948040089000037454
:1044B000FF12070F9000031206E2703490000812FA
:1044C00006E264017014900008120754900144E061
:1044D00075F003A42402FF127175900145120C2996
:1044E000900004E4F5F012090E90000AE41207545B
:1044F00022900006EFF0A3EDF0FF7E006401700A49
:104500009000107410F0A3741AF0EF64024E700A59
:104510009000107411F0A3741BF0EF64034E700A46
:10452000900010740DF0A37417F0EF64044E700A3D
:104530009000107412F0A3741CF0EF64054E700A22
:10454000900010740FF0A37419F0EF64064E700A17
:10455000900010740EF0A37418F0900006E0FF9025
:104560000010E0FD7B017A007908125C07900008DA
:10457000120B45E41204F2E4FBFAF978461203DC6C
:1045800090000C120BA2900007E0FF6403603DEF67
:104590006406603890000C120B45E4FBFA79C07891
:1045A000401203DC90000C120BA290000C120B6165
:1045B000E4FFFE7DA07C401203DCE4FBFA79807806
:1045C000BF1201E290000C120BA2802090000C128E
:1045D0000B61E4FFFE7DC87C421203DCE4FBFA7948
:1045E0008078BF1201E290000C120BA2E4FFFEFDE6
:1045F000FC90000C120B61120479401AE4FFFEFDDE
:104600007C4790000C120B611202D312053090000F
:1046100008120BA28022E4FFFEFD7C4790000C12E2
:104620000B611202D3E4FBFA798078471201E2129F
:104630000530900008120BA2900008120B45900064
:1046400047120BA2900011E0FD900006E0FF125C03
:104650009D22E4900002F012722A7F647E001270A4
:1046600054122FC3900002EFF014601B14601C243E
:1046700002701A7B017A0579D0125A367B017A05CD
:1046800079D3125AD38006C2968002C2967F141242
:10469000729890079DE0FEA3E0FFE4FCFD1263002A
:1046A00012019E1273AD1261AC1201449005BC124E
:1046B0000BAE000000009005C0120BAE0000000021
:1046C0009005C4120BAE000000009005C8120BAE9E
:1046D000000000009005CC120BAE00000000900519
:1046E000E4120BAE000000009005E8120BAE0000D3
:1046F00000009005EC120BAE000000009005F012D7
:104700000BAE000000009005F4120BAE000000009C
:104710009005F8120BAE000000009005FC120BAEE5
:1047200000000000900600120BAE00000000900692
:1047300004120BAE00000000900608120BAE000041
:10474000000090060C120BAE000000009006101244
:104750000BAE00000000E49005D6F0A3F0900764D3
:10476000F0A3F0C201C205900A94F0900002F0900C
:104770000002E0FFFD3395E0FCC3ED9406EC64809D
:1047800094805019EF3395E0FE74D72FF5827406AC
:104790003EF583E4F0900002E004F080D2D2AF2234
:1047A000900128EEF0A3EFF0A3120C49900132E53E
:1047B00084F0E4F58490012A120C29E94A601990EA
:1047C000012DE07002A3E0600FD3900129E094FF77
:1047D000900128E0947F4009900132E0F5847F0247
:1047E000221264E090012FEFF06009900132E0F5B1
:1047F000847F01227FA0125FC390012FEFF0600C35
:104800001270C5900132E0F5847F0122900128E00A
:10481000FF12613490012FEFF0600C1270C590010F
:1048200032E0F5847F0122900128E0A3E0FF1261CD
:104830003490012FEFF0600C1270C5900132E0F55A
:10484000847F012212653490012FEFF0600C12700A
:10485000C5900132E0F5847F01227FA1125FC390F1
:10486000012FEFF0600C1270C5900132E0F5847FEB
:104870000122E4900130F0A3F090012DE0FEA3E0CE
:10488000FF900130E0FCA3E0FDC39FEC9E5049EF98
:1048900024FFFFEE34FFFEEDB50708ECB506047FFC
:1048A0000080027F01900133EFF090012A120C2961
:1048B000E92DF9EA3CFA125EC990012FEFF0600C85
:1048C0001270C5900132E0F5847F0122900130E43E
:1048D00075F00112081380A11270C5900132E0F545
:1048E000847F0022AB05900056EFF0E490005CF06E
:1048F000A3F0A3F0A3F0A3F0A3F0A3F0FEC3EF9402
:104900000174809480400AD3EF94047480948040B2
:10491000037F0322900058120B457810120AB590BD
:104920000060EFF0900058120B457808120AB5901D
:104930000061EFF0900058120B45900062EFF0908C
:104940000056E024FE600E14600F14601024037003
:104950000EC2B1800AC2B28006C2B38002C2B4EBFA
:104960004480FBFF7B017A00795E125DBD90005FA1
:10497000EFF06003024A00A3E0FF7B017A00795E5A
:10498000125DBD90005FEFF07076900061E0FF7BFC
:10499000017A00795E125DBD90005FEFF07061906A
:1049A0000062E0FF7B017A00795E125DBD90005FDE
:1049B000EFF0704C90005CF0A3F0E59A5480601D1D
:1049C00090005CE475F001120829FED3E5F09464D0
:1049D000EE940040E590005F7402F0802390005652
:1049E000E024FE600E14600F1460102403700ED2D9
:1049F000B1800AD2B28006D2B38002D2B47F002244
:104A0000D2B1D2B2D2B3D2B47F0222E4FFFB900083
:104A10000DF0A3F09005D3E0FAA3E090000AF09027
:104A200005D2E0FE90000BF09005D1E090000CF074
:104A30009005D0E0F9900788E0FDEEB505159007E8
:104A400087E0FE90000CE0B50609900786E0FEE9DD
:104A50006E60027F01900787E0FE90000CE0B506D3
:104A600007900786E06960027B01EF7006EB700338
:104A7000024B03EA700D90000AE0D3940374809413
:104A8000804018EAD39400748094804003EF700B48
:104A9000EAC374809480406BEB6068EF601A900703
:104AA0008C120BAE00000000900790120BAE0000BD
:104AB000000090000D7401F0EB601A900794120B47
:104AC000AE00000000900798120BAE0000000090AE
:104AD000000D7401F0900786E9F090000CE090075B
:104AE00087F090000BE0900788F0A3EAF090000AAE
:104AF000E090078AF09005D5E090078BF090000ECB
:104B00007401F090000DE060097B017A07798C1246
:104B100068F690000EE060097B017A077986126CD6
:104B2000B622AB07900068120BAE00000000E490C4
:104B3000006CF0A3F0A3F0A3F0A3F0A3F0A3F0A304
:104B4000F0A3F0EBFF7E00C3940174809480400AD0
:104B5000D3EF94047480948040037F0222EBC394CB
:104B600003748094805008900075742EF080069035
:104B700000757417F0AF03900075E0FD7B017A00BB
:104B80007968124212900074EFF060037F01229066
:104B90000068120B457810120AB5EFE4A9079000DF
:104BA0006CE9F0900068120B45EFEEE490006DEEBA
:104BB000F0A3EFF0900063120B457810120AB5EFE6
:104BC000E4900071EFF0FB900063120B457808123F
:104BD0000AB5EFE4900072EFF0FA900063120B4513
:104BE000EFE4900073EFF0900067E0FEFD90006F3F
:104BF000E4F0A3EDF0EBFD90006FE48DF0120813EC
:104C0000EAFD90006FE48DF0120813EFFD90006F45
:104C1000E48DF0120813E96E60037F042290006FA8
:104C2000E0FEA3E0FF90006DE06E7003A3E06F6014
:104C3000037F04227F0022C0E0C083C082C0D07501
:104C4000D000C001C002C003C004C005C006C00738
:104C5000E4FDA984F58420ED03024D24C2EDAFBF2D
:104C6000EFFEACBEECFBEEEBFF8984C3EF945AEE93
:104C7000940E4009D3EF94FAEE940E405AC3EF9489
:104C8000B0EE940A4009D3EF9450EE940B4048C321
:104C9000EF9427EE94084009D3EF94C7EE940840B0
:104CA00036C3EF948EEE94064009D3EF942EEE9423
:104CB000074024C3EF9427EE94044009D3EF94C730
:104CC000EE94044012C3EF94B0EE94014013D3EF7E
:104CD0009450EE9402500A7D019005BB7401F0805F
:104CE000139005BBE070047D0180099005BAE4F0E3
:104CF000A3F08034ED602DC2AF9005BAE025E0242A
:104D0000AAF582E43405F583EEF0A3EFF09005BA3E
:104D1000E004F0E0C39408748094804005E4F0124D
:104D20004FFBD2AFAF018F84D007D006D005D0049F
:104D3000D003D002D001D0D0D082D083D0E0329046
:104D4000005FEEF0A3EFF0A3120C49900069E58438
:104D5000F0E4F584900061120C29E94A6022900089
:104D600064E0FEA3E0FF4E6017D3900060E094FF84
:104D700090005FE0947F5008EF9440EE940040096B
:104D8000900069E0F5847F02221264E0900066EFF3
:104D9000F06009900069E0F5847F01227FA0125F36
:104DA000C3900066EFF0600C1270C5900069E0F5EA
:104DB000847F012290005FE0FF126134900066EF73
:104DC000F0600C1270C5900069E0F5847F012290BC
:104DD000005FE0A3E0FF126134900066EFF0600C2A
:104DE0001270C5900069E0F5847F0122E4900067AD
:104DF000F0A3F0900064E0FEA3E0FF900067E0FC09
:104E0000A3E0FDC39FEC9E5030900061120C298DF1
:104E1000828C831206E2FF126134900066EFF0602C
:104E20000C1270C5900069E0F5847F012290006744
:104E3000E475F00112081380BA1270C5900069E0A1
:104E4000F5847F0022900006EFF0A3EDF0FF7E00D6
:104E50006401700A90000C7410F0A37427F0EF64E2
:104E6000024E700A90000C7411F0A37428F0EF64E5
:104E7000034E700A90000C740DF0A37424F0EF64DC
:104E8000044E700A90000C7412F0A37429F0EF64C1
:104E9000054E700A90000C740FF0A37426F0EF64B6
:104EA000064E700A90000C740EF0A37425F090006A
:104EB00006E0FF90000CE0FD7B017A007908125CAF
:104EC00007900008120B45A804A905AA06AB071213
:104ED0000956900008120BA2900008120B45780F9B
:104EE000120AB5900008120BA2900007E0FF6403BD
:104EF0006018EF64066013A3120B45E47B06FAF911
:104F0000F81209E1900008120BA2900008120B455C
:104F1000900047120BA290000DE0FD900006E0FF0C
:104F2000125C9D22900008120C49E94A70037F022E
:104F300022900008120C29126FC890000BEFF0604D
:104F400003E0FF22900008120C299000021206E2F2
:104F5000FF75F00A84FEC454F0FEEF75F00A84E594
:104F6000F04E90000CF09000011206E2FF75F00A7E
:104F700084FEC454F0FEEF75F00A84E5F04E900014
:104F80000DF01206C9FF75F00A84FEC454F0FEEF5E
:104F900075F00A84E5F04E90000EF07D02E4FF12F9
:104FA000603F90000BEFF060037F012290000CE067
:104FB000FD7F0212603F90000BEFF060037F012243
:104FC00090000DE0FD7F0312603F90000BEFF0605A
:104FD000037F012290000EE0FD7F0412603F9000ED
:104FE0000BEFF060037F0122E4FDFF12603F9000B1
:104FF0000BEFF060037F01227F0022C2AFE4FFEFDE
:10500000C39408748094805025EF25E024AAF5828B
:10501000E43405F583E0FCA3E0FDEF25E0244DF545
:1050200082E43405F583ECF0A3EDF00F80D1D2AF2C
:10503000E4FFEFC3940774809480507EE4FEC37451
:10504000079FFDEEC39D506EEE25E0244FF582E4F0
:105050003405F583E0FCA3E0FDEE25E0244DF58268
:10506000E43405F583E0FAA3E0FBD39DEA9C4043DA
:10507000900000EAF0A3EBF0EE25E0244FF582E487
:105080003405F583E0FCA3E0FDEE25E0244DF58238
:10509000E43405F583ECF0A3EDF0900000E0FCA310
:1050A000E0FDEE25E0244FF582E43405F583ECF0D5
:1050B000A3EDF00E80880F025032C2AF900555E08C
:1050C000FFA3E09005E0CFF0A3EFF0D200D2AF2233
:1050D000900008120C49E94A70037F0222900008F0
:1050E000120C2912599690000BEFF06003E0FF229A
:1050F000900008120C299000021206E2FF75F00AD7
:1051000084FEC454F0FEEF75F00A84E5F04E900082
:105110000CF09000011206E2FF75F00A84FEC45400
:10512000F0FEEF75F00A84E5F04E90000DF01206E7
:10513000C9FF75F00A84FEC454F0FEEF75F00A84CE
:10514000E5F04E90000EF07D02E4FF12603F90000B
:105150000BEFF06003E0FF2290000CE0FD7F0612F1
:10516000603F90000BEFF06003E0FF2290000DE045
:10517000FD7F0712603F90000BEFF06003E0FF221D
:1051800090000EE0FD7F0812603F90000BEFF06092
:1051900003E0FF22E4FDFF12603F90000BEFF022DE
:1051A0009009E9EFF09009EA120C499009E9E0FF53
:1051B0007E00C3EF9404EE64809480500E9009EA60
:1051C000120C29AE02AF01EF4E70037F022290094C
:1051D000E9E0FF7E08EF8EF0A4FFAEF0EF2426FF9B
:1051E000EE3420FEC006C0079009E9E0FF7E08EF1C
:1051F0008EF0A4FFAEF0EF242DFDEE3420FCC004B1
:10520000C0059009E9E0FF7E08EF8EF0A4FFAEF044
:10521000EF2426FDEE3421FC9009E9E0FF7E08EF43
:105220008EF0A4FFAEF0EF242DFFEE3421FE9009A6
:105230008EEEF0A3EFF09009EA120C29900990127B
:105240000C49900993E4F0A37407F0AB05AA04D0CD
:1052500005D004D007D0061231EA9009EDEFF090A6
:1052600009EDE0FF229009F3EFF09009F4120C49E8
:105270009009F3E0FF7E00C3EF9404EE6480948015
:10528000500E9009F4120C29AE02AF01EF4E7003DC
:105290007F02229009F3E0FF7E10EF8EF0A4FFAEB4
:1052A000F0EF246AFFEE3420FEC006C0079009F339
:1052B000E0FF7E10EF8EF0A4FFAEF0EF2479FDEE5C
:1052C0003420FCC004C0059009F3E0FF7E10EF8E8F
:1052D000F0A4FFAEF0EF246AFDEE3421FC9009F358
:1052E000E0FF7E10EF8EF0A4FFAEF0EF2479FFEE2A
:1052F0003421FE90098EEEF0A3EFF09009F4120C29
:1053000029900990120C49900993E4F0A3740FF0CE
:10531000AB05AA04D005D004D007D0061231EA901C
:1053200009F7EFF09009F7E0FF229009F8EFF0900D
:1053300009F9120C499009F8E0FF7E00C3EF9404CC
:10534000EE64809480500E9009F9120C29AE02AFE1
:1053500001EF4E70037F02229009F8E0FF7E10EF0C
:105360008EF0A4FFAEF0EF246AFFEE3420FEC006FC
:10537000C0079009F8E0FF7E10EF8EF0A4FFAEF0BA
:10538000EF2479FDEE3420FCC004C0059009F8E05C
:10539000FF7E10EF8EF0A4FFAEF0EF246AFDEE3436
:1053A00021FC9009F8E0FF7E10EF8EF0A4FFAEF034
:1053B000EF2479FFEE3421FE900274EEF0A3EFF0BB
:1053C0009009F9120C29900276120C49900279E4A6
:1053D000F0A3740FF0AB05AA04D005D004D007D019
:1053E0000612340F9009FCEFF09009FCE0FF2290C8
:1053F00009FDEFF09009FE120C499009FDE0FF7ED7
:1054000000C3EF9404EE64809480500E9009FE1265
:105410000C29AE02AF01EF4E70037F02229009FD0E
:10542000E0FF7E04EF8EF0A4FFAEF0EF24AAFFEEC3
:105430003420FEC006C0079009FDE0FF7E04EF8E19
:10544000F0A4FFAEF0EF24ADFDEE3420FCC004C0AC
:10545000059009FDE0FF7E04EF8EF0A4FFAEF0EFB3
:1054600024AAFDEE3421FC9009FDE0FF7E04EF8EBE
:10547000F0A4FFAEF0EF24ADFFEE3421FE90098ED4
:10548000EEF0A3EFF09009FE120C29900990120C97
:1054900049900993E4F0A37403F0AB05AA04D00586
:1054A000D004D007D0061231EA900A01EFF0900A3A
:1054B00001E0FF22900A02EFF0900A03120C4990DB
:1054C0000A02E0FF7E00C3EF9404EE6480948050F3
:1054D0000E900A03120C29AE02AF01EF4E70037F4B
:1054E0000222900A02E0FF7E04EF8EF0A4FFAEF0ED
:1054F000EF24AAFFEE3420FEC006C007900A02E0A7
:10550000FF7E04EF8EF0A4FFAEF0EF24ADFDEE348D
:1055100020FCC004C005900A02E0FF7E04EF8EF07C
:10552000A4FFAEF0EF24AAFDEE3421FC900A02E0C5
:10553000FF7E04EF8EF0A4FFAEF0EF24ADFFEE345B
:1055400021FE900274EEF0A3EFF0900A03120C29F2
:10555000900276120C49900279E4F0A37403F0AB48
:1055600005AA04D005D004D007D00612340F900A43
:1055700006EFF0900A06E0FF22C0E0C083C082C0C0
:10558000D075D000C006C007AF847584003098562F
:10559000C298AE9990026CE064017026900269E0B6
:1055A000C39420748094805019E02449F582E43437
:1055B00001F583EEF0900269E004F0900148E4F018
:1055C000802490026CE0701E04F0900269E4F0E028
:1055D0002449F582E43401F583EEF0900269E00499
:1055E000F0900148E4F030993BC29990026DE0647C
:1055F00001703190026BE004F090026AE0FEA3E0DB
:10560000C39E500FE02469F582E43401F583E0F590
:10561000998011C28790026DE4F090026BF09002C5
:105620006AF0D2038F84D007D006D0D0D082D08346
:10563000D0E0329009EEEFF09009EF120C4990099A
:10564000EF120C29AE02AF01EF4E70037F022290E1
:1056500009EEE0FF7E08EF8EF0A4FFAEF0EF242607
:10566000FFEE3420FEC006C0079009EEE0FF7E0882
:10567000EF8EF0A4FFAEF0EF242DFDEE3420FCC041
:1056800004C0059009EEE0FF7E08EF8EF0A4FFAEA7
:10569000F0EF2426FDEE3421FC9009EEE0FF7E08B9
:1056A000EF8EF0A4FFAEF0EF242DFFEE3421FE903C
:1056B0000274EEF0A3EFF09009EF120C299002763D
:1056C000120C49900279E4F0A37407F0AB05AA0428
:1056D000D005D004D007D00612340F9009F2EFF0B5
:1056E0009009F2E0FF22E4900957F0A3F0FFEFC326
:1056F0009406748094805058EF75F00BA42411F533
:1057000082E43409F583E4F0A37432F0EF75F00B12
:10571000A4240EF582E43409F5837401F0EF75F0EA
:105720000BA42413F582E43409F583E4F0EF75F05B
:105730000BA42414F582E43409F583E4F0EF75F04A
:105740000BA42415F582E43409F583E4F00F809E60
:105750009009147432F090091FF07BFF7A7379532B
:1057600090090B120C497A737903900916120C49AF
:105770007A737913900921120C497A73792390096D
:105780002C120C497A737933900937120C497A73C9
:105790007943900942120C4922900011EFF0A312B4
:1057A0000C49900016E584F0E4F5841264E0900062
:1057B00015EFF06007A3E0F5847F01227FD0125F30
:1057C000C3900015EFF0600C1270C5900016E0F564
:1057D000847F0122900011E0FF126134900015EFE8
:1057E000F0600C1270C5900016E0F5847F01221263
:1057F0006534900015EFF0600C1270C5900016E053
:10580000F5847F01227FD1125FC3900015EFF06015
:105810000C1270C5900016E0F5847F0122900012F2
:10582000120C29E4FF125EC9900015EFF0600C1213
:1058300070C5900016E0F5847F01221270C59000BB
:1058400016E0F5847F0022C0E0C0F0C083C082C0B3
:10585000D075D000C000C001C002C003C004C005A4
:10586000C006C007AF84758400758CB8758A00C205
:105870008D8F84900A75120B45E47B01FAF9F812BA
:10588000093B900A75120BA21273A912019490029F
:105890006CE064017025900148E0C3940474809426
:1058A000805018E004F0E0C3940474809480400BAE
:1058B00090026C7402F0900148E4F0300517900AF1
:1058C00094E0D3940074809480400AE014F0E07077
:1058D00004D2B6C205D007D006D005D004D003D07C
:1058E00002D001D000D0D0D082D083D0F0D0E0322E
:1058F0009009D7EFF09009D8120C499009D8120CF2
:1059000029AE02AF01EF4E70037F02229009D7E06B
:10591000FF7E00C3EF9401EE6480948040129009F2
:10592000D7E0FF7E00D3EF9404EE648094804003C0
:105930007F05229009D7E0FFEF14FF9009DCEFF01C
:105940009009DCE0FF7E0CEF8EF0A4FFAEF0EF24B8
:10595000F4FFEE342CFE9009D8120C2990012DE4AE
:10596000F0A3740CF01247A09009DBEFF09009DB74
:10597000E0FF7E00EF64084E60069009DBE0FF2246
:105980009009D8120C2912083FFFAEF0EF4E7003B9
:105990007F09227F082290000F741FF090000112EF
:1059A00006E2FF7E00C3940174809480400AD3EF26
:1059B000940C7480948040037F01229000021206B0
:1059C000E2C394017480948050037F01229000010F
:1059D0001206E224FC602B24FE602724FD602324B1
:1059E000FE601F240970231206C9FF5403700BEFD9
:1059F000600890000F741DF0801690000F741CF06A
:105A0000800E90000F741EF0800690000F741FF03F
:105A10009000021206E2FF90000FE0FEEFD39E40DE
:105A2000037F01221206C9D39463748094804003DB
:105A30007F01227F002290000A120C49E94A70037C
:105A40007F02227D01E4FF12603F90000DEFF07BAA
:105A5000017A00790E7F0612579990000DEFF07BC6
:105A6000017A00790F7F0712579990000DEFF07BB4
:105A7000017A0079107F0812579990000DEFF0E439
:105A8000FDFF12603F90000DEFF0A3E0FEC4540F45
:105A900075F00AA4FDEE540F2DFE90000A120C2999
:105AA000900002EE12075490000FE0FEC4540F75F0
:105AB000F00AA4FDEE540F2D90000112075490003F
:105AC00010E0FEC4540F75F00AA4FDEE540F2D1221
:105AD00007422290000A120C49E94A70037F022211
:105AE0007D01E4FF12603F90000DEFF07B017A0032
:105AF000790E7F0212579990000DEFF07B017A002A
:105B0000790F7F0312579990000DEFF07B017A0017
:105B100079107F0412579990000DEFF0E4FDFF1209
:105B2000603F90000DEFF0A3E0FEC4540F75F00A43
:105B3000A4FDEE540F2DFE90000A120C29900002D5
:105B4000EE12075490000FE0FEC4540F75F00AA443
:105B5000FDEE540F2D900001120754900010E0FE4E
:105B6000C4540F75F00AA4FDEE540F2D1207422203
:105B70009005E0E0FEA3E0FDAC06C3945AEC940E61
:105B8000400DD3ED94FAEC940E5004E4FEFF22C3D2
:105B9000ED94B0EC940A400ED3ED9450EC940B507D
:105BA000057E007F0122C3ED9427EC9408400ED3BC
:105BB000ED94C7EC940850057E007F0222C3ED945B
:105BC0008EEC9406400ED3ED942EEC940750057E97
:105BD000007F0322C3ED9427EC9404400ED3ED9490
:105BE000C7EC940450057E007F0422C3ED94B0EC12
:105BF0009401400ED3ED9450EC940250057E007F4A
:105C000005227EFF7FFF22900057EFF0A3EDF0A367
:105C1000120C49E490005CF0A3120BAE00000000EF
:105C2000900058E0547F900061F0E94A601A9000BB
:105C300057E0FF7E00C3940174809480400AD3EF44
:105C400094047480948040037F0322900059120CC6
:105C500029120BDF00000000900057E0FFA3E0FDD9
:105C6000A3120C2912421290005CEFF060037F0136
:105C700022900059120C29120ADB900063120BA229
:105C8000900061E0900067F0900057E0FF124B2217
:105C900090005CEFF060037F04227F0022AB059050
:105CA0000045EFF0FAE490004BF0A3120BAE0000B9
:105CB0000000EB4480900050F0A37401F0A3120B9D
:105CC000AE00000000EAFF7E00C39401748094805F
:105CD000400AD3EF94047480948040037F0222AF83
:105CE00003AD07C005900047120B45900058120BFA
:105CF000A2900045E0FFD0051248E490004BEFF081
:105D000060037F0222900047120B45900063120B44
:105D1000A2900050E0900067F0900045E0FF124B29
:105D20002290004BEFF060037F04227F0022787FF7
:105D3000E4F6D8FD75812012010A025D78027153E4
:105D4000E493A3F8E493A34003F68001F208DFF4A0
:105D50008029E493A3F85407240CC8C333C4540F18
:105D60004420C8834004F456800146F6DFE4800BEB
:105D70000102040810204080902D05E47E0193600C
:105D8000BCA3FF543F30E509541FFEE493A3600118
:105D90000ECF54C025E060A840B8E493A3FAE49382
:105DA000A3F8E493A3C8C582C8CAC583CAF0A3C830
:105DB000C582C8CAC583CADFE9DEE780BE9000801D
:105DC000EFF0A3E584F0E4FDFCE94A70037F0222D2
:105DD000E4F584FCFDE59A548060160DED70010C2D
:105DE000D394C8EC940040ED900081E0F5847F01ED
:105DF00022E4FCFD20F9160DED70010CD394C8ECE3
:105E0000940040F0900081E0F5847F0122900080B2
:105E1000E0F59BE4FCFD20FF1D0DED70010CD3941B
:105E2000F4EC940140F0A2FFB3E43352F890008107
:105E3000E0F5847F0122E59B120742C2FF900081BA
:105E4000E0F5847F0022900A0CEFF0900A0D120C0E
:105E500049900A0D120C29AE02AF01EF4E70037F7C
:105E60000222900A0CE0FF7E00C3EF9464EE64808F
:105E7000948040037F0522900A0CE0FF7E0CEF8E99
:105E8000F0A4FFAEF0EF2444FFEE3428FE900A0D9C
:105E9000120C2990012DE4F0A3740CF01247A0908D
:105EA0000A10EFF0900A10E0FFEF6006900A10E091
:105EB000FF22900A0D120C2912083FFFAEF0EF4EA0
:105EC00060047F0880027F0922900134120C49AEE1
:105ED0000730040A900134120C29E94A70037F0547
:105EE00022EE6003D38001C392C2C2C37F107E271B
:105EF0007D007C001270A0EF6011900A927402F095
:105F00001270C5C204900A92E0FF22AFC1EF645044
:105F10006007AFC1EF6458700E900134120C29E590
:105F2000C21207427F0022AFC1EF64387008900AA6
:105F3000927403F08006900A927406F01270C5C243
:105F400004900A92E0FF22900975EFF0126F919091
:105F50000987EFF07E007F0C7D007B017A09797B59
:105F6000120E81900975E0FF7E0090097BEEF0A390
:105F7000EFF0900976120B4590097D120BA27B0180
:105F80007A09797B1240A0900987E0FF7E0CEF8EA2
:105F9000F0A4FFAEF0EF2444FFEE3428FE7B017A3C
:105FA00009797B900064E4F0A3740CF0124D3F90EB
:105FB000097AEFF07B017A09798712002E90097A2D
:105FC000E0FF22AB072004037F042220C311900AC4
:105FD000927406F01270C5C204900A92E0FF22AFDC
:105FE000038FC2C2C37F107E277D007C001270A089
:105FF000EF6011900A927402F01270C5C204900A08
:1060000092E0FF22AFC1EF24E0601324E860172480
:10601000F8600824F86007243070137F0022900A8B
:10602000927401F0800E900A927403F08006900A38
:10603000927404F01270C5C204900A92E0FF22909C
:106040000039EFF0A3EDF090003CE584F0E4F58436
:106050001264E090003BEFF06007A3E0F5847F015D
:10606000227FD0125FC390003BEFF0600C1270C52E
:1060700090003CE0F5847F0122900039E0FF12613E
:106080003490003BEFF0600C1270C590003CE0F5DE
:10609000847F012290003AE0FF12613490003BEFD0
:1060A000F0600C1270C590003CE0F5847F01221274
:1060B00070C590003CE0F5847F0022900A07EFF065
:1060C000900A08120C49900A08120C29AE02AF017E
:1060D000EF4E70037F0222900A07E0FF7E00C3EFBD
:1060E0009401EE648094804012900A07E0FF7E00E5
:1060F000D3EF9404EE6480948040037F0522900ADD
:1061000007E0FFEF14FF900A0BEFF0900A0BE0FF9F
:106110007E0CEF8EF0A4FFAEF0EF24F4FFEE342CF3
:10612000FE900A08120C29900064E4F0A3740CF0AD
:10613000124D3F22AB072004037F042220C311909D
:106140000A927406F01270C5C204900A92E0FF220F
:10615000AF038FC2C2C37F107E277D007C00127008
:10616000A0EF6011900A927402F01270C5C2049000
:106170000A92E0FF22AFC1EF64287002FF22AFC194
:10618000EF64307007900A9204F08015AFC1EF649D
:10619000387008900A927403F08006900A92740690
:1061A000F01270C5C204900A92E0FF22E49000044D
:1061B000F0A37403F01272DF900005E0FF14F0EF1B
:1061C000604C900004E0FEC0067F011217AED0E0E4
:1061D0004F900004F09007ABE0D394027480948059
:1061E0004013900004E0FEC0067F021217AED0E01C
:1061F0004F900004F0900004E0FEC0067F041217E8
:10620000AED0E04F900004F06004E4F080AA90006B
:1062100005E0D394007480948040037F00227F01C6
:1062200022C2AF7B017A0579D0C003C002C0017BD6
:10623000017A0979D1A801AC02AD03D001D002D016
:10624000037E007F031206817B017A0579D3C003A8
:10625000C002C0017B017A0979D4A801AC02AD0368
:10626000D001D002D0037E007F03120681D2AF7B23
:10627000017A0979D1C003C002C0017B017A097992
:10628000D49009BC120C49D001D002D003123A1D9F
:10629000221271F1900002120BA2900549120B61BB
:1062A000900002120B45120948900006120BA2E45E
:1062B0007F64FEFDFC900006120B61C3120AA4402D
:1062C0003E7B017A0579D0125A367B017A0579D363
:1062D000125AD3900002120B45900549120BA2905E
:1062E000053C7401F090053EE070047F0180027F60
:1062F0000090053EEFF0124A0B1201991201802224
:10630000900003120BA2900007E584F0E4F584C22C
:106310008E4398507F807E01FDFC900003120B613C
:10632000120956A804A905AA06AB077F007E807D46
:10633000517C011209E1EFF404FFF58D438920D26D
:106340008EC298C299E4F591D29CD2AC75840FC2EA
:1063500087900007E0F584E490026CF0900269F009
:10636000900148F090026DF090026AF0A3F0229044
:106370000999EEF0A3EFF090099BEDF07BFF7A7D99
:1063800079EEC003C002C0017B017A09799CA801A3
:10639000AC02AD03D001D002D0037E007F0D120607
:1063A0008190099BE0FF7E00EF64024E701290091D
:1063B00099E0FEA3E0FF126D53EF60047F1D801192
:1063C00090099BE0FF749C2FF582E43409F583E08B
:1063D000FF22900A79120C49E4900A7CF0E94A7095
:1063E000037F0122900A79120C297F13125799908A
:1063F0000A7CEFF0E0FEC006900A79120C29E9242D
:1064000001F9E43AFA7F14125799D0E04F900A7CD0
:10641000F0E0FEC006900A79120C29E92402F9E4A2
:106420003AFA7F15125799D0E04FFF900A7CF0227C
:10643000AE07E4900A8DF0E94A6017EEFD7C00C3D8
:10644000940174809480400AD3ED94047480948005
:1064500040037F0222120BDF00000000EEC3940312
:10646000748094805008900A8E742DF08006900AF3
:106470008E7416F0AF06900A8EE0FD124212900A5A
:106480008DEFF060037F01227F0022125B70AD0769
:10649000AC06200010E490090AF074FF900908F09F
:1064A000A3F0FEFF22900908E0B50420A3E0B505A3
:1064B0001BEDF47002ECF46013A3E004F0E0C3946D
:1064C00003748094804014AF05AE0422E490090A5E
:1064D000F0AF05900908ECF0A3EFF07EFF7FFF22FC
:1064E00012737850037F0422D204E4900A92F0D20F
:1064F000C5C2C37F107E27FDFC1270A0EF600A901A
:106500000A927402F0C204FF22AFC1EF6408601F58
:10651000AFC1EF643870047F0380027F01900A925C
:10652000EFF0C2C51270C5C204900A92E0FF22C209
:10653000C57F00222004037F0422D2C5C2C37F107E
:106540007E277D007C001270A0EF6011900A92748B
:1065500002F0C2041270C5900A92E0FF22AFC1EFB0
:106560006410601DAFC1EF643870047F0380027F48
:1065700004900A92EFF01270C5C204900A92E0FFF4
:1065800022C2C57F0022900A11120C49900A1112F2
:106590000C29AE02AF01EF4E603990098E7421F0E4
:1065A000A37408F0900A11120C29900990120C495A
:1065B000900993E4F0A37404F07B047A217D087CB5
:1065C000207F047E201231EA900A14EFF0900A1422
:1065D000E0FF227F0222900A15120C49900A151240
:1065E0000C29AE02AF01EF4E60399002747421F0B5
:1065F000A37408F0900A15120C29900276120C4927
:10660000900279E4F0A37404F07B047A217D087C85
:10661000207F047E2012340F900A18EFF0900A18A1
:10662000E0FF227F0222900A19120C49900A1912E7
:106630000C29AE02AF01EF4E603990098E7421F043
:10664000A3740EF0900A19120C29900990120C49AB
:10665000900993E4F0A37405F07B097A217D0E7C08
:10666000207F097E201231EA900A1CEFF0900A1C6C
:10667000E0FF227F0222900A1D120C49900A1D128F
:106680000C29AE02AF01EF4E60399002747421F014
:10669000A3740EF0900A1D120C29900276120C4978
:1066A000900279E4F0A37405F07B097A217D0E7CD9
:1066B000207F097E2012340F900A20EFF0900A20EC
:1066C000E0FF227F0222900A21120C49900A211237
:1066D0000C29AE02AF01EF4E603990098E7421F0A3
:1066E000A37414F0900A21120C29900990120C49FD
:1066F000900993E4F0A37405F07B0F7A217D147C5C
:10670000207F0F7E201231EA900A24EFF0900A24B5
:10671000E0FF227F0222900A25120C49900A2512DE
:106720000C29AE02AF01EF4E60399002747421F073
:10673000A37414F0900A25120C29900276120C49C9
:10674000900279E4F0A37405F07B0F7A217D147C2C
:10675000207F0F7E2012340F900A28EFF0900A2835
:10676000E0FF227F0222900A29120C49900A291286
:106770000C29AE02AF01EF4E603990098E7421F002
:10678000A37425F0900A29120C29900990120C4943
:10679000900993E4F0A37410F07B157A217D257C99
:1067A000207F157E201231EA900A2CEFF0900A2CFF
:1067B000E0FF227F0222900A2D120C49900A2D122E
:1067C0000C29AE02AF01EF4E60399002747421F0D3
:1067D000A37425F0900A2D120C29900276120C4910
:1067E000900279E4F0A37410F07B157A217D257C6A
:1067F000207F157E2012340F900A30EFF0900A307F
:10680000E0FF227F0222900A31120C49900A3112D5
:106810000C29AE02AF01EF4E603990098E7421F061
:10682000A3744BF0900A31120C29900990120C4974
:10683000900993E4F0A37405F07B467A217D4B7CAC
:10684000207F467E201231EA900A34EFF0900A341D
:10685000E0FF227F0222900A35120C49900A35127D
:106860000C29AE02AF01EF4E60399002747421F032
:10687000A3744BF0900A35120C29900276120C4941
:10688000900279E4F0A37405F07B467A217D4B7C7D
:10689000207F467E2012340F900A38EFF0900A389D
:1068A000E0FF227F0222900A39120C49900A391225
:1068B0000C29AE02AF01EF4E603990098E7421F0C1
:1068C000A3745CF0900A39120C29900990120C49BB
:1068D000900993E4F0A37410F07B4C7A217D5C7CEA
:1068E000207F4C7E201231EA900A3CEFF0900A3C67
:1068F000E0FF227F0222900A3D120C49900A3D12CD
:106900000C29AE02AF01EF4E60399002747421F091
:10691000A3745CF0900A3D120C29900276120C4987
:10692000900279E4F0A37410F07B4C7A217D5C7CBA
:10693000207F4C7E2012340F900A40EFF0900A40E6
:10694000E0FF227F0222900A41120C49900A411274
:106950000C29AE02AF01EF4E603990098E7421F020
:10696000A37463F0900A41120C29900990120C490B
:10697000900993E4F0A37406F07B5D7A217D637C3B
:10698000207F5D7E201231EA900A44EFF0900A44A5
:10699000E0FF227F0222900A45120C49900A45121C
:1069A0000C29AE02AF01EF4E60399002747421F0F1
:1069B000A37463F0900A45120C29900276120C49D8
:1069C000900279E4F0A37406F07B5D7A217D637C0C
:1069D000207F5D7E2012340F900A48EFF0900A4825
:1069E000E0FF227F0222900A49120C49900A4912C4
:1069F0000C29AE02AF01EF4E603990098E7421F080
:106A0000A37465F0900A49120C29900990120C4960
:106A1000900993E4F0A37401F07B647A217D657C96
:106A2000207F647E201231EA900A4CEFF0900A4CED
:106A3000E0FF227F0222900A4D120C49900A4D126B
:106A40000C29AE02AF01EF4E60399002747421F050
:106A5000A37465F0900A4D120C29900276120C492D
:106A6000900279E4F0A37401F07B647A217D657C67
:106A7000207F647E2012340F900A50EFF0900A506D
:106A8000E0FF227F0222900A51120C49900A511213
:106A90000C29AE02AF01EF4E603990098E7421F0DF
:106AA000A37467F0900A51120C29900990120C49B6
:106AB000900993E4F0A37401F07B667A217D677CF2
:106AC000207F667E201231EA900A54EFF0900A543B
:106AD000E0FF227F0222900A55120C49900A5512BB
:106AE0000C29AE02AF01EF4E60399002747421F0B0
:106AF000A37467F0900A55120C29900276120C4983
:106B0000900279E4F0A37401F07B667A217D677CC2
:106B1000207F667E2012340F900A58EFF0900A58BA
:106B2000E0FF227F0222900A59120C49900A591262
:106B30000C29AE02AF01EF4E603990098E7421F03E
:106B4000A37469F0900A59120C29900990120C490B
:106B5000900993E4F0A37401F07B687A217D697C4D
:106B6000207F687E201231EA900A5CEFF0900A5C88
:106B7000E0FF227F0222900A5D120C49900A5D120A
:106B80000C29AE02AF01EF4E60399002747421F00F
:106B9000A37469F0900A5D120C29900276120C49D8
:106BA000900279E4F0A37401F07B687A217D697C1E
:106BB000207F687E2012340F900A60EFF0900A6008
:106BC000E0FF227F0222900A61120C49900A6112B2
:106BD0000C29AE02AF01EF4E603990098E7421F09E
:106BE000A374BCF0900A61120C29900990120C4910
:106BF000900993E4F0A37402F07BBA7A217DBC7C07
:106C0000207FBA7E201231EA900A64EFF0900A6485
:106C1000E0FF227F0222900A65120C49900A651259
:106C20000C29AE02AF01EF4E60399002747421F06E
:106C3000A374BCF0900A65120C29900276120C49DC
:106C4000900279E4F0A37402F07BBA7A217DBC7CD7
:106C5000207FBA7E2012340F900A68EFF0900A6805
:106C6000E0FF227F0222900A69120C49900A691201
:106C70000C29AE02AF01EF4E603990098E7421F0FD
:106C8000A374C3F0900A69120C29900990120C4960
:106C9000900993E4F0A37406F07BBD7A217DC37C58
:106CA000207FBD7E201231EA900A6CEFF0900A6CD2
:106CB000E0FF227F0222900A6D120C49900A6D12A9
:106CC0000C29AE02AF01EF4E60399002747421F0CE
:106CD000A374C3F0900A6D120C29900276120C492D
:106CE000900279E4F0A37406F07BBD7A217DC37C29
:106CF000207FBD7E2012340F900A70EFF0900A7052
:106D0000E0FF227F0222AE07AD8490026DE06401B5
:106D1000600BEE6008D39400E4940140037F0122ED
:106D2000E4F584C2AF90026AEEF0E4A3F090026D45
:106D300004F0C203D2AFD2870000000090026BE0E3
:106D40002469F582E43401F583E0F599AF058F8479
:106D50007F0022900A89EEF0A3EFF0900A89E0FE0E
:106D6000A3E0FF7E00EF5403FFEF4E7013900A89FB
:106D7000E0FEA3E0FF7C007D64120788ED4C7013F9
:106D8000900A89E0FEA3E0FF7C017D90120788ED68
:106D90004C70047F0180027F0022900A86120C4909
:106DA000AF84ED6039900A86120C29E94A602FE41D
:106DB000F584D28700000000FEEEC39D5018900AB3
:106DC00086120C298E827583001206E2F59930999D
:106DD000FDC2990E80E300000000C2878F8422C2AA
:106DE000D5E830E70FB2D5E4C39BFBE49AFAE49907
:106DF000F9E498F8EC30E717B2D5126E151209E1F4
:106E0000E4C39BFBE49AFAE499F9E498F88003124E
:106E100009E130D50DE4C39FFFE49EFEE49DFDE44F
:106E20009CFC22AA07C3EF9406748094805035AF6F
:106E300005EA75F00BA42411F582E43409F583EC1E
:106E4000F0A3EFF0EA75F00BA42414F582E4340902
:106E5000F583EBF0EA75F00BA42415F582E4340910
:106E6000F583E4F022AF8475840F43A49575A5F7EC
:106E700075A6FF75A7FF759CC0759DFF759EFF7574
:106E80009FFF75E107E4F5E275E3404380087590E4
:106E900008F5A075B0FF75C83FF5D8F5E8F5F8C25C
:106EA000B58F8422E4900A93F0E94A70037F0122AF
:106EB0007D017F1312603F900A93EFF0E0FEC00661
:106EC0007D177F1412603FD0E04F900A93F0E0FEF0
:106ED000C0067D017F1512603FD0E04FFF900A93FE
:106EE000F022C0E0C0F0C083C082C0D075D000C026
:106EF00000C001C002C003C004C005C006C007C274
:106F0000CF127196D007D006D005D004D003D0029E
:106F1000D001D000D0D0D082D083D0F0D0E0329059
:106F20000A7D120C49900A7D120C291206C9FFEF46
:106F300004FFEF75F06484AFF0900A7D120C29EF26
:106F4000120742900A7D120C29900064E4F0A374A9
:106F500001F07F037E20124D3F22900A8FE4F07BE8
:106F6000017A0A798F90012DE4F0A37401F07F0378
:106F70007E201247A0900A8FE0FF7E00C3EF94644A
:106F8000EE6480948040047F008005900A8FE0FFCB
:106F900022900A90E4F07B017A0A799090012DE426
:106FA000F0A37401F07F027E201247A0900A90E0C7
:106FB000FF7E00C3EF9464EE6480948040047F0001
:106FC0008005900A90E0FF221206C9D394177480BE
:106FD000948040037F01229000011206E2D3943B8B
:106FE0007480948040037F01229000021206E2D355
:106FF000943B7480948040037F01227F002290099B
:1070000058E0FF900957E0FEB507037F0022744D5A
:107010002EF582E43409F583E0FF900957E004F08F
:10702000C3940A748094804002E4F022E4FDFCC31F
:10703000ED9FEC9E501D00000000000000000000CD
:107040000000000000000000000000000DED7001D5
:107050000C80DC22900006EEF0A3EFF0E4FBFAD304
:10706000900007E09B900006E09A400E7FE87E03C8
:1070700012702C0BEB70010A80E522900A80120C32
:1070800049900A80120C291206C96013900A80E404
:1070900075F001120C321206C9FF1272F280E22260
:1070A000900137120BA220C31390013774FF120B0B
:1070B0006FE4FBFAF9F8C3120AA440EA20C3037F85
:1070C00002227F0022300421D2C4C2C390013712B1
:1070D0000BAE0000271030C40E90013774FF120B66
:1070E0006FEC4D4E4F70EFC20422900A83120C4990
:1070F000E4FCECC39D5015900A83120C298C827518
:1071000083001206E2FF1272F20C80E622AF84E4E2
:10711000F584759A60F5F87E36EED394FF7480940A
:107120008040027EFF8E9DC2FBC2FAD2F88F84227D
:10713000EF600E7D087F0B12603F900038EFF0800B
:107140000CE4FD7F0B12603F900038EFF0900038A8
:10715000E0FF221246521262917F0112720E123823
:1071600026E4FF12720E12018F1201491201D5128C
:10717000739580E222900958E0244DF582E43409A9
:10718000F583EFF0900958E004F0C3940A748094FA
:10719000804002E4F022E4900143F0900143E0FFDC
:1071A000C3940674809480500B124383900143E093
:1071B00004F080E722AF84758401E4F5C8F5C97551
:1071C000CBB8F5CA75CDB8F5CCC2CF43E701D2CA6A
:1071D0008F8422EFC39406748094805011EF75F071
:1071E0000BA42413F582E43409F583E0FF227F0029
:1071F00022AB84C2AF900A75120B4590005F120B50
:10720000A2D2AFAF038F8490005F120B4522AE84F1
:1072100075840FEF600AD297E4F5A675A0FF80058C
:10722000C29775A6FFAF068F842212000E12736DEF
:10723000126E6512710D12726212727D1272C91293
:10724000724612738322AF84E4F584F5C8F5C9F55C
:10725000CA75CBB8F5CC75CDB8C2CFD2ADD2CA8F76
:107260008422AF84E4F584F5BAF5BB75D10375BC0F
:107270002875E88C43E70243F7028F8422AF84E449
:10728000F58475CFE4F5C0D2C1C2C0D2C2D2C6C2A5
:1072900004900A92F08F8422AE07EED3941E74807D
:1072A000948040037F0222EE4480FFFD7F0A12603B
:1072B0003F22AF84E4F584C2C6D2C6C2C7C2C5C2EB
:1072C000C4D2C2C2048F84FF22AF84E4F584438910
:1072D00001F58E758CB8F58AD2A9D28C8F8422C222
:1072E000B07F027E00127054D2B07F057E00127013
:1072F0005422AE84E4F5848F993099FDC299AF068B
:107300008F842212648BEF64014E70047F0180022F
:107310007F002212648BEF64024E70047F018002B2
:107320007F002212648BEF64034E70047F018002A1
:107330007F002212648BEF64044E70047F01800290
:107340007F002212648BEF64054E70047F0180027F
:107350007F002212648BEF4E70047F0180027F0059
:1073600022EF240A83900100730A1B2C3DAF84E4B2
:10737000F58475EF028F842220C703300403D38085
:1073800001C322C2AF75FFDE75FFAD22900958E040
:10739000900957F0227D0A7F0912603F22EC30E706
:1073A00003120A802275FFFF2275FFA5221256E6FE
:1073B00022C2CF3243310043320043330043340012
:1073C000780020002F003A00CDB600C7D000202062
:1073D0002000202000CAB1BCE400CAD6B6AF00B578
:1073E000F7CAD400D7D4B6AF00D6F7B2CBB5A50054
:1073F000CFB5CDB3C9E8D6C300B2CECAFDC9E8D671
:10740000C300B5F7CAD4CDB6C7D000B2C9D1F9D040
:10741000A3D7BC00CAC2BCFEBCC7C2BC00CAFDBE6A
:10742000DDCDB3BCC600CFB5CDB3B2CECAFD00B57D
:10743000E7C8DDB2CECAFD00BFD8D6C6B2CECAFDFF
:1074400000B1A3BBA4B2CECAFD00CDA8D1B6B2CEC6
:10745000CAFD00CDB3BCC6B2CECAFD00B1A3BBA469
:10746000BFDAC1EE00C8D5C6DAC9E8D6C300CAB1D2
:10747000BCE4C9E8D6C300B1A8BEAFC9E8D6C30012
:10748000B6D4B1C8B6C8C9E8D6C3002D006D696EC0
:1074900000B9D8B1D500B3A3BFAA00B5F7CAD4CDFF
:1074A000B6B5E7C8DD00B4F2BFAA00BCFD00C8D580
:1074B000CDB6B4CECAFD3A00D4C2CDB6B4CECAFD64
:1074C0003A00C8D5C7D0B4CECAFD3A00D4C2C7D09E
:1074D000B4CECAFD3A00B4CE00CFB5CDB3505400FF
:1074E000CFB5CDB3435400D2BBC2B7435400B6FEB0
:1074F000C2B7435400C8FDC2B7435400CBC4C2B79F
:10750000435400B1A3B4E600CDCBB3F60023004151
:1075100000CDB6C8EB004B56617200B5E7D1B9C9D2
:10752000CFCFDE00CDB6C7D0B7BDB0B800B5E7D17C
:10753000B9CFC2CFDE00CDB6C7D0CFB5CAFD0043AC
:107540004F537DC9CFCFDE00CDB6C8EBD1D3CAB182
:1075500000434F537DCFC2CFDE00C7D0B3FDD1D3A0
:10756000CAB100CFDECDB6B4CECAFD00C1ACB6AF55
:10757000BCE4B8F400B2EEC8DD00D7E9BACF00C26F
:10758000CBB2A800B5C8C8DD004B56002B00730075
:10759000302E002FC8D500CFB5CDB3C7B7D1B9B104
:1075A000A3BBA400C7B7D1B9CDB6CDCB00C7B7D167
:1075B000B9B5E7D1B900C7B7D1B9CAB1BCE400CFFA
:1075C000B5CDB3B9FDD1B9B1A3BBA42000B9FDD1EC
:1075D000B9CDB6CDCB00B9FDD1B9B5E7D1B900B9B8
:1075E000FDD1B9CAB1BCE42000D2BBC2B7B5E7C86F
:1075F000DDB1A3BBA400B6FEC2B7B5E7C8DDB1A339
:10760000BBA400C8FDC2B7B5E7C8DDB1A3BBA400E9
:10761000CBC4C2B7B5E7C8DDB1A3BBA400B9FDC1F7
:10762000F7CDB6CDCB00B9FDC1F7B5E7C1F700B9CD
:10763000FDC1F7CAB1BCE400CBD9B6CFCDB6CDCB36
:1076400000CBD9B6CFB5E7C1F700CBD9B6CFCAB119
:10765000BCE400C1E3D0F2CDB6CDCB00C1E3D0F2A3
:10766000B5E7D1B900C1E3D0F2CAB1BCE40056001D
:10767000CDA8D1B6B5D8D6B700B2A8CCD8C2CAD694
:10768000B500CDA8D1B6B9E6D4BC0048004D6F64B2
:107690006275730000000000FF73E9FF73F0FF7371
:1076A000F9FF7402FF740BFF7414FF741DFF73F96C
:1076B000FF7426FF742FFF7438FF7441FF744AFF74
:1076C0007453FF73F0FF745CFF7465FF746EFF7496
:1076D00077FF7480FF749BFF7402FF7491FF74A6A0
:1076E000FF741DFF74AEFF74B8FF74C2FF74CCFF4B
:1076F00074D6FF7426FF74D9FF74E0FF74E7FF743B
:10770000EEFF74F5FF74FCFF7503FF7508FF742F1F
:10771000FF73B4FF73B7FF73BAFF73BDFF7503FF49
:107720007508FF7511FF7508FF7438FF751BFF752D
:1077300024FF752DFF7536FF753FFF7548FF7551A6
:10774000FF755AFF7563FF756CFF7575FF757AFFDE
:10775000757FFF7584FF7503FF7508FF7597FF75CB
:10776000A4FF75ADFF75B6FF7503FF7508FF7511B2
:10777000FF75BFFF75CDFF75D6FF75DFFF75E9FF9C
:1077800075F6FF7603FF7610FF7511FF7508FF751C
:1077900003FF761DFF7626FF762FFF7638FF7641B2
:1077A000FF764AFF7653FF765CFF7665FF744AFFEB
:1077B0007670FF7679FF7682FF7503FF7508B1A3B7
:1077C000BBA4BFDAC1EE3A00B2FAC6B7D0CDBAC593
:1077D0000043312000433220004333200043342053
:1077E0000043503100435032004350330043503483
:1077F000003A00B2C9D1F9D0A3D7BC00C1E3C6AFEB
:10780000D0A3D7BC3A00D4F6D2E6D0A3D7BC3A0076
:10781000CDA3D6B920202000C6F4B6AF202020008A
:10782000B3C9B9A620202000B9CAD5CF003149611B
:10783000003149630031556F0032496100324963BC
:107840000032556F00334961003349630033556F8F
:1078500000344961003449630034556F00552000FD
:10786000492000B1A3B4E620202000B1A3BBA4B2FC
:10787000CECAFD00CFB5CDB3B9FDD1B9B1A3BBA47C
:1078800000CFB5CDB3C7B7D1B9B1A3BBA400D2BBAC
:10789000C2B7B5E7C8DDB1A3BBA400B6FEC2B7B599
:1078A000E7C8DDB1A3BBA400C8FDC2B7B5E7C8DD1A
:1078B000B1A3BBA400CBC4C2B7B5E7C8DDB1A3BBBD
:1078C000A400C8B7B6A8BDE2B3FDCBF9D3D0B9CAFE
:1078D000D5CF3A00CAC700B7F100B0E6B1BE3A0052
:1078E0002D00C4ACC8CF0020202020202020202044
:1078F00020202000D2BBC2B7B9FDC1F7B1A3BBA401
:1079000000B6FEC2B7B9FDC1F7B1A3BBA400C8FD64
:10791000C2B7B9FDC1F7B1A3BBA400CBC4C2B7B90C
:10792000FDC1F7B1A3BBA400D2BBC2B7CBD9B6CFC0
:10793000B1A3BBA400B6FEC2B7CBD9B6CFB1A3BB2F
:10794000A400C8FDC2B7CBD9B6CFB1A3BBA400CBAE
:10795000C4C2B7CBD9B6CFB1A3BBA400D2BBC2B708
:10796000C1E3D0F2B1A3BBA400B6FEC2B7C1E3D05D
:10797000F2B1A3BBA400C8FDC2B7C1E3D0F2B1A36A
:10798000BBA400CBC4C2B7C1E3D0F2B1A3BBA40077
:10799000D2BBC2B7BEDCCDB62020202000B6FEC2CE
:1079A000B7BEDCCDB62020202000C8FDC2B7BEDCAB
:1079B000CDB62020202000CBC4C2B7BEDCCDB6207F
:1079C00020202000D2BBC2B7BEDCC7D020202020A0
:1079D00000B6FEC2B7BEDCC7D02020202000C8FD04
:1079E000C2B7BEDCC7D02020202000CBC4C2B7BEA7
:1079F000DCC7D02020202000D2BBC2B7CDE2B2BF6E
:107A0000B9CAD5CF00B6FEC2B7CDE2B2BFB9CAD5AA
:107A1000CF00C8FDC2B7CDE2B2BFB9CAD5CF00CB47
:107A2000C4C2B7CDE2B2BFB9CAD5CF00C7B0B6CED7
:107A3000D7DCD5A2B6CFB5E700D2BBC2B7CDB6C8AA
:107A4000EB2020202000B6FEC2B7CDB6C8EB202028
:107A5000202000C8FDC2B7CDB6C8EB2020202000F2
:107A6000CBC4C2B7CDB6C8EB2020202000D2BBC209
:107A7000B7C7D0B3FD2020202000B6FEC2B7C7D0C4
:107A8000B3FD2020202000C8FDC2B7C7D0B3FD2021
:107A900020202000CBC4C2B7C7D0B3FD20202020B7
:107AA000002F00202020202020202000CAC2BCFE61
:107AB000BCC7C2BC00BCC7C2BCD0F2BAC53A00CA7F
:107AC000C2BCFEC4DAC8DD3A00B9CAD5CFB5E7C139
:107AD000F73A00B9CAD5CFB5E7D1B93A0049612024
:107AE0000049632000410056004B5600FF77C8FF55
:107AF00077D1FF77D5FF77D9FF77DDFF77E1FF7784
:107B0000E5FF77E9FF77ED000000FF786BFF787401
:107B1000FF7881FF788EFF789BFF78A8FF78B5000B
:107B2000000000C1814001C0804101C0804100C10E
:107B3000814001C0804100C1814000C1814001C03D
:107B4000804101C0804100C1814000C1814001C02D
:107B5000804100C1814001C0804101C0804100C11D
:107B6000814001C0804100C1814000C1814001C00D
:107B7000804100C1814001C0804101C0804100C1FD
:107B8000814000C1814001C0804101C0804100C1ED
:107B9000814001C0804100C1814000C1814001C0DD
:107BA000804101C0804100C1814000C1814001C0CD
:107BB000804100C1814001C0804101C0804100C1BD
:107BC000814000C1814001C0804101C0804100C1AD
:107BD000814001C0804100C1814000C1814001C09D
:107BE000804100C1814001C0804101C0804100C18D
:107BF000814001C0804100C1814000C1814001C07D
:107C0000804101C0804100C1814000C1814001C06C
:107C1000804100C1814001C0804101C0804100C15C
:107C2000814000C0C101C30302C2C60607C705C523
:107C3000C404CC0C0DCD0FCFCE0E0ACACB0BC90994
:107C400008C8D81819D91BDBDA1A1EDEDF1FDD1DA4
:107C50001CDC14D4D515D71716D6D21213D311D1D4
:107C6000D010F03031F133F3F23236F6F737F53524
:107C700034F43CFCFD3DFF3F3EFEFA3A3BFB39F954
:107C8000F83828E8E929EB2B2AEAEE2E2FEF2DED24
:107C9000EC2CE42425E527E7E62622E2E323E12194
:107CA00020E0A06061A163A3A26266A6A767A565A4
:107CB00064A46CACAD6DAF6F6EAEAA6A6BAB69A914
:107CC000A86878B8B979BB7B7ABABE7E7FBF7DBD24
:107CD000BC7CB47475B577B7B67672B2B373B17154
:107CE00070B0509091519353529296565797559524
:107CF00094549C5C5D9D5F9F9E5E5A9A9B5B9959D4
:107D00005898884849894B8B8A4A4E8E8F4F8D4DA3
:107D10004C8C448485458747468682424383418113
:107D20008040000000000000000000000000000093
:107D30000000000000000000000000000000000043
:107D40000000000000000000000000000000000033
:107D50000000000000000000000000000000000023
:107D60000000000000000000000000000000000013
:107D70000000000000000000000000000000000003
:107D800000000000000000000000000000000000F3
:107D900000000000000000000000000000000000E3
:107DA00000000000000000000000000000000000D3
:107DB00000000000000000000000000000000000C3
:107DC00000000000000000000000000000000000B3
:107DD00000000000000000000000000000000000A3
:107DE0000000000000000000000000000000001F74
:107DF0001C1F1E1F1E1F1F1E1F1E1F000000000035
:0A7E00000000000000000000000078
:10800000900003EFF0900533E0FF3395E0FEEF4E74
:1080100060030280E378877C047D017B017A077925
:10802000A0FE7F0512068178987C047D017B017A91
:1080300007797A7E007F03120681789B7C047D019C
:108040007B017A07797D7E007F03120681789E7C12
:10805000047D017B017A0779807E007F031206810F
:1080600078A17C047D017B017A0779837E007F0300
:1080700012068178827C047D017B017A0779A07EDB
:10808000007F05120681788C7C047D017B017A07D4
:10809000797A7E007F03120681788F7C047D017BD4
:1080A000017A07797D7E007F0312068178927C0435
:1080B0007D017B017A0779807E007F03120681783B
:1080C000957C047D017B017A0779837E007F031212
:1080D0000681E490053FF090053304F0900540F0F0
:1080E000028DCA900533E0FF3395E0FEEF64014E48
:1080F000600302877B900003E024FB700302831E71
:1081000024FD700302851924FD700302857924FD86
:1081100070030285D124FD7003028704240F6003DD
:108120000287199007ACE0FF7E00703F900540E0A9
:10813000FD3395E0FCED64014C70057407F0800B95
:10814000ED64074C700590054004F0900540E0FD9B
:108150003395E0FCED64024C70057408F0800CED82
:1081600064084C70069005407402F0EF64014E7094
:108170004D900540E0FF3395E0FEEF64014E700541
:108180007407F08019EF64074E700890054074037F
:10819000F0800BEF64034E700590054004F09005ED
:1081A00040E0FF3395E0FEEF64024E70057408F086
:1081B000800CEF64084E70069005407402F0900742
:1081C000ACE06402705B900540E0FF3395E0FEEFA9
:1081D00064014E70057407F08019EF64074E700853
:1081E0009005407403F0800BEF64034E700590051A
:1081F0004004F0900540E0FF3395E0FEEF64024E4E
:1082000070057408F0801AEF64084E7008900540FD
:108210007404F0800CEF64044E7006900540740204
:10822000F09007ACE0FF7E0064037069900540E0C9
:10823000FD3395E0FCED64014C70057407F0802778
:10824000ED64074C70089005407405F08019ED64EA
:10825000054C70089005407403F0800BED64034CEE
:10826000700590054004F0900540E0FD3395E0FC7A
:10827000ED64024C70057408F0801AED64084C70CF
:10828000089005407404F0800CED64044C70069076
:1082900005407402F0EF64044E60030287199005F4
:1082A00040E0FF3395E0FEEF64014E70057407F087
:1082B0008027EF64074E70089005407405F0801920
:1082C000EF64054E70089005407403F0800BEF6476
:1082D000034E700590054004F0900540E0FF339593
:1082E000E0FEEF64024E70067408F0028719EF6436
:1082F000084E70099005407406F0028719EF640675
:108300004E70099005407404F0028719EF64044E22
:1083100060030287199005407402F00287199007E4
:10832000ACE0FF7E00703F900540E0FD3395E0FC3F
:10833000ED64014C70057407F0800BED64074C7020
:108340000590054004F0900540E0FD3395E0FCED1C
:1083500064024C70057408F0800CED64084C7006E3
:108360009005407402F0EF64014E704D900540E0BE
:10837000FF3395E0FEEF64014E70057403F0801941
:10838000EF64034E70089005407407F0800BEF64B3
:10839000074E700590054004F0900540E0FF3395CE
:1083A000E0FEEF64024E70057408F0800CEF640884
:1083B0004E70069005407402F09007ACE0640270C5
:1083C0005B900540E0FF3395E0FEEF64014E7005E1
:1083D0007403F08019EF64034E7008900540740731
:1083E000F0800BEF64074E700590054004F0900597
:1083F00040E0FF3395E0FEEF64024E70057404F038
:10840000801AEF64044E70089005407408F0800CE8
:10841000EF64084E70069005407402F09007ACE0DF
:10842000FF7E0064037069900540E0FD3395E0FC39
:10843000ED64014C70057403F08027ED64034C700B
:10844000089005407405F08019ED64054C700890A3
:1084500005407407F0800BED64074C7005900540F3
:1084600004F0900540E0FD3395E0FCED64024C70B3
:10847000057404F0801AED64044C70089005407493
:1084800008F0800CED64084C70069005407402F012
:10849000EF64044E6003028719900540E0FF3395B6
:1084A000E0FEEF64014E70057403F08027EF640373
:1084B0004E70089005407405F08019EF64054E7009
:1084C000089005407407F0800BEF64074E7005902C
:1084D000054004F0900540E0FF3395E0FEEF6402B4
:1084E0004E70067404F0028719EF64044E70099010
:1084F00005407406F0028719EF64064E7009900576
:10850000407408F0028719EF64084E60030287196F
:108510009005407402F0028719900540E0FF339502
:10852000E0FEEF64074E70067408F0028719EF64EE
:10853000084E70099005407407F00287199007AC47
:10854000E0FF2402FD900540E0FB3395E0FAD3EB19
:108550009D7480F86A985003E014F0900540E0FDA7
:108560003395E0FCC3ED9401EC64809480400302F9
:108570008719EF2402F0028719900540E0FF339538
:10858000E0FEEF64074E70067408F0028719EF648E
:10859000084E70099005407407F0028719C3EF94E4
:1085A00001EE648094804006900540E004F090075E
:1085B000ACE02402FF900540E0FD3395E0FCD3EDF4
:1085C0009F7480F86C9850030287197401F0028739
:1085D000199007ACE02402FF900540E0FD3395E0E0
:1085E000FCD3ED9F7480F86C98500E9005337402A4
:1085F000F0E490053FF0028719ED64074C60030238
:1086000086E17B017A047987126856EF70377B0127
:108610007A04798CFF1254B4EF702A7B017A0479C2
:108620008F7F011254B4EF701C7B017A0479927F22
:10863000021254B4EF700E7B017A0479957F031215
:1086400054B4EF60189005D8120B45E47B01FAF999
:10865000F812093B9005D8120BA202871978A07C6A
:10866000077D017B017A0479877E007F05120681F0
:108670007A07797A787A7C077D017B017A04799888
:108680007E007F031206817A07797D787D7C077DE5
:10869000017B017A04799B7E007F031206817A07B1
:1086A000798078807C077D017B017A04799E7E0049
:1086B0007F031206817A07798378837C077D017BAB
:1086C000017A0479A17E007F03120681E4900533CC
:1086D000F09005387403F01201A890053B7401F086
:1086E00022900540E0FF3395E0FEEF64084E7029CC
:1086F000900533F09005387403F01201A890053B03
:108700007401F022E4900533F09005387403F01200
:1087100001A890053B7401F02278827C047D017BE6
:10872000017A0479877E007F05120681788C7C04AB
:108730007D017B017A0479987E007F03120681789F
:108740008F7C047D017B017A04799B7E007F03127C
:10875000068178927C047D017B017A04799E7E00FB
:108760007F0312068178957C047D017B017A047970
:10877000A17E007F03120681028DCA900533E0FFBF
:108780003395E0FEEF64024E6003028DCA90000351
:10879000E024FB700302897224FD7003028B2924FC
:1087A000FD7003028B8924FD7003028BF324FD709E
:1087B00003028CE0240F6003028DCA900540E0FFA5
:1087C0003395E0FEEF64014E701A7B017A047982E2
:1087D00090053FE0FD90000BE4F0A304F0A37403C8
:1087E000F012F2A4900540E0FF3395E0FEEF640242
:1087F0004E703F90053FE0FDFF3395E0FEC3EF94E0
:1088000004EE6480948050177B017A047984900090
:108810000BE4F0A304F0A37404F012F2A48013900C
:108820000486E0640170057405F080069004867487
:1088300001F0900540E0FF3395E0FEEF64034E70D9
:108840003F90053FE0FDFF3395E0FEC3EF9404EE5B
:108850006480948050177B017A04798C90000BE43B
:10886000F0A304F0A37404F012F2A4801390048E19
:10887000E0640170057405F0800690048E7401F0C8
:10888000900540E0FF3395E0FEEF64044E703F90AA
:10889000053FE0FDFF3395E0FEC3EF9404EE6480F6
:1088A000948050177B017A04798F90000BE4F0A339
:1088B00004F0A37404F012F2A48013900491E06415
:1088C0000170057405F080069004917401F0900524
:1088D00040E0FF3395E0FEEF64054E703F90053FAA
:1088E000E0FDFF3395E0FEC3EF9404EE64809480D6
:1088F00050177B017A04799290000BE4F0A304F006
:10890000A37404F012F2A48013900494E064017044
:10891000057405F080069004947401F0900540E021
:10892000FF3395E0FEEF64064E6003028DCA9005AA
:108930003FE0FDFF3395E0FEC3EF9404EE648094C6
:108940008050187B017A04799590000BE4F0A30421
:10895000F0A37404F012F2A4028DCA900497E064AC
:108960000170067405F0028DCA9004977401F0023C
:108970008DCA900540E0FF3395E0FEEF64014E7034
:108980001A7B017A04798290053FE0FD74FF900024
:108990000BF0A3F0A37403F012F2A4900540E0FFE3
:1089A0003395E0FEEF64024E703F90053FE0FDFF1F
:1089B0003395E0FEC3EF9404EE6480948050177BFF
:1089C000017A04798474FF90000BF0A3F0A374047F
:1089D000F012F2A48013900486E06401700574051F
:1089E000F080069004867401F0900540E0FF339516
:1089F000E0FEEF64034E703F90053FE0FDFF3395CE
:108A0000E0FEC3EF9404EE6480948050177B017AFB
:108A100004798C74FF90000BF0A3F0A37404F0129F
:108A2000F2A4801390048EE0640170057405F08058
:108A30000690048E7401F0900540E0FF3395E0FE4F
:108A4000EF64044E703F90053FE0FDFF3395E0FE7C
:108A5000C3EF9404EE6480948050177B017A04790C
:108A60008F74FF90000BF0A3F0A37404F012F2A433
:108A70008013900491E0640170057405F080069005
:108A800004917401F0900540E0FF3395E0FEEF643F
:108A9000054E703F90053FE0FDFF3395E0FEC3EFCC
:108AA0009404EE6480948050177B017A0479927468
:108AB000FF90000BF0A3F0A37404F012F2A4801353
:108AC000900494E0640170057405F08006900494AD
:108AD0007401F0900540E0FF3395E0FEEF64064E30
:108AE0006003028DCA90053FE0FDFF3395E0FEC3B1
:108AF000EF9404EE6480948050187B017A04799599
:108B000074FF90000BF0A3F0A37404F012F2A4021F
:108B10008DCA900497E0640170067405F0028DCA56
:108B20009004977401F0028DCA90053FE014F0A301
:108B3000E0FF3395E0FEEF64014E701190053FE0D9
:108B40003395E0C36480948050037402F0C3EF94C3
:108B500002EE648094805003028DCA900540E0FFCD
:108B60003395E0FEC3EF9407EE64809480400302E7
:108B70008DCA90053FE03395E0C364809480400344
:108B8000028DCA7404F0028DCA90053FE004F0A380
:108B9000E0FF3395E0FEEF64014E701690053FE074
:108BA000FD3395E0FCD3ED9402EC648094804002A8
:108BB000E4F0C3EF9402EE648094805003028DCA07
:108BC000900540E0FF3395E0FEC3EF9407EE64802C
:108BD00094804003028DCA90053FE0FF3395E0FE8C
:108BE000D3EF9404EE648094805003028DCAE4F0C5
:108BF000028DCA900540E0FF3395E0FEEF64014E20
:108C0000700F900482E0FDA3E0900487CDF0A3ED07
:108C1000F0EF64024E7017900484E0FFA3E090042C
:108C200089CFF0A3EFF0900486E090048BF09005DC
:108C300040E0FF3395E0FEEF64034E701790048C24
:108C4000E0FFA3E0900498CFF0A3EFF090048EE053
:108C500090049AF0900540E0FF3395E0FEEF640445
:108C60004E701790048FE0FDA3E090049BCDF0A31D
:108C7000EDF0900491E090049DF0EF64054E7017C4
:108C8000900492E0FFA3E090049ECFF0A3EFF09059
:108C90000494E09004A0F0900540E0FF3395E0FEDE
:108CA000EF64064E7017900495E0FFA3E09004A1D6
:108CB000CFF0A3EFF0900497E09004A3F09005406C
:108CC000E0FF3395E0FED3EF9406EE64809480508D
:108CD000069005337401F090053F74FFF0028DCAD1
:108CE000900540E0FF3395E0FEEF64014E700F9079
:108CF0000487E0FDA3E0900482CDF0A3EDF0EF64E3
:108D0000024E7017900489E0FFA3E0900484CFF036
:108D1000A3EFF090048BE0900486F0900540E0FF14
:108D20003395E0FEEF64034E7017900498E0FFA3C4
:108D3000E090048CCFF0A3EFF090049AE090048EC2
:108D4000F0900540E0FF3395E0FEEF64044E7017AD
:108D500090049BE0FDA3E090048FCDF0A3EDF09094
:108D6000049DE0900491F0EF64054E701790049E0E
:108D7000E0FFA3E0900492CFF0A3EFF09004A0E016
:108D8000900494F0900540E0FF3395E0FEEF640618
:108D90004E70179004A1E0FFA3E0900495CFF0A3DC
:108DA000EFF09004A3E0900497F0900540E0FF33CB
:108DB00095E0FED3EF9406EE648094805006900513
:108DC000337401F090053F74FFF09076F2120C526C
:108DD00090003C7410F0E4A3F0FD7F51FE1201B24C
:108DE0009076F5120C5290000A7410F0900540E055
:108DF000FF3395E0FEEF64014E7013900533E0FF02
:108E00003395E0FEEF64014E70047F0180027F0025
:108E100090000BEFF07D14E4FFFE1201B77BFF7AA8
:108E200075790D90003C7410F0E4A3F07D147F3050
:108E3000FE1201B2900482E0FEA3E0FFE4FCFD908C
:108E40000022120BA29000267410F0A37403F0907D
:108E50000540E0FF3395E0FEEF64014E701690058B
:108E600033E0FF3395E0FEEF64024E700790053F5C
:108E7000E0FF80027FFF900028EFF0E4A3F0A3045E
:108E8000F07D147F361201BC9076F8120C529000DF
:108E90000A7410F0900540E0FF3395E0FEEF6402A5
:108EA0004E7013900533E0FF3395E0FEEF64014E02
:108EB00070047F0180027F0090000BEFF07D147F33
:108EC0007B7E001201B77BFF7A7379C690003C74F9
:108ED00010F0E4A3F07D147FABFE1201B290048485
:108EE000E0FEA3E0FFE4FCFD900022120BA2900044
:108EF000267410F0A37404F0900540E0FF3395E071
:108F0000FEEF64024E702690053FE0FFFD3395E0D2
:108F1000FCC3ED9404EC648094805011900533E020
:108F2000FD3395E0FCED64024C700280027FFF90FF
:108F30000028EFF0E4A3F0A304F07D147FB1120148
:108F4000BC7BFF7A7379C490003C7410F0E4A3F00A
:108F50007D147FD5FE1201B2900486E0FFE4FCFD93
:108F6000FE900022120BA29000267410F0A3740150
:108F7000F0900540E0FF3395E0FEEF64024E702173
:108F800090053FE0FF3395E0FEEF64044E701290D1
:108F90000533E0FF3395E0FEEF64024E7003FF807F
:108FA000027FFF900028EFF0E4A3F0A304F07D140B
:108FB0007FDE1201BC7BFF7A75790F90003C741044
:108FC000F0E4A3F07D147FE7FE1201B29007ACE05D
:108FD000D3940074809480500302911F9076FB120A
:108FE0000C5290000A7410F0900540E0FF3395E0B9
:108FF000FEEF64034E7013900533E0FF3395E0FEFF
:10900000EF64014E70047F0180027F0090000BEF3F
:10901000F07D28E4FFFE1201B77BFF7A75790D9091
:10902000003C7410F0E4A3F07D287F30FE1201B202
:1090300090048CE0FEA3E0FFE4FCFD900022120B04
:10904000A29000267410F0A37404F0900540E0FF95
:109050003395E0FEEF64034E702690053FE0FFFD80
:109060003395E0FCC3ED9404EC648094805011903F
:109070000533E0FD3395E0FCED64024C70028002A4
:109080007FFF900028EFF0E4A3F0A304F07D287F99
:10909000361201BC7BFF7A7379C490003C7410F0E7
:1090A000E4A3F07D287F5AFE1201B290048EE0FF07
:1090B000E4FCFDFE900022120BA29000267410F03A
:1090C000A37401F0900540E0FF3395E0FEEF6403E8
:1090D0004E702190053FE0FF3395E0FEEF64044EB3
:1090E0007012900533E0FF3395E0FEEF64024E709E
:1090F00003FF80027FFF900028EFF0E4A3F0A304B9
:10910000F07D287F631201BC7BFF7A75790F900098
:109110003C7410F0E4A3F07D287F6CFE1201B29045
:1091200007ACE0D394017480948050030292739052
:1091300076FE120C5290000A7410F0900540E0FF89
:109140003395E0FEEF64044E7013900533E0FF3377
:1091500095E0FEEF64014E70047F0180027F009075
:10916000000BEFF07D287F7B7E001201B77BFF7A3A
:109170007379C690003C7410F0E4A3F07D287FABB7
:10918000FE1201B290048FE0FEA3E0FFE4FCFD902C
:109190000022120BA29000267410F0A37404F09029
:1091A0000540E0FF3395E0FEEF64044E7026900525
:1091B0003FE0FFFD3395E0FCC3ED9404EC64809444
:1091C000805011900533E0FD3395E0FCED64024CD6
:1091D000700280027FFF900028EFF0E4A3F0A30468
:1091E000F07D287FB11201BC7BFF7A7379C49000B7
:1091F0003C7410F0E4A3F07D287FD5FE1201B290FC
:109200000491E0FFE4FCFDFE900022120BA290000E
:10921000267410F0A37401F0900540E0FF3395E050
:10922000FEEF64044E702190053FE0FF3395E0FEB1
:10923000EF64044E7012900533E0FF3395E0FEEFCB
:1092400064024E7003FF80027FFF900028EFF0E47D
:10925000A3F0A304F07D287FDE1201BC7BFF7A75AA
:10926000790F90003C7410F0E4A3F07D287FE7FEB6
:109270001201B29007ACE0D3940274809480500342
:109280000293C6907701120C5290000A7410F0906D
:109290000540E0FF3395E0FEEF64054E7013900546
:1092A00033E0FF3395E0FEEF64014E70047F0180F0
:1092B000027F0090000BEFF07D3CE4FFFE1201B74F
:1092C0007BFF7A7379C690003C7410F0E4A3F07DC4
:1092D0003C7F30FE1201B2900492E0FEA3E0FFE476
:1092E000FCFD900022120BA29000267410F0A374D3
:1092F00004F0900540E0FF3395E0FEEF64054E700A
:109300002690053FE0FFFD3395E0FCC3ED9404ECAF
:10931000648094805011900533E0FD3395E0FCEDBE
:1093200064024C700280027FFF900028EFF0E4A3FB
:10933000F0A304F07D3C7F361201BC7BFF7A737989
:10934000C490003C7410F0E4A3F07D3C7F5AFE1200
:1093500001B2900494E0FFE4FCFDFE900022120BA9
:10936000A29000267410F0A37401F0900540E0FF75
:109370003395E0FEEF64054E702190053FE0FF332A
:1093800095E0FEEF64044E7012900533E0FF3395D4
:10939000E0FEEF64024E7003FF80027FFF90002822
:1093A000EFF0E4A3F0A304F07D3C7F631201BC7BEB
:1093B000FF7A75790F90003C7410F0E4A3F07D3CC7
:1093C0007F6CFE1201B29007ACE0D39403748094DA
:1093D00080500302951A907704120C5290000A7480
:1093E00010F0900540E0FF3395E0FEEF64064E700C
:1093F00013900533E0FF3395E0FEEF64014E7004F7
:109400007F0180027F0090000BEFF07D3C7F7B7E30
:10941000001201B77BFF7A7379C690003C7410F09C
:10942000E4A3F07D3C7FABFE1201B2900495E0FE18
:10943000A3E0FFE4FCFD900022120BA29000267432
:1094400010F0A37404F0900540E0FF3395E0FEEFC8
:1094500064064E702690053FE0FFFD3395E0FCC3A7
:10946000ED9404EC648094805011900533E0FD335A
:1094700095E0FCED64024C700280027FFF900028B2
:10948000EFF0E4A3F0A304F07D3C7FB11201BC7BBC
:10949000FF7A7379C490003C7410F0E4A3F07D3C33
:1094A0007FD5FE1201B2900497E0FFE4FCFDFE9030
:1094B0000022120BA29000267410F0A37401F09009
:1094C0000540E0FF3395E0FEEF64064E7021900505
:1094D0003FE0FF3395E0FEEF64044E7012900533D9
:1094E000E0FF3395E0FEEF64024E7003FF80027FE1
:1094F000FF900028EFF0E4A3F0A304F07D3C7FDEB2
:109500001201BC7BFF7A75790F90003C7410F0E477
:10951000A3F07D3C7FE7FE1201B2907707120C5258
:1095200090003C7410F0900540E0FF3395E0FEEFB2
:1095300064074E7013900533E0FF3395E0FEEF644F
:10954000014E70047F0180027F0090003DEFF07DAE
:1095500070E4FFFE1201B290770A120C5290003CA8
:109560007410F0900540E0FF3395E0FEEF64084E84
:109570007013900533E0FF3395E0FEEF64014E7009
:10958000047F0180027F0090003DEFF07D707FCC72
:109590007E001201B222900003EFF0E4A3F09005E8
:1095A00033E0FF3395E0FEEF4E703678DC7C047DCF
:1095B000017B017A0779AFFE7F1012068178EC7C7F
:1095C000047D017B017A0779AF7E007F101206814E
:1095D000E490053FF090053304F0900540F0029DC3
:1095E00093900533E0FF3395E0FEEF64014E600396
:1095F0000297B1900003E024FB603F24FD605D24EE
:10960000FD607A24FD700302969E24FD700302978C
:1096100086240F600302979B900540E024FEF0E053
:10962000FF3395E0FED3EF9400EE64809480400316
:1096300002979BE0240CF002979B900540E02402E7
:10964000F0E0FF3395E0FED3EF940CEE648094805D
:10965000500302979BE024F4F002979B900540E0B2
:1096600014F0E0FF3395E0FED3EF9400EE648094B5
:1096700080400302979BE0240CF002979B900540EA
:10968000E004F0E0FF3395E0FED3EF940CEE64804D
:109690009480500302979BE024F4F002979B90057E
:1096A00040E0FF3395E0FEEF640B4E6003029756F7
:1096B0009004DEE0FEA3E0FFD39004DDE09F900481
:1096C000DCE09E50069000047401F09004E0E0603D
:1096D000139004E2E0FF9004E1E0D39F5006900075
:1096E000047401F07B017A0879069007ABE0FD1263
:1096F000F5FCEF700D9004E5E06404700590000443
:1097000004F0900004E0600302979B7B017A0479E7
:10971000DC1267B6EF60179005D8120B45E47B01A9
:10972000FAF9F812093B9005D8120BA2806D78AFB8
:109730007C077D017B017A0479DC7E007F101206B4
:1097400081E4900533F09005387403F01201A8907D
:10975000053B7401F022900540E0FF3395E0FEEFF9
:10976000640C4E7014900533F09005387403F012B9
:1097700001A890053B7401F0229005337402F0E4D7
:1097800090053FF08015E4900533F09005387403A0
:10979000F01201A890053B7401F02278EC7C047D66
:1097A000017B017A0479DC7E007F10120681029D24
:1097B00093900533E0FF3395E0FEEF64024E6003C3
:1097C000029D93900003E0FF24FB602324FD7003BF
:1097D000029A5D24FD7003029AEE24FD7003029B41
:1097E0008E24FD7003029CD2240F6003029D93908F
:1097F0000540E0FD3395E0FCED64014C70287B01F1
:109800007A0479EC90053FE0FDEF64027005FE7F7D
:109810000180047EFF7FFF90000BEEF0A3EFF0A32A
:109820007403F012F2A4900540E0FFFD3395E0FCD4
:10983000ED64024C7037900003E0FD7C0064027020
:10984000139004F5E004F0E0D39404748094804015
:10985000037401F0ED64054C70139004F5E014F00E
:10986000E0C394017480948050037404F0EF339546
:10987000E0FEEF64034E702B7B017A0479EE9005D5
:109880003FE0FD900003E064027005FE7F0180046C
:109890007EFF7FFF90000BEEF0A3EFF0A37403F0C8
:1098A00012F2A4900540E0FF3395E0FEEF64044E11
:1098B000702B7B017A0479F690053FE0FD90000360
:1098C000E064027005FE7F0180047EFF7FFF900050
:1098D00009EEF0A3EFF0A37403F012EE2990054017
:1098E000E0FF3395E0FEEF64054E704990053FE0E0
:1098F000FFFD3395E0FCED4C70129004F0E0600445
:10990000E4F080319004F07401F080297B017A0446
:1099100079F1EF14FD900003E064027005FE7F0111
:1099200080047EFF7FFF900009EEF0A3EFF0A374A8
:1099300003F012EE29900540E0FF3395E0FEEF645E
:10994000064E702B7B017A0479F790053FE0FD907D
:109950000003E064027005FE7F0180047EFF7FFF4C
:1099600090000BEEF0A3EFF0A37403F012F2A490BA
:109970000540E0FF3395E0FEEF64074E702B7B015E
:109980007A0479F290053FE0FD900003E0640270F4
:1099900005FE7F0180047EFF7FFF90000CEEF0A3A8
:1099A000EFF0A37402F012F3D7900540E0FF339577
:1099B000E0FEEF64084E702B7B017A0479F9900584
:1099C0003FE0FD900003E064027005FE7F0180042B
:1099D0007EFF7FFF90000BEEF0A3EFF0A37403F087
:1099E00012F2A4900540E0FF3395E0FEEF64094ECB
:1099F000702B7B017A0479F390053FE0FD90000322
:109A0000E064027005FE7F0180047EFF7FFF90000E
:109A10000BEEF0A3EFF0A37403F012F2A490054054
:109A2000E0FF3395E0FEEF640A4E6003029D937BF6
:109A3000017A0479FB90053FE0FD900003E06402A9
:109A40007005FE7F0180047EFF7FFF90000CEEF02A
:109A5000A3EFF0A37402F012F3D7029D9390053F99
:109A6000E014F0A3E0FF3395E0FEEF64014E601ECA
:109A7000EF64034E6018EF64094E6012EF64044E09
:109A8000600CEF64064E6006EF64084E701190059E
:109A90003FE03395E0C36480948050037402F090FB
:109AA0000540E0FF3395E0FEEF64054E7011900530
:109AB0003FE03395E0C36480948050037403F090DA
:109AC0000540E0FF3395E0FEEF64074E6009EF6468
:109AD0000A4E6003029D9390053FE03395E0C36416
:109AE0008094804003029D937401F0029D93900541
:109AF0003FE004F0A3E0FF3395E0FEEF64014E6029
:109B00001EEF64034E6018EF64094E6012EF6404A8
:109B10004E600CEF64064E6006EF64084E701690BF
:109B2000053FE0FF3395E0FED3EF9402EE648094AE
:109B3000804002E4F0900540E0FF3395E0FEEF64E2
:109B4000054E701690053FE0FF3395E0FED3EF948D
:109B500003EE648094804002E4F0900540E0FF331F
:109B600095E0FEEF64074E6009EF640A4E60030261
:109B70009D9390053FE0FF3395E0FED3EF9401EE17
:109B8000648094805003029D93E4F0029D939005BD
:109B900040E0FF3395E0FEEF64054E70339004F132
:109BA000E07003029D93D394647480948040030218
:109BB0009D939004F0E09004E0F09004F1E09004B4
:109BC000E1F09005337401F0E490053FF0029D93BD
:109BD000EF64044E70369004F6E0FF7E00C39432CA
:109BE000748094805003029D93D3EF949674809474
:109BF000804003029D939005337401F09004F6E0D9
:109C00009004E6F0E490053FF0029D93900540E05B
:109C1000FFFD3395E0FCED64074C70249004F2E006
:109C2000FED39400748094805003029D939005337A
:109C30007401F09004E2EEF0E490053FF0029D9391
:109C4000EF120C7E9C5D019C6E029C78039C890641
:109C50009C9A089CAB099CBC0A00009CC49004EC34
:109C6000E0FFA3E09004DCCFF0A3EFF08056900477
:109C7000F5E09004E5F0804C9004EEE0FFA3E09066
:109C800004DECFF0A3EFF0803B9004F7E0FFA3E009
:109C90009004E7CFF0A3EFF0802A9004F9E0FFA34F
:109CA000E09004E9CFF0A3EFF080199004F3E0FF17
:109CB000A3E09004E3CFF0A3EFF080089004FBE072
:109CC0009004EBF09005337401F0E490053FF0024E
:109CD0009D93900540E0120C7E9CFB019D0C029D23
:109CE00016039D27049D31059D43069D54079D5EE7
:109CF000089D6F099D800A00009D889004DCE0FFAC
:109D0000A3E09004ECCFF0A3EFF0807C9004E5E0BA
:109D10009004F5F080729004DEE0FFA3E09004EE82
:109D2000CFF0A3EFF080619004E6E09004F6F080BD
:109D3000579004E0E09004F0F09004E1E09004F12A
:109D4000F080459004E7E0FFA3E09004F7CFF0A394
:109D5000EFF080349004E2E09004F2F0802A900466
:109D6000E9E0FFA3E09004F9CFF0A3EFF0801990B1
:109D700004E3E0FFA3E09004F3CFF0A3EFF080084A
:109D80009004EBE09004FBF09005337401F0E49054
:109D9000053FF0907728120C5290003C7410F0E4CC
:109DA000A3F0FD7F51FE1201B290772B120C52905E
:109DB000003C7410F0900540E0FF3395E0FEEF6446
:109DC000014E7013900533E0FF3395E0FEEF640120
:109DD0004E70047F0180027F0090003DEFF07D1205
:109DE000E4FFFE1201B27BFF7A7379C690003C74E7
:109DF00010F0E4A3F07D127F45FE1201B29004EC56
:109E0000E0FEA3E0FF7C007D0A120788AA06AB07EC
:109E10009004ECE0FEA3E0FF7C007D0A120788902E
:109E20000010ECF0A3EDF0A37402F0A314F0A374FF
:109E300010F0900540E0FF3395E0FEEF64014E70B6
:109E400016900533E0FF3395E0FEEF64024E700795
:109E500090053FE0FF80027FFF900015EFF0E4A344
:109E6000F07D127F4B1201C67BFF7A7579899000D5
:109E70003C7410F0E4A3F07D127F69FE1201B290F1
:109E8000772E120C5290003C7410F0900540E0FFC9
:109E90003395E0FEEF64024E7013900533E0FF331C
:109EA00095E0FEEF64014E70047F0180027F009018
:109EB000003DEFF07D127F817E001201B27BFF7AC0
:109EC0007379C690004A7410F0E4A3F07D127FC647
:109ED000FE1201AD9004F5E075F003A42446F5826E
:109EE000E43477F583120C5290003C7410F0900526
:109EF00040E0FF3395E0FEEF64024E7013900533AF
:109F0000E0FF3395E0FEEF64024E70047F018002B3
:109F10007F0090003DEFF07D127FCC7E001201B2F9
:109F2000907731120C5290003C7410F0900540E094
:109F3000FF3395E0FEEF64034E7013900533E0FFAE
:109F40003395E0FEEF64014E70047F0180027F00D4
:109F500090003DEFF07D24E4FFFE1201B27BFF7A1A
:109F60007379C690003C7410F0E4A3F07D247F4523
:109F7000FE1201B29004EEE0FEA3E0FF7C007D0A39
:109F8000120788AA06AB079004EEE0FEA3E0FF7C70
:109F9000007D0A120788900010ECF0A3EDF0A37486
:109FA00002F0A314F0A37410F0900540E0FF339585
:109FB000E0FEEF64034E7016900533E0FF3395E04A
:109FC000FEEF64024E700790053FE0FF80027FFFC6
:109FD000900015EFF0E4A3F07D247F4B1201C67BC7
:109FE000FF7A75798990003C7410F0E4A3F07D2429
:109FF0007F69FE1201B2907734120C5290003C74CB
:10A0000010F0900540E0FF3395E0FEEF64044E70E1
:10A0100013900533E0FF3395E0FEEF64014E7004CA
:10A020007F0180027F0090003DEFF07D247F817EE4
:10A03000001201B27BFF7A7379C690004A7410F067
:10A04000E4A3F07D247FC6FE1201AD9004F6E0FF8C
:10A0500075F06484FB7A00EF75F06484AFF09000D3
:10A0600010E4F0A3EFF0A37401F0A304F0A37410C4
:10A07000F0900540E0FF3395E0FEEF64044E70166B
:10A08000900533E0FF3395E0FEEF64024E700790D9
:10A09000053FE0FF80027FFF900015EFF0E4A3F0A2
:10A0A0007D247FCC1201C6907737120C5290003C71
:10A0B0007410F0900540E0FF3395E0FEEF64054E2C
:10A0C0007013900533E0FF3395E0FEEF64014E70AE
:10A0D000047F0180027F0090003DEFF07D36E4FFB9
:10A0E000FE1201B27BFF7A7379C690003C7410F0C7
:10A0F000E4A3F07D367F45FE1201B29004F0E060EB
:10A10000087BFF7A74798B80067BFF7A75798C9057
:10A11000003C7410F0900540E0FF3395E0FEEF64E2
:10A12000054E7020900533E0FF3395E0FEEF6402AA
:10A130004E701190053FE0FF3395E0FEEF4E700446
:10A140007F0180027F0090003DEFF07D367F4B7EE7
:10A15000001201B29004F1E0FF75F06484FB7A0014
:10A16000EF75F06484AFF0900010E4F0A3EFF0A37B
:10A170007401F0A304F0A37410F0900540E0FF33E5
:10A1800095E0FEEF64054E702D900533E0FF3395AA
:10A19000E0FEEF64024E701E90053FE0FFFD339538
:10A1A000E0FCD3ED9400EC648094804009EF14FF50
:10A1B0003395E0FE80047E007FFF900015EFF0E411
:10A1C000A3F07D367F541201C690773A120C52905C
:10A1D000003C7410F0900540E0FF3395E0FEEF6422
:10A1E000064E7013900533E0FF3395E0FEEF6401F7
:10A1F0004E70047F0180027F0090003DEFF07D36BD
:10A200007F817E001201B27BFF7A7379C690004A8B
:10A210007410F0E4A3F07D367FC6FE1201AD900409
:10A22000F7E0FEA3E0FFE4FCFD900022120BA290F9
:10A2300000267410F0A37403F0900540E0FF3395FE
:10A24000E0FEEF64064E7016900533E0FF3395E0B4
:10A25000FEEF64024E700790053FE0FF80027FFF33
:10A26000900028EFF0E4A3F0A304F07D367FCC1239
:10A2700001BC7BFF7A75798E90004A7410F0E4A3DC
:10A28000F07D367FE7FE1201AD90773D120C5290C3
:10A29000003C7410F0900540E0FF3395E0FEEF6461
:10A2A000074E7013900533E0FF3395E0FEEF640135
:10A2B0004E70047F0180027F0090003DEFF07D48EA
:10A2C000E4FFFE1201B27BFF7A7379C690003C7402
:10A2D00010F0E4A3F07D487F45FE1201B27BFF7AC7
:10A2E00075799090003C7410F0E4A3F07D487F4BAA
:10A2F000FE1201B29004F2E0FFE4FCFDFE900022A9
:10A30000120BA29000267410F0A37402F090054086
:10A31000E0FF3395E0FEEF64074E7016900533E0E2
:10A32000FF3395E0FEEF64024E700790053FE0FFBB
:10A3300080027FFF900028EFF0E4A3F0A304F07DFB
:10A34000487F571201BC907740120C5290003C7429
:10A3500010F0900540E0FF3395E0FEEF64084E708A
:10A3600013900533E0FF3395E0FEEF64014E700477
:10A370007F0180027F0090003DEFF07D487F817E6D
:10A38000001201B27BFF7A7379C690003C7410F022
:10A39000E4A3F07D487FC6FE1201B29004F9E0FE0E
:10A3A000A3E0FFE4FCFD900022120BA290002674B3
:10A3B00010F0A37403F0900540E0FF3395E0FEEF4A
:10A3C00064084E7016900533E0FF3395E0FEEF64AD
:10A3D000024E700790053FE0FF80027FFF9000284B
:10A3E000EFF0E4A3F0A304F07D487FCC1201BC7B26
:10A3F000FF7A75798E90004A7410F0E4A3F07D48DE
:10A400007FE7FE1201AD907743120C5290003C742E
:10A4100010F0900540E0FF3395E0FEEF64094E70C8
:10A4200013900533E0FF3395E0FEEF64014E7004B6
:10A430007F0180027F0090003DEFF07D5AE4FFFE37
:10A440001201B27BFF7A7379C690003C7410F0E47D
:10A45000A3F07D5A7F45FE1201B29004F3E0FEA303
:10A46000E0FFE4FCFD900022120BA2900026741085
:10A47000F0A37403F0900540E0FF3395E0FEEF6435
:10A48000094E7016900533E0FF3395E0FEEF64024D
:10A490004E700790053FE0FF80027FFF900028EF9D
:10A4A000F0E4A3F0A304F07D5A7F4B1201BC7BFFC4
:10A4B0007A75799390003C7410F0E4A3F07D5A7F94
:10A4C00066FE1201B2907746120C5290003C741056
:10A4D000F0900540E0FF3395E0FEEF640A4E701304
:10A4E000900533E0FF3395E0FEEF64014E70047F8A
:10A4F0000180027F0090003DEFF07D5A7F817E0059
:10A500001201B27BFF7A7379C690003C7410F0E4BC
:10A51000A3F07D5A7FC6FE1201B29004FBE0FFE477
:10A52000FCFDFE900022120BA29000267410F0A3F6
:10A530007402F0900540E0FF3395E0FEEF640A4EB0
:10A540007016900533E0FF3395E0FEEF64024E7025
:10A550000790053FE0FF80027FFF900028EFF0E4C6
:10A56000A3F0A304F07D5A7FCC1201BC7BFF7A7567
:10A57000798E90003C7410F0E4A3F07D5A7FDEFEEB
:10A580001201B2907755120C5290003C7410F0906A
:10A590000540E0FF3395E0FEEF640B4E701390052D
:10A5A00033E0FF3395E0FEEF64014E70047F0180DD
:10A5B000027F0090003DEFF07D6EE4FFFE1201B2DD
:10A5C000907758120C5290003C7410F0900540E0C7
:10A5D000FF3395E0FEEF640C4E7013900533E0FFFF
:10A5E0003395E0FEEF64014E70047F0180027F002E
:10A5F00090003DEFF07D6E7FCC7E001201B2229084
:10A600000003EFF0E4A3F0900533E0FF3395E0FEA4
:10A61000EF4E706F78797C047D017B017A0779A514
:10A62000FE7F0612068178767C047D017B017A0527
:10A6300079D07E007F0312068178737C047D017BD4
:10A64000017A0579D37E007F03120681787F7C042E
:10A650007D017B017A0779AD7E007F01120681784A
:10A66000807C047D017B017A0779AE7E007F011238
:10A670000681E490053FF090053304F0900540F02A
:10A6800002AF15900533E0FF3395E0FEEF64014E15
:10A690007070900003E024FB602824F7604024FDE4
:10A6A0006044240F7054900540E014F0E0FF3395AF
:10A6B000E0FEC3EF9401EE64809480503D7405F099
:10A6C0008038900540E004F0E0FF3395E0FED3EFE2
:10A6D0009405EE6480948040217401F0801C900504
:10A6E000337402F080149005387401F0E49005335F
:10A6F000F090053B04F01201A822E490053FF0021F
:10A70000AF15900533E0FF3395E0FEEF64024E6035
:10A710000302AF15900003E024FB700302AA262475
:10A72000FD700302AD1124FD700302AD4324FD70E2
:10A730000302AD7A24FD700302AF0A240F60030206
:10A74000AF15900540E0FF3395E0FEEF64014E70D9
:10A750004390053FE0FDFB3395E0FA74792BF582D9
:10A7600074043AF583E004F074792BF58274043AAA
:10A77000F583E0FB3395E0FAD3EB9409EA64809427
:10A78000804011ED3395E0FC74792DF58274043C22
:10A79000F583E4F0EF64024E600302A89890053F51
:10A7A000E0FDFF3395E0FEC3EF9402EE64809480F9
:10A7B00050177B017A04797690000CE4F0A304F042
:10A7C000A304F012F3D702A89890053FE0FFFD33F1
:10A7D00095E0FCC3ED9404EC6480948050589004A0
:10A7E00077E0FE75F00A84900006F0EE75F00A84BA
:10A7F000A3E5F0F0EF24FD600D047028900006E062
:10A80000045401F0801E900006E0700CA3E0047573
:10A81000F00A84E5F0F0800C900007E00475F00386
:10A8200084E5F0F0900006E075F00AA4FFA3E02FA5
:10A83000900477F08062C3ED9406EC6480948050BD
:10A8400057900478E0FF75F00A84900006F0EF75E9
:10A85000F00A84A3E5F0F090053FE024FB600D04CE
:10A860007026900006E0045403F0801C900006E07F
:10A8700064037008A3E0045401F0800C900007E02A
:10A880000475F00A84E5F0F0900006E075F00AA483
:10A89000FFA3E02F900478F0900540E0FF3395E0AF
:10A8A000FEEF64034E600302A9E190053FE0FFFD67
:10A8B0003395E0FCC3ED9402EC64809480506D907D
:10A8C0000473E0FE75F00A84900006F0EE75F00A5D
:10A8D00084A3E5F0F0EF14601604702F900006E0FA
:10A8E0000475F00384AFF0EFF07020A3F0801C90AB
:10A8F0000006E064027008A3E0045403F0800C90AA
:10A900000007E00475F00A84E5F0F0900006E075B9
:10A91000F00AA4FFA3E02F900473F0D3941774807F
:10A920009480500302A9E1E4F002A9E1C3ED94048C
:10A93000EC64809480504D900474E0FF75F00A84BC
:10A94000900006F0EF75F00A84A3E5F0F090053F63
:10A95000E024FD601104701A900006E00475F00612
:10A9600084E5F0F0800C900007E00475F00A84E5BF
:10A97000F0F0900006E075F00AA4FFA3E02F900429
:10A9800074F0805D90053FE0FFFD3395E0FCC3ED82
:10A990009406EC648094805048900475E0FE75F055
:10A9A0000A84900006F0EE75F00A84A3E5F0F0EF5B
:10A9B00024FB601104701A900006E00475F0068410
:10A9C000E5F0F0800C900007E00475F00A84E5F0F3
:10A9D000F0900006E075F00AA4FFA3E02F90047544
:10A9E000F0900540E0FFFD3395E0FCED64044C7011
:10A9F0001990047FE004F0E0FD3395E0FCD3ED9482
:10AA00003DEC648094804002E4F0EF3395E0FEEF8B
:10AA100064054E600302AF15900480E004F0E0FF8F
:10AA20001201A302AF15900540E0FF3395E0FEEF61
:10AA300064014E703E90053FE0FDFB3395E0FA74F3
:10AA4000792BF58274043AF583E014F074792BF5D0
:10AA50008274043AF583E03395E0C36480948050B7
:10AA600012ED3395E0FC74792DF58274043CF58386
:10AA70007409F0EF64024E600302AB7C90053FE086
:10AA8000FDFF3395E0FEC3EF9402EE6480948050A6
:10AA9000187B017A04797674FF90000CF0A3F0A380
:10AAA0007402F012F3D702AB7C90053FE0FFFD3358
:10AAB00095E0FCC3ED9404EC64809480505A9004BB
:10AAC00077E0FE75F00A84900006F0EE75F00A84D7
:10AAD000A3E5F0F0EF24FD600D04702A900006E07D
:10AAE000045401F08020900006E0700DA3E02409DA
:10AAF00075F00A84E5F0F0800D900007E0240275FF
:10AB0000F00384E5F0F0900006E075F00AA4FFA3DE
:10AB1000E02F900477F08064C3ED9406EC64809499
:10AB2000805059900478E0FF75F00A84900006F098
:10AB3000EF75F00A84A3E5F0F090053FE024FB6098
:10AB40000E047028900006E024035403F0801D904A
:10AB50000006E064037008A3E0045401F0800D9047
:10AB60000007E0240975F00A84E5F0F0900006E0A3
:10AB700075F00AA4FFA3E02F900478F0900540E060
:10AB8000FF3395E0FEEF64034E600302ACD1900505
:10AB90003FE0FFFD3395E0FCC3ED9402EC6480944C
:10ABA000805075900473E0FE75F00A84900006F002
:10ABB000EE75F00A84A3E5F0F0EF14601B04703624
:10ABC000900006E0240275F00384AFF0EFF0640219
:10ABD0007024A37403F0801E900006E064027009E4
:10ABE000A3E024035403F0800D900007E0240975CE
:10ABF000F00A84E5F0F0900006E075F00AA4FFA3E7
:10AC0000E02F900473F0D394177480948050030263
:10AC1000ACD17417F002ACD1C3ED9404EC64809411
:10AC200080504F900474E0FF75F00A84900006F0A5
:10AC3000EF75F00A84A3E5F0F090053FE024FD6095
:10AC40001204701C900006E0240575F00684E5F0FF
:10AC5000F0800D900007E0240975F00A84E5F0F01B
:10AC6000900006E075F00AA4FFA3E02F900474F0B2
:10AC7000805F90053FE0FFFD3395E0FCC3ED940657
:10AC8000EC64809480504A900475E0FE75F00A846C
:10AC9000900006F0EE75F00A84A3E5F0F0EF24FBD7
:10ACA000601204701C900006E0240575F00684E52F
:10ACB000F0F0800D900007E0240975F00A84E5F0BB
:10ACC000F0900006E075F00AA4FFA3E02F90047551
:10ACD000F0900540E0FFFD3395E0FCED64044C701E
:10ACE0001490047FE014F0E03395E0C36480948016
:10ACF0005003743DF0EF3395E0FEEF64054E6003C2
:10AD000002AF15900480E014F0E0FF1201A302AF3F
:10AD10001590053FE014F0A3E0FF3395E0FEC3EF8C
:10AD20009404EE64809480400302AF1590053FE0E8
:10AD30003395E0C364809480400302AF157405F03E
:10AD400002AF1590053FE004F0A3E0FF3395E0FE6D
:10AD5000C3EF9404EE64809480400302AF15900525
:10AD60003FE0FF3395E0FED3EF9405EE64809480DE
:10AD7000500302AF15E4F002AF15900540E024FE49
:10AD8000607E14700302AE4A14700302AE94147015
:10AD90000302AECC2404600302AF157B017A047970
:10ADA00079126996EF60189005D8120B45E47B0183
:10ADB000FAF9F812093B9005D8120BA202AF15E47C
:10ADC000900005F0900005E0C394067480948050D4
:10ADD00021E0FF2479F582E43404F583E0FE74A5D4
:10ADE0002FF582E43407F583EEF0900005E004F0DF
:10ADF00080D29005337401F0E490053FF002AF1566
:10AE00007B017A0479761250D0EF60189005D81241
:10AE10000B45E47B01FAF9F812093B9005D8120BB7
:10AE2000A202AF15900476E09005D0F0900477E090
:10AE30009005D1F0900478E09005D2F0900533743D
:10AE400001F0E490053FF002AF157B017A047973BD
:10AE5000124F24EF60189005D8120B45E47B01FADD
:10AE6000F9F812093B9005D8120BA202AF15900415
:10AE700073E09005D3F0900474E09005D4F0900452
:10AE800075E09005D5F09005337401F0E490053F2E
:10AE9000F002AF157B017A04797F126B76EF6017B1
:10AEA0009005D8120B45E47B01FAF9F812093B90A2
:10AEB00005D8120BA2805E90047FE09007ADF09061
:10AEC00005337401F0E490053FF080497B017A047A
:10AED0007980126AD6EF60179005D8120B45E47B93
:10AEE00001FAF9F812093B9005D8120BA2802690BE
:10AEF0000480E0FF9007AEF09005337401F012017A
:10AF0000A3E490053FF0800D800B9005337401F0B1
:10AF1000E490053FF09076C2120C5290003C741001
:10AF2000F0E4A3F0FD7F51FE1201B29076C5120C41
:10AF30005290003C7410F0900540E0FF3395E0FE25
:10AF4000EF64014E7013900533E0FF3395E0FEEFA0
:10AF500064014E70047F0180027F0090003DEFF09D
:10AF60007D12E4FFFE1201B2E4900005F0900005AE
:10AF7000E0C39406748094805078E0FE75F00CA4D1
:10AF80002451FFC00774792EF582E43404F583E080
:10AF9000FF3395E0FEFDFC900022120BA2900026EC
:10AFA0007410F0A37401F0900540E0FF3395E0FECB
:10AFB000EF64014E701F900533E0FF3395E0FEEF24
:10AFC00064024E7010900005E0FF90053FE0B50769
:10AFD000047F0080027FFF900028EFF0E4A3F0A33D
:10AFE00004F0D0077D121201BC900005E004F002CD
:10AFF000AF6D9076C8120C5290003C7410F0900522
:10B0000040E0FF3395E0FEEF64024E70139005338D
:10B01000E0FF3395E0FEEF64014E70047F01800293
:10B020007F0090003DEFF07D24E4FFFE1201B2901E
:10B030000476E0FFE4FCFDFE900022120BA29000DB
:10B04000267410F0A37402F0900540E0FF3395E001
:10B05000FEEF64024E7026900533E0FF3395E0FE6C
:10B06000EF64024E701790053FE0FFFD3395E0FC62
:10B07000C3ED9402EC64809480500280027FFF90C4
:10B080000028EFF0E4A3F0A304F07D247F51120127
:10B09000BC7BFF7A74798B90003C7410F0E4A3F0D1
:10B0A0007D247F63FE1201B2900477E0FFE4FCFD93
:10B0B000FE900022120BA29000267410F0A37402DE
:10B0C000F0900540E0FF3395E0FEEF64024E7037EC
:10B0D000900533E0FF3395E0FEEF64024E70289058
:10B0E000053FE0FF3395E0FEC3EF9404EE648094E7
:10B0F000805014EF9401EE64809480400AE024FEB6
:10B10000FF3395E0FE80047E007FFF900028EFF083
:10B11000E4A3F0A304F07D247F6C1201BC7BFF7AD2
:10B1200074798B90003C7410F0E4A3F07D247F7E52
:10B13000FE1201B2900478E0FFE4FCFDFE900022D4
:10B14000120BA29000267410F0A37402F090054038
:10B15000E0FF3395E0FEEF64024E7037900533E078
:10B16000FF3395E0FEEF64024E702890053FE0FF4C
:10B170003395E0FEC3EF9406EE648094805014EFA4
:10B180009403EE64809480400AE024FCFF3395E051
:10B19000FE80047E007FFF900028EFF0E4A3F0A380
:10B1A00004F07D247F871201BC9076CB120C529064
:10B1B000003C7410F0900540E0FF3395E0FEEF6432
:10B1C000034E7013900533E0FF3395E0FEEF64010A
:10B1D0004E70047F0180027F0090003DEFF07D36CD
:10B1E000E4FFFE1201B2900473E0FFE4FCFDFE9068
:10B1F0000022120BA29000267410F0A37402F090AB
:10B200000540E0FF3395E0FEEF64034E70269005A5
:10B2100033E0FF3395E0FEEF64024E701790053F78
:10B22000E0FFFD3395E0FCC3ED9402EC6480948074
:10B23000500280027FFF900028EFF0E4A3F0A30407
:10B24000F07D367F511201BC7BFF7A7379C6900086
:10B250003C7410F0E4A3F07D367F63FE1201B290DF
:10B260000474E0FFE4FCFDFE900022120BA29000AB
:10B27000267410F0A37402F0900540E0FF3395E0CF
:10B28000FEEF64034E7037900533E0FF3395E0FE28
:10B29000EF64024E702890053FE0FF3395E0FEC357
:10B2A000EF9404EE648094805014EF9401EE648077
:10B2B0009480400AE024FEFF3395E0FE80047E0087
:10B2C0007FFF900028EFF0E4A3F0A304F07D367F29
:10B2D0006C1201BC7BFF7A7379C690003C7410F04D
:10B2E000E4A3F07D367F7EFE1201B2900475E0FF8C
:10B2F000E4FCFDFE900022120BA29000267410F0D8
:10B30000A37402F0900540E0FF3395E0FEEF640384
:10B310004E7037900533E0FF3395E0FEEF64024E48
:10B32000702890053FE0FF3395E0FEC3EF9406EEF2
:10B33000648094805014EF9403EE64809480400AFB
:10B34000E024FCFF3395E0FE80047E007FFF900048
:10B3500028EFF0E4A3F0A304F07D367F871201BC50
:10B360009076CE120C5290003C7410F0900540E0A4
:10B37000FF3395E0FEEF64044E7013900533E0FF59
:10B380003395E0FEEF64014E70047F0180027F0080
:10B3900090003DEFF07D48E4FFFE1201B290047F83
:10B3A000E0FF3395E0FED3EF9400EE64809480409C
:10B3B00073EF943DEE648094805069E03395E0FE35
:10B3C000FDFC900022120BA29000267410F0A374D2
:10B3D00002F0A374FFF0900540E0FF3395E0FEEF2C
:10B3E00064044E7013900533E0FF3395E0FEEF6484
:10B3F000024E70047F0180027F00900029EFF0A3CD
:10B400007401F07D487F511201BC7BFF7A74798D05
:10B4100090003C7410F0E4A3F07D487F63FE1201BD
:10B42000B202B4EC90047FE0FF3395E0FEEF4E7083
:10B43000577BFF7A74799190003C7410F09005402E
:10B44000E0FF3395E0FEEF64044E7013900533E0A7
:10B45000FF3395E0FEEF64024E70047F0180027FAF
:10B460000090003DEFF07D487F517E001201B27BDD
:10B47000FF7A7379C290003C7410F0E4A3F07D4829
:10B480007F75FE1201B2806490047FE0FF3395E087
:10B49000FEEF643D4E70557BFF7A74799690003CC8
:10B4A0007410F0900540E0FF3395E0FEEF64044E29
:10B4B0007013900533E0FF3395E0FEEF64024E70A9
:10B4C000047F0180027F0090003DEFF07D487F51B6
:10B4D0007E001201B27BFF7A7379C290003C741037
:10B4E000F0E4A3F07D487F75FE1201B29076D11290
:10B4F0000C5290003C7410F0900540E0FF3395E052
:10B50000FEEF64054E7013900533E0FF3395E0FEC7
:10B51000EF64014E70047F0180027F0090003DEFD8
:10B52000F07D5AE4FFFE1201B2900480E0FFE4FCDB
:10B53000FDFE900022120BA29000267410F0A3745E
:10B5400003F0A374FFF0900540E0FF3395E0FEEFB9
:10B5500064054E7013900533E0FF3395E0FEEF6411
:10B56000024E70047F0180027F00900029EFF0A35B
:10B570007401F07D5A7F631201BCE4900005F090E5
:10B580000005E0C39404748094805025900004E08A
:10B590002412FDF07BFF7A7379C690003C7410F0A2
:10B5A000E4A3F07F48FE1201B2900005E004F080B1
:10B5B000CE900004E02412FDF07BFF7A7379C690F0
:10B5C000003C7410F0E4A3F07F5AFE1201B2229006
:10B5D0000003EFF0A3EDF0900533E0FF3395E0FEBC
:10B5E000EF4E705D900004E0FF3395E0FE7C007D3F
:10B5F0000F12077674C42FF974073EFA7B017806A0
:10B600007C057D017E007F0F120681900004E0FF23
:10B610003395E0FE7C007D0F12077674C42FF97419
:10B62000073EFA7B0178157C057D017E007F0F12B5
:10B630000681E490053FF0A304F0900533F002BCCE
:10B6400056900533E0FF3395E0FEEF64014E600352
:10B6500002B8AF900003E024FB700302B6DC24FDC7
:10B66000700302B73D24FD700302B73D24FD700353
:10B6700002B7D224FD700302B884240F600302B81D
:10B6800099900540E0FF75F0031206A7AFF0EF3385
:10B6900095E0FE4F7008900540E014F08016EF64CE
:10B6A000014E7009900540E024FDF08007900540B0
:10B6B000E024FEF0900540E03395E0C36480948080
:10B6C0005004E0240CF0900540E0FF3395E0FEEFDD
:10B6D0004E600302B899740BF002B899900540E0EF
:10B6E000FF75F0031206A7AFF0EF3395E0FE4F7041
:10B6F00009900540E02402F08015EF64014E7009C6
:10B70000900540E02403F08006900540E004F090AE
:10B710000540E0FF3395E0FED3EF940BEE64809498
:10B72000804004E024F4F0900540E0FF3395E0FE13
:10B73000EF4E600302B8997402F002B89990054088
:10B74000E0FF3395E0FEC3EF9404EE6480948050F4
:10B7500015EF64014E70067402F002B8999005402E
:10B760007401F002B899C3EF9407EE64809480509E
:10B7700018EF64044E70099005407405F002B89902
:10B780009005407404F002B899C3EF940AEE648007
:10B7900094805018EF64074E70099005407408F0CB
:10B7A00002B8999005407407F002B899C3EF940D60
:10B7B000EE64809480400302B899EF640A4E7009E9
:10B7C000900540740BF002B899900540740AF0029D
:10B7D000B899900540E0FF3395E0FED3EF9409EE71
:10B7E00064809480500E9005337402F0E490053F1D
:10B7F000F002B899EF640A4E7066900004E0FF7B97
:10B80000017A05790612532AEF60179005D8120BBA
:10B8100045E47B01FAF9F812093B9005D8120BA216
:10B820008077900538740BF0900004E0FF3395E0CA
:10B83000FE7C007D0F12077674C42FF974073EA8B2
:10B8400001FC7D017B017A0579067E007F0F1206DF
:10B8500081E4900533F01201A890053B7401F022B9
:10B86000900540E0FF3395E0FEEF640B4E702A90A8
:10B870000538740BF0E4900533F01201A890053BF5
:10B880007401F022900538740BF0E4900533F01247
:10B8900001A890053B7401F02278157C057D017BA1
:10B8A000017A0579067E007F0F12068102BC569050
:10B8B0000533E0FF3395E0FEEF64024E600302BC07
:10B8C00056900003E0FF24FB602324FD700302BABE
:10B8D0006324FD700302BAA124FD700302BAE424BC
:10B8E000FD700302BBA3240F600302BC5690054009
:10B8F000E0120C7EB91301B92702B95203B98004D2
:10B90000B99405B9C206B9F007BA0408BA320900F9
:10B9100000BC56900515E070047E0180027E009008
:10B920000515EEF002BC567B017A05791690053FAD
:10B93000E0FDEF64027005FE7F0180047EFF7FFF63
:10B9400090000BEEF0A3EFF0A37404F012F2A40247
:10B95000BC567B017A05791890053FE0FD90000305
:10B96000E064027005FE7F0180047EFF7FFF90008F
:10B970000BEEF0A3EFF0A37404F012F2A402BC5695
:10B9800090051AE070047F0180027F0090051AEF95
:10B99000F002BC567B017A05791B90053FE0FD90D3
:10B9A0000003E064027005FE7F0180047EFF7FFFDC
:10B9B00090000BEEF0A3EFF0A37404F012F2A402D7
:10B9C000BC567B017A05791D90053FE0FD90000390
:10B9D000E064027005FE7F0180047EFF7FFF90001F
:10B9E0000BEEF0A3EFF0A37404F012F2A402BC5625
:10B9F00090051FE070047F0180027F0090051FEF1B
:10BA0000F002BC567B017A05792090053FE0FD905D
:10BA10000003E064027005FE7F0180047EFF7FFF6B
:10BA200090000BEEF0A3EFF0A37404F012F2A40266
:10BA3000BC567B017A05792290053FE0FD9000031A
:10BA4000E064027005FE7F0180047EFF7FFF9000AE
:10BA50000BEEF0A3EFF0A37404F012F2A402BC56B4
:10BA600002BC56900540E0FF3395E0FEEF64014EC6
:10BA7000700302BC56EF64044E700302BC56EF64C0
:10BA8000074E700302BC5690053FE014F0E033957A
:10BA9000E0C364809480400302BC567403F002BC8F
:10BAA00056900540E0FF3395E0FEEF64014E7003D1
:10BAB00002BC56EF64044E700302BC56EF64074E9E
:10BAC000700302BC5690053FE004F0E0FF3395E0C0
:10BAD000FED3EF9403EE64809480500302BC56E4DE
:10BAE000F002BC569005337401F0E490053FF0A3DA
:10BAF000E0120C7EBB1301BB1E02BB3003BB420431
:10BB0000BB4D05BB5F06BB7107BB7C08BB8E090044
:10BB100000BC56900515E0900506F002BC56900555
:10BB200016E0FFA3E0900507CFF0A3EFF002BC56AC
:10BB3000900518E0FFA3E0900509CFF0A3EFF00215
:10BB4000BC5690051AE090050BF002BC5690051B00
:10BB5000E0FFA3E090050CCFF0A3EFF002BC5690FD
:10BB6000051DE0FFA3E090050ECFF0A3EFF002BCAF
:10BB70005690051FE0900510F002BC56900520E09D
:10BB8000FFA3E0900511CFF0A3EFF002BC569005A3
:10BB900022E0FFA3E0900513CFF0A3EFF002BC5624
:10BBA00002BC56900540E0120C7EBBC901BBD3021B
:10BBB000BBE403BBF504BBFF05BC1006BC2107BCFE
:10BBC0002B08BC3C090000BC4B900506E090051515
:10BBD000F08078900507E0FFA3E0900516CFF0A372
:10BBE000EFF08067900509E0FFA3E0900518CFF023
:10BBF000A3EFF0805690050BE090051AF0804C9072
:10BC0000050CE0FFA3E090051BCFF0A3EFF0803B15
:10BC100090050EE0FFA3E090051DCFF0A3EFF080AC
:10BC20002A900510E090051FF08020900511E0FF9C
:10BC3000A3E0900520CFF0A3EFF0800F900513E074
:10BC4000FFA3E0900522CFF0A3EFF090053374013D
:10BC5000F0E490053FF0900004E0FF3395E0FE90A3
:10BC6000777C75F003EF120C1DEE75F003A42583AD
:10BC7000F583120C5290003C7410F0E4A3F0FD7FA9
:10BC800042FE1201B2907791120C5290003C741057
:10BC9000F0900540E0FF3395E0FEEF64014E701335
:10BCA000900533E0FF3395E0FEEF64014E70047FB2
:10BCB0000180027F0090003DEFF07D10E4FFFE1256
:10BCC00001B27BFF7A75790D90004A7410F0E4A3FD
:10BCD000F07D107F48FE1201AD900515E0600890E0
:10BCE0007788120C52800690778B120C5290003C91
:10BCF0007410F0900540E0FF3395E0FEEF64014ED4
:10BD00007013900533E0FF3395E0FEEF64024E7050
:10BD1000047F0180027F0090003DEFF07D107F4B9B
:10BD20007E001201B2907794120C5290003C741075
:10BD3000F0900540E0FF3395E0FEEF64024E701393
:10BD4000900533E0FF3395E0FEEF64014E70047F11
:10BD50000180027F0090003DEFF07D107F787E0033
:10BD60001201B27BFF7A75790D90003C7410F0E4FB
:10BD7000A3F07D107FBDFE1201B2900516E0FEA378
:10BD8000E0FF7C007D64120788AA06AB07900516C9
:10BD9000E0FEA3E0FF7C007D64120788900010ECB9
:10BDA000F0A3EDF0A37402F0A3F0A37410F09005DB
:10BDB00040E0FF3395E0FEEF64024E7016900533CD
:10BDC000E0FF3395E0FEEF64024E700790053FE020
:10BDD000FF80027FFF900015EFF0E4A3F07D107F5D
:10BDE000C01201C67BFF7A75790F90003C7410F089
:10BDF000E4A3F07D107FE7FE1201B2907797120C5A
:10BE00005290003C7410F0900540E0FF3395E0FE46
:10BE1000EF64034E7013900533E0FF3395E0FEEFBF
:10BE200064014E70047F0180027F0090003DEFF0BE
:10BE30007D1F7F787E001201B27BFF7A75790D90AD
:10BE4000003C7410F0E4A3F07D1F7FBDFE1201B230
:10BE5000900518E0FEA3E0FF7C007D64120788AA2D
:10BE600006AB07900518E0FEA3E0FF7C007D64129E
:10BE70000788900010ECF0A3EDF0A37402F0A3F09B
:10BE8000A37410F0900540E0FF3395E0FEEF6403EB
:10BE90004E7016900533E0FF3395E0FEEF64024EDE
:10BEA000700790053FE0FF80027FFF900015EFF0E4
:10BEB000E4A3F07D1F7FC01201C67BFF7A75798EE7
:10BEC00090004A7410F0E4A3F07D1F7FE7FE12019A
:10BED000AD90779A120C5290003C7410F09005408F
:10BEE000E0FF3395E0FEEF64044E7013900533E0FD
:10BEF000FF3395E0FEEF64014E70047F0180027F06
:10BF00000090003DEFF07D30E4FFFE1201B27BFFB8
:10BF10007A75790D90004A7410F0E4A3F07D307FBB
:10BF200048FE1201AD90051AE06008907788120C67
:10BF300052800690778B120C5290003C7410F09057
:10BF40000540E0FF3395E0FEEF64044E701390056A
:10BF500033E0FF3395E0FEEF64024E70047F018012
:10BF6000027F0090003DEFF07D307F4B7E0012019C
:10BF7000B290779D120C5290003C7410F0900540E6
:10BF8000E0FF3395E0FEEF64054E7013900533E05B
:10BF9000FF3395E0FEEF64014E70047F0180027F65
:10BFA0000090003DEFF07D2F7F787E001201B27B84
:10BFB000FF7A75790D90003C7410F0E4A3F07D2FAA
:10BFC0007FBDFE1201B290051BE0FEA3E0FF7C00E6
:10BFD0007D64120788AA06AB0790051BE0FEA3E06C
:10BFE000FF7C007D64120788900010ECF0A3EDF058
:10BFF000A37402F0A3F0A37410F0900540E0FF33A7
:10C0000095E0FEEF64054E7016900533E0FF339522
:10C01000E0FEEF64024E700790053FE0FF80027F74
:10C02000FF900015EFF0E4A3F07D307FC01201C651
:10C030007BFF7A75790F90003C7410F0E4A3F07DDB
:10C040002F7FE7FE1201B29077A0120C5290003CB5
:10C050007410F0900540E0FF3395E0FEEF64064E6B
:10C060007013900533E0FF3395E0FEEF64014E70EE
:10C07000047F0180027F0090003DEFF07D3E7F78DD
:10C080007E001201B27BFF7A75790D90003C74102E
:10C09000F0E4A3F07D3E7FBDFE1201B290051DE0ED
:10C0A000FEA3E0FF7C007D64120788AA06AB079020
:10C0B000051DE0FEA3E0FF7C007D64120788900070
:10C0C00010ECF0A3EDF0A37402F0A3F0A37410F051
:10C0D000900540E0FF3395E0FEEF64064E70169049
:10C0E0000533E0FF3395E0FEEF64024E70079005E4
:10C0F0003FE0FF80027FFF900015EFF0E4A3F07DAA
:10C100003E7FC01201C67BFF7A75798E90004A741B
:10C1100010F0E4A3F07D3E7FE7FE1201AD9077A31F
:10C12000120C5290003C7410F0900540E0FF3395E3
:10C13000E0FEEF64074E7013900533E0FF3395E0A7
:10C14000FEEF64014E70047F0180027F0090003D8D
:10C15000EFF07D50E4FFFE1201B27BFF7A75790D9E
:10C1600090004A7410F0E4A3F07D507F48FE120165
:10C17000AD90051FE06008907788120C5280069001
:10C18000778B120C5290003C7410F0900540E0FF49
:10C190003395E0FEEF64074E7013900533E0FF33F4
:10C1A00095E0FEEF64024E70047F0180027F0090F4
:10C1B000003DEFF07D507F4B7E001201B29077A6DC
:10C1C000120C5290003C7410F0900540E0FF339543
:10C1D000E0FEEF64084E7013900533E0FF3395E006
:10C1E000FEEF64014E70047F0180027F0090003DED
:10C1F000EFF07D4E7F787E001201B27BFF7A757979
:10C200000D90003C7410F0E4A3F07D4E7FBDFE1253
:10C2100001B2900520E0FEA3E0FF7C007D641207E0
:10C2200088AA06AB07900520E0FEA3E0FF7C007D16
:10C2300064120788900010ECF0A3EDF0A37402F0F4
:10C24000A3F0A37410F0900540E0FF3395E0FEEFFB
:10C2500064084E7016900533E0FF3395E0FEEF64FE
:10C26000024E700790053FE0FF80027FFF900015AF
:10C27000EFF0E4A3F07D4E7FC01201C67BFF7A761B
:10C28000796E90003C7410F0E4A3F07D4E7FE7FEE1
:10C290001201B29077A9120C5290003C7410F090E9
:10C2A0000540E0FF3395E0FEEF64094E7013900502
:10C2B00033E0FF3395E0FEEF64014E70047F0180B0
:10C2C000027F0090003DEFF07D5D7F787E001201DF
:10C2D000B27BFF7A75790D90003C7410F0E4A3F006
:10C2E0007D5D7FBDFE1201B2900522E0FEA3E0FF5E
:10C2F0007C007D64120788AA06AB07900522E0FE49
:10C30000A3E0FF7C007D64120788900010ECF0A38E
:10C31000EDF0A37402F0A3F0A37410F0900540E0D8
:10C32000FF3395E0FEEF64094E7016900533E0FF91
:10C330003395E0FEEF64024E700790053FE0FF800A
:10C34000027FFF900015EFF0E4A3F07D5D7FC01247
:10C3500001C67BFF7A75798E90004A7410F0E4A3D1
:10C36000F07D5D7FE7FE1201AD90778E120C52904A
:10C37000003C7410F0900540E0FF3395E0FEEF6460
:10C380000A4E7013900533E0FF3395E0FEEF640131
:10C390004E70047F0180027F0090003DEFF07D70C1
:10C3A000E4FFFE1201B290778B120C5290003C74A5
:10C3B00010F0900540E0FF3395E0FEEF640B4E7007
:10C3C00013900533E0FF3395E0FEEF64014E7004F7
:10C3D0007F0180027F0090003DEFF07D707FCC7E7A
:10C3E000001201B222900003EFF0A37414F0A374C2
:10C3F00001F0E4A3F0900533E0FF3395E0FEEF4E4B
:10C40000600302C4AD78A47C047D017B017A0879C5
:10C4100006FE7F0712068178AB7C047D017B017AE2
:10C4200008790D7E007F0712068178B27C047D01B9
:10C430007B017A0879147E007F0712068178B97C27
:10C44000047D017B017A08791B7E007F071206813B
:10C4500078C07C047D017B017A0879067E007F0725
:10C4600012068178C77C047D017B017A08790D7EF4
:10C47000007F0712068178CE7C047D017B017A085B
:10C4800079147E007F0712068178D57C047D017BBC
:10C49000017A08791B7E007F07120681E490053F30
:10C4A000F090053304F0900540F002C96390053325
:10C4B000E0FF3395E0FEEF64014E600302C73F905A
:10C4C0000003E024FB606F24FD700302C58924FD96
:10C4D000700302C58924FD700302C5B024FD7003FA
:10C4E00002C6D7240F600302C6EC900540E0FF337C
:10C4F00095E0FEC3EF9406EE64809480400302C68C
:10C50000ECE014F0E0FF3395E0FEC3EF9401EE643D
:10C5100080948050067405F002C6EC9007ABE0FDF5
:10C52000FBD3EF9B7480F86E98500302C6EC900525
:10C5300040EDF002C6EC900540E0FF3395E0FEC30D
:10C54000EF9406EE64809480400302C6ECE004F0B1
:10C550009007ABE0FF900540E0FD3395E0FCD3EDA4
:10C560009F7480F86C984010ED9406EC6480948081
:10C5700050067405F002C6ECED64064C600302C67A
:10C58000EC90054004F002C6EC900540E0FF3395C6
:10C59000E0FEEF64054E70067406F002C6ECEF6430
:10C5A000064E600302C6EC9005407405F002C6EC2E
:10C5B000900540E0FF3395E0FED3EF9404EE6480F5
:10C5C000948050099005337402F002C6ECEF6405C4
:10C5D0004E600302C6B47B017A0479A49007ABE0F5
:10C5E000FD12F5FCEF700D9007B8E0640470059043
:10C5F000000604F0900006E0600302C6EC9000051F
:10C60000F09007ABE0FF900005E0FEC39F5036EED0
:10C6100075F007A424A4F9740435F0FA7B01E0FF57
:10C62000125633EF60179005D8120B45E47B01FAE0
:10C63000F9F812093B9005D8120BA280089000056A
:10C64000E004F080BC9007ABE0FF900005E06F6075
:10C650000302C6EC78067C087D017B017A0479A48C
:10C66000FE7F07120681780D7C087D017B017A042C
:10C6700079AB7E007F0712068178147C087D017BF0
:10C68000017A0479B27E007F07120681781B7C084C
:10C690007D017B017A0479B97E007F071206811241
:10C6A00001A890053B7401F0E4900533F090053843
:10C6B0007403F022900540E0FF3395E0FEEF64063E
:10C6C0004E7029900533F09005387403F01201A8DC
:10C6D00090053B7401F022E4900533F09005387426
:10C6E00003F01201A890053B7401F022E490053F8D
:10C6F000F078C07C047D017B017A0479A4FE7F0779
:10C7000012068178C77C047D017B017A0479AB7EB7
:10C71000007F0712068178CE7C047D017B017A04BC
:10C7200079B27E007F0712068178D57C047D017B7B
:10C73000017A0479B97E007F0712068102C96390ED
:10C740000533E0FF3395E0FEEF64024E600302C95B
:10C7500063900003E024FB602324FD700302C83AC9
:10C7600024FD700302C85424FD700302C87324FD25
:10C77000700302C8F4240F600302C9639007ABE0A2
:10C78000FD900540E0FF3395E0FED3EF9D7480F807
:10C790006E98400302C96390053FE0FD3395E0FCCD
:10C7A000C3ED9404EC6480948050367C007D0712C5
:10C7B000077674BA2FF974043EFA7B01E0FD90000D
:10C7C00003E064027005FE7F0180047EFF7FFF901E
:10C7D000000BEEF0A3EFF0A37404F012F2A402C970
:10C7E00063900540E0FF3395E0FE9004B975F007D3
:10C7F000EF120C1DEE75F007A42583F583E0701988
:10C800009004B975F007EF120C1DEE75F007A42522
:10C8100083F5837401F002C963900540E0FF33950E
:10C82000E0FE9004B975F007EF120C1DEE75F007ED
:10C83000A42583F583E4F002C96390053FE014F07A
:10C84000E03395E0C364809480400302C9637404BC
:10C85000F002C96390053FE004F0E0FF3395E0FE8D
:10C86000D3EF9404EE64809480500302C963E4F033
:10C8700002C963900540E024FE602314603914600F
:10C880004F240370629004C1E0FFA3E09004A5CFA1
:10C89000F0A3EFF09004C0E09004A4F0804990046D
:10C8A000C8E0FFA3E09004ACCFF0A3EFF09004C782
:10C8B000E09004ABF080309004CFE0FFA3E0900460
:10C8C000B3CFF0A3EFF09004CEE09004B2F0801765
:10C8D0009004D6E0FFA3E09004BACFF0A3EFF0906D
:10C8E00004D5E09004B9F09005337401F0E49005AC
:10C8F0003FF0806F900540E024FE601F146031140B
:10C9000060432403705278C07C047D017B017A046B
:10C9100079A47E007F07120681803D78C77C047D64
:10C92000017B017A0479AB7E007F071206818028A3
:10C9300078CE7C047D017B017A0479B27E007F078A
:10C94000120681801378D57C047D017B017A0479FD
:10C95000B97E007F071206819005337401F0E490E0
:10C96000053FF090770D120C5290003C7410F0E4EB
:10C97000A3F0FD7F51FE1201B29000057401F0900A
:10C9800007ABE004FF900005E0C39F400302CAEB41
:10C99000E0FF75F003A4240DF582E43477F58312EB
:10C9A0000C52900004E0FD90003C7410F0900540A3
:10C9B000E0B50713900533E0FF3395E0FEEF640127
:10C9C0004E70047F0180027F0090003DEFF0E4FF95
:10C9D000FE1201B2900004E0FD7BFF7A7379C690ED
:10C9E000003C7410F0E4A3F07F12FE1201B290003C
:10C9F00005E0FB75F007A424BAF582E43404F5835E
:10CA0000E0FEA3E0FFE4FCFD900022120BA29000E8
:10CA1000267410F0A37404F0900540E0B50326904E
:10CA20000533E0FF3395E0FEEF64024E701790058A
:10CA30003FE0FFFD3395E0FCC3ED9404EC6480948B
:10CA400080500280027FFF900028EFF0E4A3F0A363
:10CA500004F0900004E0FD7F1B1201BC900004E094
:10CA6000FD7BFF7A75791690003C7410F0E4A3F01A
:10CA70007F42FE1201B2900005E0FF75F007A4248A
:10CA8000B9F582E43404F583E064017008907722FC
:10CA9000120C528006907725120C52900004E0FD93
:10CAA00090003C7410F0900540E0B50722900533EB
:10CAB000E0FF3395E0FEEF64024E701390053FE017
:10CAC000FF3395E0FEEF64044E70047F0180027F27
:10CAD0000090003DEFF07F757E001201B2900004DF
:10CAE000E02414F0A3E004F002C97F90771C120C3C
:10CAF0005290003C7410F0900540E0FF3395E0FE4A
:10CB0000EF64054E7013900533E0FF3395E0FEEFC0
:10CB100064014E70047F0180027F0090003DEFF0C1
:10CB20007D70E4FFFE1201B290771F120C5290004C
:10CB30003C7410F0900540E0FF3395E0FEEF640692
:10CB40004E7013900533E0FF3395E0FEEF64014E25
:10CB500070047F0180027F0090003DEFF07D707FC8
:10CB6000CC7E001201B222900003EFF0A3EDF09012
:10CB70000533E0FF3395E0FEEF4E7062900004E075
:10CB8000702778FC7C047D017B017A0779BFFE7FEA
:10CB90000512068178017C057D017B017A0779BF4A
:10CBA0007E007F05120681802678FC7C047D017B57
:10CBB000017A0879007E007F0512068178017C05E4
:10CBC0007D017B017A0879007E007F05120681E4F1
:10CBD00090053FF0A304F0900533F002CFA7900535
:10CBE00033E0FF3395E0FEEF64014E600302CDC6F3
:10CBF000900003E024FB605424FD700302CC8024E9
:10CC0000FD607D24FD700302CCA724FD700302CDDE
:10CC10009B240F600302CDB0900540E0FF3395E008
:10CC2000FEC3EF9405EE64809480400302CDB0E033
:10CC300014F0E0FF3395E0FEC3EF9401EE648094BE
:10CC400080400302CDB07404F002CDB0900540E006
:10CC5000FF3395E0FEC3EF9405EE648094804003BB
:10CC600002CDB0E004F0E0FF3395E0FED3EF940492
:10CC7000EE64809480500302CDB07401F002CDB018
:10CC8000900540E0FF3395E0FEEF64054E700674BA
:10CC900004F002CDB0EF64044E600302CDB0900505
:10CCA000407405F002CDB0900540E0FF3395E0FE02
:10CCB000D3EF9403EE64809480500E900533740299
:10CCC000F0E490053FF002CDB0EF64044E60030243
:10CCD000CD77900004E070507B017A0479FC1266F5
:10CCE00076EF60189005D8120B45E47B01FAF9F84D
:10CCF00012093B9005D8120BA202CDB07A0779BF7A
:10CD000078BF7C077D017B017A0479FC7E007F057A
:10CD1000120681900538740BF0E4900533F012018F
:10CD2000A890053B7401F0227B017A0479FC12671C
:10CD300016EF60179005D8120B45E47B01FAF9F85D
:10CD400012093B9005D8120BA280657A0879007809
:10CD5000007C087D017B017A0479FC7E007F05124E
:10CD60000681900538740BF0E4900533F01201A8A9
:10CD700090053B7401F022900540E0FF3395E0FE02
:10CD8000EF64054E702A900538740BF0E49005337B
:10CD9000F01201A890053B7401F022900538740B45
:10CDA000F0E4900533F01201A890053B7401F022E5
:10CDB00078017C057D017B017A0479FC7E007F058A
:10CDC00012068102CFA7900533E0FF3395E0FEEF16
:10CDD00064024E600302CFA7900003E024FB6023AF
:10CDE00024FD700302CE9A24FD700302CED924FDE7
:10CDF000700302CF1D24FD700302CF63240F600374
:10CE000002CFA7900540E0FF3395E0FEEF64014EAE
:10CE10007014900501E070047D0180027D00900592
:10CE200001EDF002CFA7EF64024E702E7B017A0570
:10CE3000790290053FE0FD900003E064027005FE7A
:10CE40007F0180047EFF7FFF90000BEEF0A3EFF0E8
:10CE5000A37404F012F2A402CFA7900540E0FF33C0
:10CE600095E0FEEF64034E600302CFA77B017A05D5
:10CE7000790490053FE0FD900003E064027005FE38
:10CE80007F0180047EFF7FFF90000BEEF0A3EFF0A8
:10CE9000A37404F012F2A402CFA7900540E0FF3380
:10CEA00095E0FEC3EF9402EE64809480500302CFBD
:10CEB000A7D3EF9403EE64809480400302CFA79041
:10CEC000053FE014F0E03395E0C3648094804003B4
:10CED00002CFA77403F002CFA7900540E0FF33957F
:10CEE000E0FEC3EF9402EE64809480500302CFA76B
:10CEF000D3EF9403EE64809480400302CFA79005A3
:10CF00003FE004F0E0FF3395E0FED3EF9403EE64DE
:10CF1000809480500302CFA7E4F002CFA79005339E
:10CF20007401F0E490053FF0A3E024FE601114606A
:10CF30001F24027072900501E09004FCF08068905C
:10CF40000502E0FFA3E09004FDCFF0A3EFF08057CF
:10CF5000900504E0FFA3E09004FFCFF0A3EFF08082
:10CF6000468044900540E024FE601114601F2402B6
:10CF7000702A9004FCE0900501F080209004FDE010
:10CF8000FFA3E0900502CFF0A3EFF0800F9004FF25
:10CF9000E0FFA3E0900504CFF0A3EFF09005337419
:10CFA00001F0E490053FF0900004E0640170089007
:10CFB000775B120C528006907770120C5290003CF6
:10CFC0007410F0E4A3F0FD7F42FE1201B290000461
:10CFD000E06401700890775E120C528006907773BF
:10CFE000120C5290003C7410F0900540E0FF339515
:10CFF000E0FEEF64014E7013900533E0FF3395E0DF
:10D00000FEEF64014E70047F0180027F0090003DBE
:10D01000EFF07D14E4FFFE1201B27BFF7A7379C654
:10D0200090004A7410F0E4A3F07D147F48FE1201D2
:10D03000AD900501E0600890776D120C528006906B
:10D04000776A120C5290003C7410F0900540E0FF9B
:10D050003395E0FEEF64014E7013900533E0FF332B
:10D0600095E0FEEF64024E70047F0180027F009025
:10D07000003DEFF07D147F517E001201B29000045C
:10D08000E064017008907761120C52800690777608
:10D09000120C5290003C7410F0900540E0FF339564
:10D0A000E0FEEF64024E7013900533E0FF3395E02D
:10D0B000FEEF64014E70047F0180027F0090003D0E
:10D0C000EFF07D28E4FFFE1201B27BFF7A7379C690
:10D0D00090003C7410F0E4A3F07D287F48FE12011C
:10D0E000B2900502E0FEA3E0FF7C007D6412078899
:10D0F000AA06AB07900502E0FEA3E0FF7C007D647A
:10D10000120788900010ECF0A3EDF0A37402F0A3D6
:10D11000F0A37410F0900540E0FF3395E0FEEF645B
:10D12000024E7016900533E0FF3395E0FEEF640287
:10D130004E700790053FE0FF80027FFF900015EFE3
:10D14000F0E4A3F07D287F511201C67BFF7A757948
:10D150008990003C7410F0E4A3F07D287F7BFE12E0
:10D1600001B2900004E064017008907764120C52E0
:10D170008006907779120C5290003C7410F0900564
:10D1800040E0FF3395E0FEEF64034E7013900533EB
:10D19000E0FF3395E0FEEF64014E70047F018002F2
:10D1A0007F0090003DEFF07D3CE4FFFE1201B27B7A
:10D1B000FF7A7379C690003C7410F0E4A3F07D3CD4
:10D1C0007F48FE1201B2900504E0FEA3E0FF7C0060
:10D1D0007D64120788AA06AB07900504E0FEA3E071
:10D1E000FF7C007D64120788900010ECF0A3EDF046
:10D1F000A37402F0A3F0A37410F0900540E0FF3395
:10D2000095E0FEEF64034E7016900533E0FF339512
:10D21000E0FEEF64024E700790053FE0FF80027F62
:10D22000FF900015EFF0E4A3F07D3C7F511201C6A2
:10D230007BFF7A75798E90004A7410F0E4A3F07D3C
:10D240003C7F7BFE1201AD907767120C5290003C40
:10D250007410F0900540E0FF3395E0FEEF64044E5B
:10D260007013900533E0FF3395E0FEEF64014E70DC
:10D27000047F0180027F0090003DEFF07D70E4FFAD
:10D28000FE1201B290776A120C5290003C7410F0BA
:10D29000900540E0FF3395E0FEEF64054E7013907B
:10D2A0000533E0FF3395E0FEEF64014E70047F012B
:10D2B00080027F0090003DEFF07D707FCC7E0012F9
:10D2C00001B222900003EFF0900533E0FF3395E0C8
:10D2D000FEEF4E704578247C057D017B017A07794D
:10D2E0009CFE7F0412068178287C057D017B017AF3
:10D2F00007799C7E007F04120681E490053FF09040
:10D30000053304F0900540F0E490052CF0A3F0A361
:10D31000F0A3F0A3F0A3F002D6B4900533E0FF33FE
:10D3200095E0FEEF64014E600302D521900003E01A
:10D33000FF24FB605424FD700302D3BD24FD607DF7
:10D3400024FD700302D46224FD700302D4F7240F7D
:10D35000600302D50B900540E0FD3395E0FCC3ED82
:10D360009405EC64809480400302D50BE014F0E057
:10D37000FD3395E0FCC3ED9401EC648094804003A0
:10D3800002D50B7404F002D50B900540E0FD3395F7
:10D39000E0FCC3ED9405EC64809480400302D50B5F
:10D3A000E004F0E0FD3395E0FCD3ED9404EC648000
:10D3B0009480500302D50B7401F002D50B90054008
:10D3C000E0FD3395E0FCED64054C70057404F080DD
:10D3D0000CED64044C70069005407405F090052433
:10D3E000E0F4600302D50B900540E0FD3395E0FCCE
:10D3F000ED64034C600302D50B90053075F001120B
:10D400000829FC742C25F0F58274053CF583EFF0B7
:10D41000900530E07004A3E06404600302D50B9033
:10D42000052CE064087031A3E06408702BA3E0646D
:10D430000B7025A3E0640B701F9005387414F0A3E3
:10D44000740DF01201A8E4900533F090053B04F050
:10D45000E4900530F0A3F022E4900530F0A3F00250
:10D46000D50B900540E0FF3395E0FED3EF9402EE3C
:10D4700064809480500E9005337402F0E490053F70
:10D48000F002D50BEF64044E704A7B017A057924D3
:10D490001265D6EF60179005D8120B45E47B01FAB0
:10D4A000F9F812093B9005D8120BA2805E789C7C9B
:10D4B000077D017B017A0579247E007F04120681B5
:10D4C0009005387403F01201A8E4900533F090053C
:10D4D0003B04F022900540E0FF3395E0FEEF640549
:10D4E0004E70289005387403F01201A8E4900533BB
:10D4F000F090053B04F0229005387403F01201A867
:10D50000E4900533F090053B04F02278287C057DFB
:10D51000017B017A0579247E007F0412068102D600
:10D52000B4900533E0FF3395E0FEEF64024E6003F4
:10D5300002D6B4900003E024FB700302D5C124FDA1
:10D54000700302D62324FD700302D64924FD700324
:10D5500002D67424FD700302D695240F600302D610
:10D56000B4900540E0FF3395E0FEEF64014E701685
:10D570007B017A05792890053FE0FD900008E4F0F2
:10D58000A304F012F7AB900540E0FF3395E0FEEF07
:10D5900064024E600302D6B490052AE025E0FF90B5
:10D5A0000529E033FEF0A3EFF0D39480EE942550EC
:10D5B0000302D6B49005297404F0A374B0F002D627
:10D5C000B4900540E0FF3395E0FEEF64014E701625
:10D5D0007B017A05792890053FE0FD74FF900008F3
:10D5E000F0A3F012F7AB900540E0FF3395E0FEEFBB
:10D5F00064024E600302D6B4900529E0C313FEA373
:10D60000E013FF900529EEF0A3EFF0C394B0EE9481
:10D6100004400302D6B49005297425F0A37480F069
:10D6200002D6B490053FE014F0A3E0FF3395E0FE8E
:10D63000EF64014E707E90053FE03395E0C3648057
:10D64000948050707401F0806B90053FE004F0A36B
:10D65000E0FF3395E0FEEF64014E705890053FE027
:10D66000FF3395E0FED3EF9401EE64809480404454
:10D67000E4F0804078247C057D017B017A057928DF
:10D680007E007F041206819005337401F090053FFF
:10D6900074FFF0801F78287C057D017B017A057975
:10D6A000247E007F041206819005337401F09005FA
:10D6B0003F74FFF09077AC120C5290003C7410F065
:10D6C000E4A3F0FD7F51FE1201B29077AF120C522D
:10D6D00090003C7410F0900540E0FF3395E0FEEFC1
:10D6E00064014E7013900533E0FF3395E0FEEF6464
:10D6F000014E70047F0180027F0090003DEFF07DBD
:10D7000014E4FFFE1201B27BFF7A7379C690004ADF
:10D710007410F0E4A3F07D147F48FE1201AD900573
:10D7200028E0FFE4FCFDFE900006120BA290000A28
:10D730007410F0A37402F0900540E0FF3395E0FE12
:10D74000EF64014E7016900533E0FF3395E0FEEF75
:10D7500064024E700790053FE0FF80027FFF90005B
:10D760000CEFF0E4A3F07D147F511201C17BFF7A2E
:10D7700076798B90004A7410F0E4A3F07D147F63F7
:10D78000FE1201AD9077B2120C5290003C7410F072
:10D79000900540E0FF3395E0FEEF64024E70139079
:10D7A0000533E0FF3395E0FEEF64014E70047F0126
:10D7B00080027F0090003DEFF07D28E4FFFE120123
:10D7C000B27BFF7A7379C690004A7410F0E4A3F03C
:10D7D0007D287F48FE1201AD900529E0FEA3E0FF01
:10D7E000E4FCFD900022120BA29000267410F0A31E
:10D7F0007404F0A374FFF0900540E0FF3395E0FE61
:10D80000EF64024E7013900533E0FF3395E0FEEFB6
:10D8100064024E70047F0180027F00900029EFF0C7
:10D82000A37401F07D287F511201BC9077B5120CD2
:10D830005290003C7410F0900540E0FF3395E0FEFC
:10D84000EF64034E7013900533E0FF3395E0FEEF75
:10D8500064014E70047F0180027F0090003DEFF074
:10D860007D3CE4FFFE1201B27BFF7A7379C6900023
:10D870004A7410F0E4A3F07D3C7F48FE1201AD7BBA
:10D88000FF7A76798D90003C7410F0E4A3F07D3C33
:10D890007F51FE1201B29077B8120C5290003C7486
:10D8A00010F0900540E0FF3395E0FEEF64044E7009
:10D8B00013900533E0FF3395E0FEEF64014E7004F2
:10D8C0007F0180027F0090003DEFF07D70E4FFFE5D
:10D8D0001201B29077BB120C5290003C7410F09081
:10D8E0000540E0FF3395E0FEEF64054E70139005B0
:10D8F00033E0FF3395E0FEEF64014E70047F01805A
:10D90000027F0090003DEFF07D707FCC7E00120121
:10D91000B222900003EFF0900533E0FF3395E0FE74
:10D92000EF4E703C900805E0900481F0900003E019
:10D9300024EF60152403600302DC139005337401A7
:10D94000F0E490053FF002DC13E4900533F090051D
:10D950003804F01201A890053B7401F02202DC1398
:10D96000900533E0FF3395E0FEEF64014E60030263
:10D97000DA2F900003E024FB601224F7602124FDDD
:10D98000700302DA24240F600302DC13900481E0A8
:10D99000700504F002DC13E4900481F002DC1390C3
:10D9A00005D6E0A330E008E4900533F002DC137BF9
:10D9B000017A047981126A36EF60179005D8120B4C
:10D9C00045E47B01FAF9F812093B9005D8120BA245
:10D9D000801A900481E0900805F0600B1201A89075
:10D9E00005337402F08005E4900533F0E490000400
:10D9F000F09007ABE0FF900004E0FEC39F400302FD
:10DA0000DC13EE75F007A42406F582E43408F583F0
:10DA1000E06009EE0490053FF002DC13900004E0A2
:10DA200004F080CDE4900533F002DC1302DC1390A7
:10DA30000533E0FF3395E0FEEF64024E600302DB46
:10DA40002E900003E024F8607124FA700302DB16C4
:10DA500024FD700302DB1F2406600302DC13900523
:10DA60003FE004F09007ABE0FF90053FE0FD339509
:10DA7000E0FCD3ED9F7480F86C9840037401F09043
:10DA8000053FE0900004F09007ABE004FF90000435
:10DA9000E0FEC39F400302DC13EE75F007A424FFF1
:10DAA000F582E43407F583E0600890053FEEF0026C
:10DAB000DC13900004E004F080CD90053FE014F00A
:10DAC000E0FF3395E0FEC3EF9401EE648094805054
:10DAD000089007ABE090053FF090053FE090000410
:10DAE000F0900004E0FFD39400748094805003020F
:10DAF000DC13EF75F007A424FFF582E43407F58307
:10DB0000E0600B900004E090053FF002DC13900011
:10DB100004E014F080CB9005337403F002DC139022
:10DB200005337401F01201A802DC1302DC13900526
:10DB300033E0FF3395E0FEEF64034E600302DC1335
:10DB4000900003E024F2600302DC1390053FE0FF45
:10DB5000FD3395E0FC90080275F007ED120C1DEC0A
:10DB600075F007A42583F583E0604DEF24FE601374
:10DB700014601914601F24037025900765E04402A7
:10DB8000F0801C900765E04410F08013900765E07A
:10DB90004480F0800A900764E04404F0A3E0F0AE13
:10DBA00004ED7802C333CE33CED8F92450F5827415
:10DBB000073EF583E4F0805590053FE024FE6013B6
:10DBC00014601914601F24037025900765E0440158
:10DBD000F0801C900765E04408F08013900765E032
:10DBE0004440F0800A900764E04402F0A3E0F09023
:10DBF000053FE0FF3395E0FEEF7802C333CE33CE2E
:10DC0000D8F92450F58274073EF583E4F09005338B
:10DC10007402F0900533E0FF3395E0FEC3EF940209
:10DC2000EE64809480400302DD519076D4120C5251
:10DC300090003C7410F0E4A3F0FD7F51FE1201B29D
:10DC40009076D7120C5290003C7410F0900533E09F
:10DC5000FF3395E0FEEF4E70047F0180027F00905D
:10DC6000003DEFF07D14E4FFFE1201B27BFF7A73FA
:10DC700079C690003C7410F0E4A3F07D147F48FE58
:10DC80001201B2900481E070089076DA120C528092
:10DC9000069076DD120C5290003C7410F090053323
:10DCA000E0FF3395E0FEEF64014E70047F018002D7
:10DCB0007F0090003DEFF07D147F517E001201B295
:10DCC0007BFF7A7379D590003C7410F0E4A3F07D6B
:10DCD000707F81FE1201B278087C007D017B017AA1
:10DCE0000579D07E007F03120681780B7C007D01D0
:10DCF0007B017A0579D37E007F0312068190000EA6
:10DD0000E4F0A374ABF0A37470F012F13D90080539
:10DD1000E060197BFF7A7379DA90003C7410F0E4CC
:10DD2000A3F07D707F06FE1201B280177BFF7A732D
:10DD300079E490003C7410F0E4A3F07D707F06FE5F
:10DD40001201B2E4900023F07BF07D6CFF1201D051
:10DD5000227BFF7A74790290003C7410F0E4A3F007
:10DD60007D147F14FE1201B27F0112E3FA9007AB1B
:10DD7000E024FE601514601E1460272403702D90AB
:10DD80000006746FF0E4A3F080229000067415F092
:10DD9000A374B4F080169000067415F0A3745AF0C2
:10DDA000800A9000067415F0A3743CF0900005748E
:10DDB00001F09007ABE004FF900005E0FDC39F5029
:10DDC0003BA3E0FF7E0090053FE0B505087BFF7AAE
:10DDD0007479AB80067BFF7A7379D290003C741023
:10DDE000F0E4A3F07D581201B2900007E0FF90002C
:10DDF00006E02FF0900005E004F080B69007ABE05D
:10DE000024FE601514601E1460272403702D9000FA
:10DE100006746FF0E4A3F080229000067415F0A35E
:10DE200074B4F080169000067415F0A3745AF08054
:10DE30000A9000067415F0A3743CF090000574017C
:10DE4000F09007ABE004FF900005E0FEC39F507C1C
:10DE5000EE75F007A424FFF582E43407F583E06053
:10DE600057EE75F007A42402F582E43408F583E048
:10DE700060087BFF7A7379CB80067BFF7A7379C861
:10DE8000900006E0FF7E0090003C7410F090053397
:10DE9000E0FD3395E0FCED64034C7010900005E06C
:10DEA000FD90053FE0B505047D0180027D009000F6
:10DEB0003DEDF07D6C1201B2900007E0FF9000068E
:10DEC000E02FF0900005E004F002DE412290000314
:10DED000EFF09005BC120B4590001F7401F0FB7A27
:10DEE000007904A3120C491201857B017A007904A0
:10DEF00090003C7408F0E4A3F0FDFFFE1201B29024
:10DF000005C0120B4590001F7402F07B017A007966
:10DF100004A3120C491201857B017A007904900058
:10DF20003C7408F0E4A3F07D09FFFE1201B29005F5
:10DF3000C8120B4590001F7403F07B017A0079042E
:10DF4000A3120C491201857B017A00790490003CF0
:10DF50007408F0E4A3F07D12FFFE1201B29006D91E
:10DF6000E020E404E030E53890053EE060197BFFF6
:10DF70007A7379C090003C7408F0E4A3F07D127FBE
:10DF80004EFE1201B280307BFF7A7379C290003C62
:10DF90007408F0E4A3F07D127F4EFE1201B28017E8
:10DFA0007BFF7A7379C290003C7408F0E4A3F07DA3
:10DFB000127F4EFE1201B29005C4120B4590001F55
:10DFC0007404F07B017A007904A3120C49120185D4
:10DFD0007B017A00790490003C7408F0E4A3F07DA2
:10DFE0001BFFFE1201B29005CC120B4590001F746E
:10DFF00005F07B017A007904A3120C491201857B9C
:10E00000017A00790490003C7408F0E4A3F07D24C8
:10E01000FFFE1201B29007ACE024FE601514601DF3
:10E020001460252403702A900018745DF0E4A3F0B6
:10E03000801FE4900018F0A374B4F08014E4900002
:10E0400018F0A3745AF08009E4900018F0A3743C0F
:10E05000F090001A7401F09007ACE0FF90001AE015
:10E06000D39F400302E2FBE0FEFFC00775F00CA463
:10E0700024D8F582E43405F583120B4590001D1277
:10E080000BA2E4900021F07B017A007904A3120C2A
:10E0900049D0077D0112018A900018E0FF7E007BC5
:10E0A000017A00790490003C7408F0E4A3F07D56F6
:10E0B0001201B290001AE014F97E007401A8010860
:10E0C0008005C333CE33CED8F9FF9006D7E0FDE408
:10E0D000EF5D7008A3E0FDE4EF5D604490053EE075
:10E0E000601F900018E02436FF7E007BFF7A737972
:10E0F000C090003C7408F0E4A3F07D561201B28099
:10E100003C900018E02436FF7E007BFF7A7379C2D2
:10E1100090003C7408F0E4A3F07D561201B2801D1B
:10E12000900018E02436FF7E007BFF7A7379C2905E
:10E13000003C7408F0E4A3F07D561201B290001A7E
:10E14000E0FEFFC00775F00CA424DCF582E4340582
:10E15000F583120B4590001D120BA2E4900021F0F4
:10E160007B017A007904A3120C49D0077D021201C9
:10E170008A900018E0FF7E007B017A00790490000D
:10E180003C7408F0E4A3F07D5E1201B290001AE046
:10E1900014F97E007410A801088005C333CE33CE75
:10E1A000D8F9FF9006D7E0FDE4EF5D7008A3E0FD2D
:10E1B000E4EF5D604490053EE0601F900018E024AD
:10E1C00036FF7E007BFF7A7379C090003C7408F0C4
:10E1D000E4A3F07D5E1201B2803C900018E024368A
:10E1E000FF7E007BFF7A7379C290003C7408F0E4F4
:10E1F000A3F07D5E1201B2801D900018E02436FF6E
:10E200007E007BFF7A7379C290003C7408F0E4A32F
:10E21000F07D5E1201B290001AE0FEFFC00775F0BB
:10E220000CA424E0F582E43405F583120B4590003C
:10E230001D120BA29000217401F0FB7A007904A357
:10E24000120C49D0077D0312018A900018E0FF7E6E
:10E25000007B017A00790490003C7408F0E4A3F09C
:10E260007D661201B290001AE014FF7E007401A8CE
:10E2700007088005C333CE33CED8F9FF9006D9E026
:10E28000FDE4EF5D604490053EE0601F900018E003
:10E290002436FF7E007BFF7A7379C090003C7408BF
:10E2A000F0E4A3F07D661201B2803C900018E024F7
:10E2B00036FF7E007BFF7A7379C290003C7408F0D1
:10E2C000E4A3F07D661201B2801D900018E02436B0
:10E2D000FF7E007BFF7A7379C290003C7408F0E403
:10E2E000A3F07D661201B2900019E0FF900018E0E3
:10E2F0002FF090001AE004F002E0579007ACE0FF26
:10E3000012E3FA900766E0FF64016005EF640270B3
:10E310006690076AE0FEA3E0FFE4FCFD9000221295
:10E320000BA29000267410F0A37403F0A374FFF006
:10E33000E4A3F0A304F07D087FC91201BC90076636
:10E34000E0640170197BFF7A7379C890003C741007
:10E35000F0E4A3F07D187FD2FE1201B280477BFF6C
:10E360007A7379CB90003C7410F0E4A3F07D187FB1
:10E37000D2FE1201B2802E7BFF7A7379CE90003CE0
:10E380007410F0E4A3F07D087FC9FE1201B27BFF98
:10E390007A7379D290003C7410F0E4A3F07D187F7A
:10E3A000D2FE1201B2900003E024F5601C24FD604F
:10E3B0002824FD6032240970409005387404F090E0
:10E3C000053B7401F01201A8229005387406F09004
:10E3D000053B7401F01201A8229005387401F090F9
:10E3E000053BF01201A82230010F9005387416F099
:10E3F00090053B7401F01201A82290001BEFF0A3DE
:10E400007415F0A3743CF09007ABE024FE60151483
:10E41000601E1460272403702D90001C746FF0E4BC
:10E42000A3F0802290001C7415F0A374B4F0801641
:10E4300090001C7415F0A3745AF0800A90001C74AC
:10E4400015F0A3743CF0E490001EF09007ABE0FFE1
:10E4500090001EE0FEC39F400302E6CBEE75F0077E
:10E46000A42406F582E43408F583E0700302E6751F
:10E47000EE75F007A42409F582E43408F583E06022
:10E480001C90001CE0FF7E007BFF7ADC79C19000CD
:10E4900024120C497B247D301201CB801A90001C81
:10E4A000E0FF7E007BFF7ADB797D900024120C492F
:10E4B0007B247D301201CB90001EE0706890001B21
:10E4C000E06047A3E024EBFF7E007BFF7A7379B422
:10E4D00090003C7410F0E4A3F07D441201B2900669
:10E4E000D9E020E609A3E020E204E030E61590053B
:10E4F0003EE0600890001F7401F08029E490001F46
:10E50000F08022E490001FF0801B90001CE0FF7E52
:10E51000007BFF7A7379B490003C7410F0E4A3F0B0
:10E520007D5A1201B290001EE06401706890001BD9
:10E53000E06047A3E024EBFF7E007BFF7A7379B7AE
:10E5400090003C7410F0E4A3F07D441201B29006F8
:10E55000D9E020E709A3E020E304E030E7159005C7
:10E560003EE0600890001F7401F08029E490001FD5
:10E57000F08022E490001FF0801B90001CE0FF7EE2
:10E58000007BFF7A7379B790003C7410F0E4A3F03D
:10E590007D5A1201B290001EE06402706890001B68
:10E5A000E06047A3E024EBFF7E007BFF7A7379BA3B
:10E5B00090003C7410F0E4A3F07D441201B2900688
:10E5C000DAE020E009E020E405A3E030E115900561
:10E5D0003EE0600890001F7401F08029E490001F65
:10E5E000F08022E490001FF0801B90001CE0FF7E72
:10E5F000007BFF7A7379BA90003C7410F0E4A3F0CA
:10E600007D5A1201B290001EE06403706890001BF6
:10E61000E06047A3E024EBFF7E007BFF7A7379BDC7
:10E6200090003C7410F0E4A3F07D441201B2900617
:10E63000DAE020E109E020E505A3E030E1159005EE
:10E640003EE0600890001F7401F08029E490001FF4
:10E65000F08022E490001FF0801B90001CE0FF7E01
:10E66000007BFF7A7379BD90003C7410F0E4A3F056
:10E670007D5A1201B290001FE0601F90001CE02440
:10E6800015FF7E007BFF7A7379C090003C7408F020
:10E69000E4A3F07D3A1201B2801D90001CE0241525
:10E6A000FF7E007BFF7A7379C290003C7408F0E42F
:10E6B000A3F07D3A1201B290001DE0FF90001CE033
:10E6C0002FF090001EE004F002E44B7BFF7AD97932
:10E6D0002B900024120C497B1BE4FD7F6FFE12017E
:10E6E000CBA2A7E433FF9005D6E4A3E05F60197BDB
:10E6F000FF7ADA79C0900024120C497B127D1B7FCF
:10E700006F7E001201CB80177BFF7ADA791E9000B2
:10E7100024120C497B127D1B7F6F7E001201CB7B84
:10E72000FF7ADB7962900024120C497B037D2D7FF8
:10E730006F7E001201CB9000237401F07BD27D30FC
:10E740007F1E1201D022EF24FB603F24FD605D2478
:10E75000FD607A24FD700302E7EE24FD700302E8F9
:10E7600055240F600302E86E900545E024FEF0E0BA
:10E77000FF3395E0FED3EF9400EE64809480400375
:10E7800002E86EE02406F002E86E900545E02402FF
:10E79000F0E0FF3395E0FED3EF9406EE64809480C2
:10E7A000500302E86EE024FAF002E86E900545E0BE
:10E7B00014F0E0FF3395E0FED3EF9400EE64809414
:10E7C00080400302E86EE02406F002E86E90054502
:10E7D000E004F0E0FF3395E0FED3EF9406EE6480B2
:10E7E0009480500302E86EE024FAF002E86E90058F
:10E7F00045E024FE601C1460251460301460391458
:10E80000603E240570409005387414F0A37402F043
:10E8100080349005387414F0A37403F080289005B8
:10E82000397404F09005387414F0801A9005387427
:10E8300014F0A37405F0800E9005387406F080067D
:10E840009005387407F01201A890053B7401F0E4BC
:10E85000900533F022E4900538F01201A890053BB2
:10E860007401F0E4900533F090054504F0229076B1
:10E8700098120C5290003C7410F0E4A3F0FD7F5D00
:10E88000FE1201B290769B120C5290003C7410F074
:10E89000900545E0FF3395E0FEEF64014E70047F84
:10E8A0000180027F0090003DEFF07D187F187E0010
:10E8B0001201B290769E120C5290003C7410F090AF
:10E8C0000545E0FF3395E0FEEF64024E70047F01E2
:10E8D00080027F0090003DEFF07D187F907E001257
:10E8E00001B29076A1120C5290003C7410F0900589
:10E8F00045E0FF3395E0FEEF64034E70047F018036
:10E90000027F0090003DEFF07D307F187E00120105
:10E91000B29076A4120C5290003C7410F090054511
:10E92000E0FF3395E0FEEF64044E70047F01800247
:10E930007F0090003DEFF07D307F907E001201B2AD
:10E940009076A7120C5290003C7410F0900545E0B0
:10E95000FF3395E0FEEF64054E70047F0180027F77
:10E960000090003DEFF07D487F187E001201B290CC
:10E9700076AA120C5290003C7410F0900545E0FF0E
:10E980003395E0FEEF64064E70047F0180027F0045
:10E9900090003DEFF07D487F907E001201B2221280
:10E9A00071F1900534120BA290053BE06401701ADE
:10E9B00090053A04F0E4A3F0900002F090053412C0
:10E9C0000B45900541120BA28015126FFE900002BC
:10E9D000EFF060047F0180027F0090053AEFF09035
:10E9E0000002E0600E900534120B45900541120BB9
:10E9F000A28060900538E0604E900541120B619056
:10EA00000534120B45120948E47B507A46F9F8C3E5
:10EA1000120A8E503EE4900538F090053B04F090C9
:10EA20000534120B45900541120BA21201A8E49087
:10EA30000739F090054004F0900545F0A3F0A3F0ED
:10EA4000E4900533F0800C900534120B459005419D
:10EA5000120BA2900538E060046415702490053C08
:10EA6000E06401700A90053A04F0E490053CF090EF
:10EA7000053DE06401700A90053A04F0E490053D1C
:10EA8000F090053AE06401600302EBF1900538E094
:10EA9000120C7EEADF00EAEA01EAF502EB0003EB82
:10EAA0000B04EB1605EB2106EB2C07EB3708EB42CA
:10EAB00009EB4D0AEB580BEB630CEB6D0DEB770E8E
:10EAC000EB830FEB8F10EB9B11EBA712EBB313EB68
:10EAD000BF14EBC915EBD316EBDD170000EBE59087
:10EAE0000002E0FF12DECD02EBE5900002E0FF1233
:10EAF000E74602EBE5900002E0FF12A5FF02EBE51E
:10EB0000900002E0FF12EBF202EBE5900002E0FF62
:10EB100012D91202EBE5900002E0FF12016C02EB49
:10EB2000E5900002E0FF12017102EBE5900002E0C7
:10EB3000FF12EFBB02EBE5900002E0FF1280000243
:10EB4000EBE5900002E0FF12C3E502EBE590000266
:10EB5000E0FF12959602EBE5900002E0FF120162E1
:10EB600002EBE5900002E0FF12D2C3807890000231
:10EB7000E0FF120158806E900002E0FFE4FD12CB2E
:10EB8000678062900002E0FF7D0112CB67805690A3
:10EB90000002E0FFE4FD12B5CF804A900002E0FFE2
:10EBA0007D0112B5CF803E900002E0FF7D0212B5DC
:10EBB000CF8032900002E0FF7D0312B5CF80269017
:10EBC0000002E0FF120153801C900002E0FF1201DE
:10EBD0005D8012900002E0FF120167800890000241
:10EBE000E0FF12017612F4FFE490053AF090000283
:10EBF000F022EF24FB603F24FD605D24FD607A2459
:10EC0000FD700302EC9624FD700302ECE0240F601B
:10EC10000302ECF8900546E024FEF0E0FF3395E0B7
:10EC2000FED3EF9400EE64809480400302ECF8E0A1
:10EC30002406F002ECF8900546E02402F0E0FF33F1
:10EC400095E0FED3EF9406EE64809480500302ECCE
:10EC5000F8E024FAF002ECF8900546E014F0E0FF4A
:10EC60003395E0FED3EF9400EE648094804003027D
:10EC7000ECF8E02406F002ECF8900546E004F0E041
:10EC8000FF3395E0FED3EF9406EE648094804068F5
:10EC9000E024FAF08062900546E024FE60151460DE
:10ECA0001A14601F14602424047026900538740818
:10ECB000F0801E9005387409F08016900538740AAB
:10ECC000F0800E900538740BF08006900538740CB7
:10ECD000F090053B7401F01201A8E4900533F02296
:10ECE0009005387401F090053BF01201A8E49005FE
:10ECF00033F090054604F0229076AD120C5290004D
:10ED00003C7410F0E4A3F0FD7F51FE1201B2907646
:10ED1000B0120C5290003C7410F0900546E0FF33A6
:10ED200095E0FEEF64014E70047F0180027F009049
:10ED3000003DEFF07D187F187E001201B29076B38F
:10ED4000120C5290003C7410F0900546E0FF339591
:10ED5000E0FEEF64024E70047F0180027F009000AD
:10ED60003DEFF07D187F907E001201B29076B612D2
:10ED70000C5290003C7410F0900546E0FF3395E093
:10ED8000FEEF64034E70047F0180027F0090003D1F
:10ED9000EFF07D307F187E001201B29076B9120C30
:10EDA0005290003C7410F0900546E0FF3395E0FE71
:10EDB000EF64044E70047F0180027F0090003DEFFD
:10EDC000F07D307F907E001201B29076BC120C5222
:10EDD00090003C7410F0900546E0FF3395E0FEEFA4
:10EDE00064054E70047F0180027F0090003DEFF0CB
:10EDF0007D487F187E001201B29076BF120C5290AF
:10EE0000003C7410F0900546E0FF3395E0FEEF649F
:10EE1000064E70047F0180027F0090003DEFF07D80
:10EE2000487F907E001201B222900005120C49909A
:10EE30000008EDF090000BE0FFEDC39F400302EFF0
:10EE4000BAEF700302EFBA94037480948040030217
:10EE5000EFBAE014FF900008E0FEC3EF9EFF7E00D3
:10EE600012F878EE3395E0FDFC90000C120BA2E452
:10EE7000FFFEFDFC90000C120B61C3120A8E7003A2
:10EE800002EFBA900005120C291206C9FF9000107B
:10EE9000F0E4FCFDFE90000C120B61126DDFE47BD0
:10EEA0000AFAF9F8126DDFAC00AD01AE02AF0390C3
:10EEB0000011120BA2900008E07058900011120B84
:10EEC00061900009E0FEA3E0FFEE3395E0FDFC1247
:10EED000093B900011120BA2E47F01FEFDFC9000A3
:10EEE00011120B61D3120A8E400C900011120BAE5E
:10EEF000000000008058E4FFFEFDFC900011120BA2
:10EF000061C3120A8E5047900011120BAE00000030
:10EF100001803B900009E0FEA3E0FFEE3395E0FDA9
:10EF2000FC900011120B6112093BEF240AFFE43E32
:10EF3000FEE43DFDE43CFCE47B0AFAF9F8126DDFE7
:10EF4000AC00AD01AE02AF03900011120BA2900015
:10EF500010E0FFE4FCFDFE90000C120B61126DDF6F
:10EF6000E47B0AFAF9F8126DDFAC00AD01AE02AF36
:10EF70000390000C120B61120956A804A905AA06F9
:10EF8000AB07900010E0FFE4FCFDFE120948C0044E
:10EF9000C005C006C00790000C120B45900011126E
:10EFA0000B61120956D003D002D001D00012093BE8
:10EFB000900005120C29EF12074222900003EFF097
:10EFC0009076E0120C5290003C7410F0E4A3F0FD37
:10EFD0007F54FE1201B29076E3120C5290003C7402
:10EFE00010F0E4A3F07D14FFFE1201B29076E61259
:10EFF0000C5290003C7410F0E4A3F07D26FFFE124A
:10F0000001B29076E9120C5290003C7410F0E4A327
:10F01000F07D38FFFE1201B29076EC120C52900097
:10F020003C7410F0E4A3F07D4AFFFE1201B2900799
:10F030008C120B45900022120BA29000267410F047
:10F04000A37405F0A374FFF0E4A3F0A304F07D140F
:10F050007F511201BC90078C120B45900022120BBD
:10F06000A29000267410F0A37405F0A374FFF0E4DE
:10F07000A3F0A304F07D267F511201BC90078C12EF
:10F080000B45900022120BA29000267410F0A3747E
:10F0900005F0A374FFF0E4A3F0A304F07D387F51E2
:10F0A0001201BC90078C120B45900022120BA2900B
:10F0B00000267410F0A37405F0A374FFF0E4A3F02D
:10F0C000A304F07D4A7F511201BC9076EF120C52DE
:10F0D00090003C7410F0E4A3F07D147F84FE1201D4
:10F0E000B29076EF120C5290003C7410F0E4A3F052
:10F0F0007D267F84FE1201B29076EF120C529000B2
:10F100003C7410F0E4A3F07D387F84FE1201B290CD
:10F1100076EF120C5290003C7410F0E4A3F07D4A9C
:10F120007F84FE1201B2900003E06411700E90051E
:10F130003804F01201A890053B7401F022900008F9
:10F14000E0FF90000EE0FCA3E0FDA3E0FB900015C3
:10F150007408F0E4A3F012F6F090000FE02412FF20
:10F1600090000EE03400FE900010E0FD7BFF7A730B
:10F1700079C490004A7408F0E4A3F01201AD900045
:10F1800009E0FF90000FE0241BFD90000EE034002A
:10F19000FC900010E0FB9000157408F0E4A3F0125E
:10F1A000F6F090000FE0242DFF90000EE03400FEFA
:10F1B000900010E0FD7BFF7A7379C490004A7408D8
:10F1C000F0E4A3F01201AD90000AE0FF90000FE020
:10F1D0002436FD90000EE03400FC900010E0FB901F
:10F1E00000157408F0E4A3F012F6F090000BE0FFB5
:10F1F00090000EE0FCA3E0FDA3E02408FB900015C6
:10F200007408F0E4A3F012F6F090000FE02412FF6F
:10F2100090000EE03400FE900010E02408FD7BFF1B
:10F220007A7379C690004A7408F0E4A3F01201AD35
:10F2300090000CE0FF90000FE0241BFD90000EE01A
:10F240003400FC900010E02408FB9000157408F0D6
:10F25000E4A3F012F6F090000FE0242DFF90000ED2
:10F26000E03400FE900010E02408FD7BFF7A737903
:10F27000C690004A7408F0E4A3F01201AD90000DAE
:10F28000E0FF90000FE02436FD90000EE03400FC1B
:10F29000900010E02408FB9000157408F0E4A3F03F
:10F2A00012F6F022900007120C4990000DE0FFEDDD
:10F2B000C39F400302F3D6EF700302F3D6940574A4
:10F2C000809480400302F3D6E014C39DFF7E0012B9
:10F2D000F878EE3395E0FDFC90000E120BA2E4FFEF
:10F2E000FEFDFC90000E120B61C3120A8E70030229
:10F2F000F3D6900007120C2912083FFFAEF09000E1
:10F3000012EEF0A3EFF0E4FCFD90000E120B611280
:10F310006DDFE47B0AFAF9F8126DDFAC00AD01AEE7
:10F3200002AF03900014120BA290000BE0FEA3E0CA
:10F33000FFEE3395E0FDFC900014120B6112093BC7
:10F34000EF240AFFE43EFEE43DFDE43CFCE47B0ADE
:10F35000FAF9F8126DDFAC00AD01AE02AF03900018
:10F3600014120BA2900012E0FEA3E0FFE4FCFD905B
:10F37000000E120B61126DDFE47B0AFAF9F8126DD0
:10F38000DFAC00AD01AE02AF0390000E120B6112B4
:10F390000956A804A905AA06AB07900012E0FEA32F
:10F3A000E0FFE4FCFD120948C004C005C006C00728
:10F3B00090000E120B45900014120B61120956D0EA
:10F3C00003D002D001D00012093B900007120C2993
:10F3D000EE8FF01208EF22900008120C4990000EF8
:10F3E000E0FFEDC39F400302F4FEEF700302F4FE62
:10F3F000940374809480400302F4FEE014C39DFFE4
:10F400007E0012F878EE3395E0FDFC90000F120BB1
:10F41000A2E4FFFEFDFC90000F120B61C3120A8EE6
:10F42000700302F4FE900008120C291206C9FF9026
:10F430000013F0E4FCFDFE90000F120B61126DDF73
:10F44000E47B0AFAF9F8126DDFAC00AD01AE02AF51
:10F4500003900014120BA290000CE0FEA3E0FFEE5C
:10F460003395E0FDFC900014120B6112093BEF2470
:10F470000AFFE43EFEE43DFDE43CFCE47B0AFAF9CD
:10F48000F8126DDFAC00AD01AE02AF0390001412B4
:10F490000BA2900013E0FFE4FCFDFE90000F120BA6
:10F4A00061126DDFE47B0AFAF9F8126DDFAC00AD92
:10F4B00001AE02AF0390000F120B61120956A804AF
:10F4C000A905AA06AB07900013E0FFE4FCFDFE12BD
:10F4D0000948C004C005C006C00790000F120B45C4
:10F4E000900014120B61120956D003D002D001D043
:10F4F0000012093B900008120C29EF1207422290DB
:10F500000538E06404600DE4900023F07BF07D6E2C
:10F51000FF1201D0900538E0FF603E6402603AEFD0
:10F5200064016035EF64036030EF640B602BEF64BF
:10F53000076026EF64066021EF6414601CEF640529
:10F540006017EF640D6012EF6415600DEF641660D4
:10F5500008EF6417600302F5FB7BFF7A7379D5909F
:10F56000003C7410F0E4A3F07D707F81FE1201B2C4
:10F5700078087C007D017B017A0579D07E007F03CD
:10F58000120681780B7C007D017B017A0579D37EA0
:10F59000007F0312068190000EE4F0A374ABF0A389
:10F5A0007470F012F13D9005D6E0A330E0187BFFB7
:10F5B0007A7379DA90003C7410F0E4A3F07D707FE8
:10F5C00006FE1201B222900805E060187BFF7A73F4
:10F5D00079DF90003C7410F0E4A3F07D707F06FEAC
:10F5E0001201B2227BFF7A7379E490003C7410F030
:10F5F000E4A3F07D707F06FE1201B2229000071294
:10F600000C4990000AEDF0E4A3F0A3F0A3F0900001
:10F6100007120C29E94A4B600690000AE070037F4C
:10F620000022E490000EF090000AE0FF90000EE04F
:10F63000FEC39F504B900007120C2975F007EEA4F3
:10F64000F58285F0831206E26401702C90000EE0D2
:10F6500075F007A4FF900007120C29E92FF9EA358D
:10F66000F0FA90000112086AFF90000BE5F0F0A399
:10F67000EFF0A3E004F0800890000EE004F080A713
:10F6800090000DE07002FF22E490000EF090000A5E
:10F69000E0FF90000EE0FEC39F5052900007120C56
:10F6A0002975F007EEA4F58285F0831206E2640165
:10F6B000703390000EE075F007A4FF900007120C65
:10F6C00029E92FF9EA35F0FA90000112086AFF9053
:10F6D000000BE065F07003A3E06F60037F002290F1
:10F6E000000DE004F090000EE004F080A07F012205
:10F6F000900011EFF0A3ECF0A3EDF0A3EBF090007D
:10F7000011E0FF75F00A84900017F0EF75F00A849D
:10F71000A3E5F0F078197C007D017BFF7A7679947F
:10F720007E007F02120681781B7C007D017BFF7AC0
:10F730007679967E007F02120681900011E0D394C4
:10F74000637480948040037463F0900017E0243069
:10F75000900019F0900018E0243090001BF0900009
:10F7600012E0FEA3E0FFA3E0FD7B017A007919A37C
:10F77000E090003CF0900016E090003DF01201B2E5
:10F78000900013E02409FF900012E03400FE900086
:10F7900014E0FD7B017A00791BA3E090003CF0901F
:10F7A0000016E090003DF01201B222900004120C0D
:10F7B00049900007EDF0FF7E00D39401748094809F
:10F7C000507CEF7013900004120C291206C9FFC47C
:10F7D000540F90000AF0800F900004120C291206BA
:10F7E000C9540F90000AF090000AE0FF900009E071
:10F7F0002FFF900008E03400CF2410CF3400FE7CAF
:10F80000007D101207DD90000AEDF0900007E07017
:10F8100019900004120C291206C9540FFF90000A17
:10F82000E0FEC454F04F12074222900004120C294B
:10F830001206C954F0FF90000AE04F12074222E47A
:10F84000900538F0A3F090053B04F01271F190059B
:10F8500034120BA2900534120B45900541120BA2F5
:10F860009005407401F0900545F0A3F0A3F0E490FA
:10F870000533F090053FF022C3EE6480948040226F
:10F88000EF9406EE648094805018EF25E0FFEE338D
:10F89000FE74672FF58274043EF583E0FEA3E0FF5B
:07F8A00080047E007F0022BE
:020000040002F8
:10000000025D2E7D147F0A12603F22025847AF84A2
:1000100075840F758C67E58C30E7FB7597018F84CD
:0100200022BD
:0700230002557975FF072269
:10002B00026EE2900A71120C49900A71120C29129D
:10003B0006C9FFEF04FFEF75F06484AFF0900A710F
:10004B00120C29EF120742900A71120C29900064CE
:10005B00E4F0A37401F07F027E20124D3F900A74EE
:0F006B00EFF0900A74E0FF220273B175FFA52237
:10007B00024C379009DD120C499009DD120C29AEA8
:10008B0002AF01EF4E70037F0222126F919009E0D5
:10009B00EFF09009E2E4F09009E2E0FF7E00C3EF9D
:1000AB009414EE6480948050489009E2E0FF90092C
:1000BB00E0E0FEC3EE9FFFEF2463FFEF75F0648477
:1000CB00AFF09009E1EFF09009E2E0FF7E0CEF8ECC
:1000DB00F0A4FFAEF09009DD120C29E92FF9EA3EEE
:1000EB00FA9009E1E0FF125E469009E2E004F0802D
:0400FB00A67F0822B2
:10010000C0087401C0E0C082C08375080A75B100E0
:1001100022C0087401C0E0C082C08375081B75B19D
:100120001122C0087401C0E0C082C08375082C751C
:10013000B12222C0087401C0E0C082C08375083DAE
:1001400075B1332290F83F211190E99F211190F66B
:10015000F0211190CA95212290CFB6212290945D72
:10016000212290B5A2212290EBBC212290E0C62151
:100170002290F5F7212290F6C6212290F1972122B4
:1001800090F51B2122908000212290C7E02122902F
:10019000AA5E212290B06E212290EE89212290E861
:1001A00097213390EBB9213390EBC6213390DE21B8
:1001B000213390E4D3213390E624213390E360216E
:1001C0003390E775213390E171213390E96A21334F
:1001D00090EA13213390E6CE21220002059CE864C8
:1001E00080F8E933E83360110460F0ED33EC3370EC
:1001F00009E8FCE9FDEAFEEBFF220460DED3EB9F99
:10020000EA9EE99DE8C2E78CF0C2F795F0400CE861
:10021000CCF8E9CDF9EACEFAEBCFFB12056785D031
:10022000F05804700320D5B3E80470075002B2D52B
:100230000205A692D5EC0460F7E4CCC0E0C398F8C0
:10024000603B94186008400DD0E0FB02057EE4FBA3
:10025000FAC9FC8028E830E406E4C9FBE4CAFCE8FB
:1002600030E305E4C9CACBFCE854076010F8C3E9E1
:1002700013F9EA13FAEB13FBEC13FCD8F130F52F6A
:10028000C3E49CFCEF9BFFEE9AFEED99FDD0E0FBF2
:10029000EF4E4D4C701222DB030205A3EC2CFCEF59
:1002A00033FFEE33FEED33FDED30E7EB02057EEF7D
:1002B0002BFFEE3AFEED39FDD0E0FB50130BBB00F7
:1002C000030205A6ED13FDEE13FEEF13FFEC13FC86
:1002D00002057EEC4D6011E8497017ED33EC3304F4
:1002E000600DE4FCFFFEFD22E933E8330470F80200
:1002F000059C12056758046009E4CC248150062847
:1003000050090205A62840030205A3C0E0EB4A708D
:1003100044B98006D0E0FB020592EF4E701CBD8010
:1003200008EBFFEAFEE9FD80EBE98DF0A4FEE5F0C5
:100330000203BCE9CDF9EAFEEBFFEF89F0A4FCE58E
:10034000F0CE89F0A42EFFE435F0CD89F0A42DFE87
:10035000E435F08067EF4E7005BD80D780C3EF8B2A
:10036000F0A4ACF0EE8BF0A42CFCE435F0F8EF8AAE
:10037000F0A42CE5F038FCE433CB8DF0A42CFCE5A4
:10038000F03BF8EE8AF0A42CFCE5F038F8E433CF2B
:1003900089F0A42CFCE5F038CF3400CE89F0A42FEE
:1003A000FFE5F03EFEE433C98DF0A42EFEE5F03902
:1003B000CD8AF0A42FFFE5F03EFEE43DFD33D0E012
:1003C000FB50070BBB000F0205A6EC2CFCEF33FF24
:1003D000EE33FEED33FD02057E0205A6EC5D046002
:1003E00005E85904700302059C120567580460F67D
:1003F000EC4860F2EC7004FDFEFF22C860DB248153
:10040000C85009C398600250060205A39850CAF567
:1004100082E9294B4A7005AB8202059275F0007C97
:100420001A7880C3EF9BEE9AED99400DC3EF9BFFC6
:10043000EE9AFEED99FDE842F0DC23ACF0D0E0FF4F
:10044000D0E0FED0E0FDAB8220E7101BEB60BAEC01
:100450002CFCEF33FFEE33FEED33FD02057EE803A7
:10046000F830E705C0F075F000EF2FFFEE33FEED3A
:1004700033FD40B830E7C280AA74F8CC6480CCC8A1
:100480006480C8F58204604FC3EB9FF5F0EA9E429A
:10049000F0E99D42F0E89C45F0603C501DE5825F2C
:1004A000FFE582D313CB5BCBF42B5582FB50280A9C
:1004B000BA002409B9002008801DE5825BFBE582B3
:1004C000D313CF5FCFF4C3132F5582FF50090EBE55
:1004D00000050DBD00010CC3EB9FF5F0EA9E42F054
:1004E000E99D42F0E89C45F06007CC4820E701B365
:1004F000EC2275F020800E75F010800575F0087DF7
:10050000007E007F003392D530D503120A80EC3391
:100510004010EF33FFEE33FEED33FDEC33FCD5F04E
:10052000ED22E5F0247EA2D513CC92E7CDCEFF22BA
:10053000EDD2E7CD33EC3392D524814006E4FFFEC3
:10054000FDFC22FCE4CFCECDCC24E0501174FF8022
:10055000EDC3CC13CCCD13CDCE13CECF13CF0470BF
:10056000F030D5DE020A80E9D2E7C933E833F892E9
:10057000D5EDD2E7CD33EC33FC5002B2D522EC30CE
:10058000E7100FBF000C0EBE00080DBD00040BEB02
:100590006014A2D5EB13FCED92E7FD2274FFFCFD85
:1005A000FEFF22E480F8A2D574FF13FC7D80E48076
:1005B000EFE709F608DFFA8046E709F208DFFA807C
:1005C0003E88828C83E709F0A3DFFA8032E309F6E4
:1005D00008DFFA8078E309F208DFFA807088828CFD
:1005E00083E309F0A3DFFA806489828A83E0A3F6BB
:1005F00008DFFA805889828A83E0A3F208DFFA8054
:100600004C80D280FA80C680D4806980F2803380AA
:100610001080A680EA809A80A880DA80E280CA8072
:100620003389828A83ECFAE493A3C8C582C8CCC517
:1006300083CCF0A3C8C582C8CCC583CCDFE9DEE794
:10064000800D89828A83E493A3F608DFF9ECFAA986
:10065000F0EDFB2289828A83ECFAE0A3C8C582C848
:10066000CCC583CCF0A3C8C582C8CCC583CCDFEA97
:10067000DEE880DB89828A83E493A3F208DFF980D5
:10068000CC88F0EF60010E4E60C388F0ED2402B418
:10069000040050B9F582EB2402B4040050AF2323C8
:1006A00045822390060173C2D530F707B2D563F0B7
:1006B000FF05F030E70CB2D5F4048463F0FF05F0D9
:1006C00080018430D502F40422BB010689828A832A
:1006D000E0225002E722BBFE02E32289828A83E401
:1006E0009322BB010CE58229F582E5833AF583E08C
:1006F000225006E92582F8E622BBFE06E92582F8AB
:10070000E222E58229F582E5833AF583E49322BB70
:10071000010FF8E58229F582E5833AF583E028F0B8
:10072000225009C58229F8E58226F622BBFE09C5BA
:100730008229F8E22582F222F8EA2583F583E993FB
:100740002822BB010689828A83F0225002F722BB4D
:10075000FE01F322F8BB010DE58229F582E5833A1B
:10076000F583E8F0225006E92582C8F622BBFE0593
:10077000E92582C8F222EF8DF0A4A8F0CF8CF0A476
:1007800028CE8DF0A42EFE22BC000BBE0029EF8DDA
:10079000F084FFADF022E4CCF875F008EF2FFFEE07
:1007A00033FEEC33FCEE9DEC984005FCEE9DFE0F15
:1007B000D5F0E9E4CEFD22EDF8F5F0EE8420D21C70
:1007C000FEADF075F008EF2FFFED33FD40079850B8
:1007D00006D5F0F222C398FD0FD5F0EA22C2D5EC7F
:1007E00030E709B2D5E4C39DFDE49CFCEE30E7158B
:1007F000B2D5E4C39FFFE49EFE120788C3E49DFDCB
:10080000E49CFC800312078830D507C3E49FFFE413
:100810009EFE22C5F0F8A3E028F0C5F0F8E58215A9
:100820008270021583E038F022A3F8E0C5F025F0CD
:10083000F0E582158270021583E0C838F0E822BB2B
:10084000010A89828A83E0F5F0A3E022500687F04E
:1008500009E71922BBFE07E3F5F009E319228982B3
:100860008A83E493F5F074019322BB0110E5822999
:10087000F582E5833AF583E0F5F0A3E0225009E93B
:100880002582F886F008E622BBFE0AE92582F8E216
:10089000F5F008E222E5832AF583E993F5F0A3E970
:1008A0009322BB010DC58229C582C5833AC5830247
:1008B00008135011C58229F808E5F026F618F5F05E
:1008C000E58236F622BBFE11C58229F808E225F042
:1008D000F5F0F218E23582F222F8E58229F582E598
:1008E000832AF58374019325F0F5F0E4933822BB55
:1008F000010A89828A83F0E5F0A3F0225006F70905
:10090000A7F01922BBFE06F3E5F009F31922F8BBA4
:100910000111E58229F582E5833AF583E8F0E5F0F7
:10092000A3F0225009E92582C8F608A6F022BBFEF2
:1009300009E92582C8F2E5F008F222EF2BFFEE3A32
:10094000FEED39FDEC38FC22C3EF9BFFEE9AFEED85
:1009500099FDEC98FC22E88FF0A4CC8BF0A42CFC41
:10096000E98EF0A42CFC8AF0EDA42CFCEA8EF0A415
:10097000CDA8F08BF0A42DCC3825F0FDE98FF0A4A4
:100980002CCD35F0FCEB8EF0A4FEA9F0EB8FF0A49B
:10099000CFC5F02ECD39FEE43CFCEAA42DCE35F0D7
:1009A000FDE43CFC2275F008758200EF2FFFEE336A
:1009B000FECD33CDCC33CCC58233C5829BED9AECD2
:1009C00099E58298400CF582EE9BFEED9AFDEC993C
:1009D000FC0FD5F0D6E4CEFBE4CDFAE4CCF9A88246
:1009E00022B800C1B90059BA002DEC8BF084CFCEEB
:1009F000CDFCE5F0CBF97818EF2FFFEE33FEED33A9
:100A0000FDEC33FCEB33FB10D703994004EB99FB6F
:100A10000FD8E5E4F9FA227818EF2FFFEE33FEED58
:100A200033FDEC33FCC933C910D7059BE99A400765
:100A3000EC9BFCE99AF90FD8E0E4C9FAE4CCFB227C
:100A400075F010EF2FFFEE33FEED33FDCC33CCC845
:100A500033C810D7079BEC9AE899400AED9BFDEC50
:100A60009AFCE899F80FD5F0DAE4CDFBE4CCFAE48F
:100A7000C8F922EF4BFFEE4AFEED49FDEC48FC229F
:100A8000C3E49FFFE49EFEE49DFDE49CFC22EB9FFB
:100A9000F5F0EA9E42F0E99D42F0EC6480C8648083
:100AA0009845F022EB9FF5F0EA9E42F0E99D42F076
:100AB000E89C45F022E8600FECC313FCED13FDEE5B
:100AC00013FEEF13FFD8F122E8600FEFC333FFEE00
:100AD00033FEED33FDEC33FCD8F122BB01078982F4
:100AE0008A83020B455005E9F8020EADBBFE05E90D
:100AF000F8020EB989828A83020B51BB010DE5828F
:100B000029F582E5833AF583020B455007E92582F2
:100B1000F8020EADBBFE07E92582F8020EB9E582A8
:100B200029F582E5833AF583020B51BB01078982DF
:100B30008A83020BA25005E9F8020EC5BBFE05E947
:100B4000F8020ED122E0FCA3E0FDA3E0FEA3E0FF4B
:100B500022E493FC740193FD740293FE740393FFEB
:100B600022E0F8A3E0F9A3E0FAA3E0FB227401FF7E
:100B70003395E0FEFDFCA3A3A3E0CF2FF0E58215A3
:100B80008270021583E0CE3EF0E582158270021578
:100B900083E0CD3DF0E582158270021583E0CC3C08
:100BA000F022ECF0A3EDF0A3EEF0A3EFF022A88288
:100BB0008583F0D083D082120BC5120BC5120BC5F2
:100BC000120BC5E473E493A3C583C5F0C583C8C500
:100BD00082C8F0A3C583C5F0C583C8C582C822BB3F
:100BE000010789828A83020BAE5005E9F8020EDD07
:100BF000BBFE05E9F8020EF622BB010DE58229F5E0
:100C000082E5833AF583020BAE5007E92582F802AC
:100C10000EDDBBFE07E92582F8020EF622A425822E
:100C2000F582E5F03583F58322E0FBA3E0FAA3E04B
:100C3000F922F8E0FBA3A3E0F925F0F0E5821582A4
:100C400070021583E0FA38F022EBF0A3EAF0A3E992
:100C5000F022E493FB740193FA740293F922BB012E
:100C60000789828A83020C295005E9F8020F0FBB1D
:100C7000FE05E9F8020F1889828A83020C52D0839C
:100C8000D082F8E4937012740193700DA3A393F8CB
:100C9000740193F5828883E4737402936860EFA310
:100CA000A3A380DF8A838982E473EC8EF0A4CCC591
:100CB000F0CCCDF8EFA4CEC5F02DFDE43CFCE8A4CB
:100CC0002EC8C5F03DFDE43CFCEFA4FFE5F028FE96
:100CD000E43DFDE43CFC22E3F5F009E208B5F06BED
:100CE000DFF58067E3F5F009E608B5F05EDFF58033
:100CF0005A87F009E608B5F052DFF6804E87F00912
:100D0000E208B5F046DFF6804288828C8387F009DE
:100D1000E0A3B5F036DFF6803288828C8387F00955
:100D2000E493A3B5F025DFF5802188828C83E3F579
:100D3000F009E0A3B5F014DFF5801088828C83E31E
:100D4000F5F009E493A3B5F002DFF4020E06808704
:100D500080E9809080D4803E8015806E807E809D6A
:100D600080B7808D80A380518074803C020E1289F0
:100D7000828A83ECFAE493F5F0A3C8C582C8CCC597
:100D800083CCE493A3C8C582C8CCC583CCB5F07628
:100D9000DFE3DEE1807089828A83E493F5F0A3E2E9
:100DA00008B5F062DFF4805E89828A83E0F5F0A303
:100DB000E608B5F051DFF5804D89828A83E0F5F0D1
:100DC000A3E208B5F040DFF5803C89828A83E49392
:100DD000F5F0A3E608B5F02EDFF4802A80028057F4
:100DE00089828A83ECFAE493F5F0A3C8C582C8CC63
:100DF000C583CCE0A3C8C582C8CCC583CCB5F006FA
:100E0000DFE4DEE280007FFFB5F0020F2240027FC8
:100E1000012289828A83ECFAE0F5F0A3C8C582C872
:100E2000CCC583CCE0A3C8C582C8CCC583CCB5F003
:100E3000D5DFE5DEE380CF89828A83ECFAE0F5F046
:100E4000A3C8C582C8CCC583CCE493A3C8C582C857
:100E5000CCC583CCB5F0AFDFE4DEE280A988F0EF4B
:100E600060010E4E60ABED2402B404005098F58290
:100E7000EB2402B40400508E2323458223900D4EB0
:100E800073EF4E6012EF60010EEDBB010B89828A99
:100E900083F0A3DFFCDEFA2289F05007F709DFFCBC
:100EA000A9F022BBFEFCF309DFFCA9F022E6FC0856
:100EB000E6FD08E6FE08E6FF22E2FC08E2FD08E2A5
:100EC000FE08E2FF22ECF608EDF608EEF608EFF673
:100ED00022ECF208EDF208EEF208EFF222D083D015
:100EE00082E493F608740193F608740293F608748A
:100EF0000393F6740473D083D082E493F2087401F0
:100F000093F208740293F208740393F2740473E684
:100F1000FB08E6FA08E6F922E2FB08E2FA08E2F941
:100F200022E4900033F09007ABE0D39402748094F5
:100F30008040089000317403F08006900031740204
:100F4000F0900033E0FEC006E4FF127130D0E04FB5
:100F5000900033F09000307401F0900031E0FE908A
:100F60000030E0FFC39E40030214F9E4900032F029
:100F7000A3E0FEC006C007900058120BAE000000B0
:100F80005AD0077DC61248E4D0E04F900033F0E01D
:100F9000FEC006900030E0FF7B017A0079047D24DA
:100FA000125C07D0E04F900033F0900004120B4524
:100FB0007808120AB5900032E0FE04F074082EF5AD
:100FC00082E43400F583EFF0900004120B459000AA
:100FD00032E0FE04F074082EF582E43400F583EF6D
:100FE000F0900033E0FEC006900030E0FF7B017A15
:100FF0000079047D25125C07D0E04F900033F0901B
:101000000004120B457808120AB5900032E0FE0485
:10101000F074082EF582E43400F583EFF0900004BC
:10102000120B45900032E0FE04F074082EF582E4C5
:101030003400F583EFF0900033E0FEC006900030FE
:10104000E0FF7B017A0079047D26125C07D0E04F37
:10105000900033F0900004120B457808120AB59006
:101060000032E0FE04F074082EF582E43400F583CB
:10107000EFF0900004120B45900032E0FE04F07493
:10108000082EF582E43400F583EFF0900033E0FEA3
:10109000C006900030E0FF7B017A0079047D2712C2
:1010A0005C07D0E04F900033F0900004120B4578BD
:1010B00008120AB5900032E0FE04F074082EF582A2
:1010C000E43400F583EFF0900004120B45900032F9
:1010D000E0FE04F074082EF582E43400F583EFF0AE
:1010E000900033E0FEC006900030E0FF7B017A0004
:1010F00079047D28125C07D0E04F900033F0900017
:1011000004120B457808120AB5900032E0FE04F094
:1011100074082EF582E43400F583EFF09000041299
:101120000B45900032E0FE04F074082EF582E434A2
:1011300000F583EFF0900033E0FEC006900030E051
:10114000FF7B017A0079047D29125C07D0E04F9083
:101150000033F0900004120B457808120AB5900095
:1011600032E0FE04F074082EF582E43400F583EFDB
:10117000F0900004120B45900032E0FE04F0740879
:101180002EF582E43400F583EFF0900033E0FEC0EA
:1011900006900030E0FF7B017A0079047D17125C35
:1011A00007D0E04F900033F0900004120B45780810
:1011B000120AB5900032E0FE04F074082EF582E4C5
:1011C0003400F583EFF0900004120B45900032E0FC
:1011D000FE04F074082EF582E43400F583EFF090FD
:1011E0000033E0FEC006900030E0FF7B017A00791A
:1011F000047D18125C07D0E04F900033F09000049B
:10120000120B457808120AB5900032E0FE04F07423
:10121000082EF582E43400F583EFF0900004120B01
:1012200045900032E0FE04F074082EF582E43400AC
:10123000F583EFF0900033E0FEC006900030E0FF51
:101240007B017A0079047D19125C07D0E04F900091
:1012500033F0900004120B457808120AB590003262
:10126000E0FE04F074082EF582E43400F583EFF01C
:10127000900004120B45900032E0FE04F074082E3A
:10128000F582E43400F583EFF0900033E0FEC00611
:10129000900030E0FF7B017A0079047D1A125C0730
:1012A000D0E04F900033F0900004120B4578081204
:1012B0000AB5900032E0FE04F074082EF582E434A2
:1012C00000F583EFF0900004120B45900032E0FE31
:1012D00004F074082EF582E43400F583EFF09000FA
:1012E00033E0FEC006900030E0FF7B017A00790415
:1012F0007D1B125C07D0E04F900033F09000041289
:101300000B457808120AB5900032E0FE04F074082C
:101310002EF582E43400F583EFF0900004120B45C3
:10132000900032E0FE04F074082EF582E43400F5FB
:1013300083EFF0900033E0FEC006900030E0FF7BCA
:10134000017A0079047D1C125C07D0E04F900033D5
:10135000F0900004120B457808120AB5900032E0B4
:10136000FE04F074082EF582E43400F583EFF0906B
:101370000004120B45900032E0FE04F074082EF5D4
:1013800082E43400F583EFF0900033E0FEC0069075
:101390000030E0FF7B017A0079047D3E125C07D0CB
:1013A000E04F900033F0900004120B457810120AC1
:1013B000B5900032E0FE04F074082EF582E43400AB
:1013C000F583EFF0900004120B457808120AB590EF
:1013D0000032E0FE04F074082EF582E43400F58358
:1013E000EFF0900004120B45900032E0FE04F07420
:1013F000082EF582E43400F583EFF0900033E0FE30
:10140000C006900030E0FF7B017A0079047D5E1217
:101410005C07D0E04F900033F0900004120B457849
:1014200010120AB5900032E0FE04F074082EF58226
:10143000E43400F583EFF0900004120B45780812B5
:101440000AB5900032E0FE04F074082EF582E43410
:1014500000F583EFF0900004120B45900032E0FE9F
:1014600004F074082EF582E43400F583EFF07B017C
:101470007A0079087D1E7C0012017B900032E0FE2C
:1014800004F074082EF582E43400F583E4F07B0167
:101490007A0079087D1EFC12017B900032E0FE0488
:1014A000F074082EF582E43400F583EFF0900033F9
:1014B000E0FEC006900047120BAE00000001900055
:1014C00030E0FF7DC6125C9DD0E04F900033F0907D
:1014D0000030E0FF7B017A00790890089CE4F0A3DB
:1014E000741FF0123C0EEF6007900033E04401F0EF
:1014F000900030E004F0020F5AE4900032F0A3E0D4
:10150000FEC0067B017A0079047D087F04125C0727
:10151000D0E04F900033F0900004120B45E4120429
:10152000F2A804A905AA06AB07E4FFFE7DC87C4229
:101530001203DC900034120BA2900034E0FF900004
:1015400032E0FE04F074082EF582E43400F583EFF7
:10155000F0900035E0FF900032E0FE04F074082EB9
:10156000F582E43400F583EFF0900036E0FF900060
:1015700032E0FE04F074082EF582E43400F583EFC7
:10158000F0900037E0FF900032E0FE04F074082E87
:10159000F582E43400F583EFF0900033E0FEC006FE
:1015A0007B017A0079047D067F04125C07D0E04F4E
:1015B000900033F0900004120B45E41204F2A804EA
:1015C000A905AA06AB07E4FFFE7DA07C401203DC60
:1015D000900034120BA2900034E0FF900032E0FE45
:1015E00004F074082EF582E43400F583EFF09000E7
:1015F00035E0FF900032E0FE04F074082EF582E43E
:101600003400F583EFF0900036E0FF900032E0FE0A
:1016100004F074082EF582E43400F583EFF09000B6
:1016200037E0FF900032E0FE04F074082EF582E40B
:101630003400F583EFF0900033E0FEC0067B017AC2
:101640000079047D0A7F04125C07D0E04F900033DC
:10165000F0900004120B45E41204F2A804A905AAB4
:1016600006AB07E4FFFE7DFA7C431203DC900034F6
:10167000120BA2900034E0FF900032E0FE04F07400
:10168000082EF582E43400F583EFF0900035E0FF9A
:10169000900032E0FE04F074082EF582E43400F588
:1016A00083EFF0900036E0FF900032E0FE04F0742B
:1016B000082EF582E43400F583EFF0900037E0FF68
:1016C000900032E0FE04F074082EF582E43400F558
:1016D00083EFF0900033E0FEC0067B017A007904CE
:1016E0007D187F04125C07D0E04F900033F090002B
:1016F00004120B457810120AB5900032E0FE04F097
:1017000074082EF582E43400F583EFF090000412A3
:101710000B457808120AB5900032E0FE04F0740818
:101720002EF582E43400F583EFF0900004120B45AF
:10173000900032E0FE04F074082EF582E43400F5E7
:1017400083EFF07B017A00790890089CE4F0A374A1
:1017500010F07F04123C0EEF6007900033E044016C
:10176000F09005D0E0900008F09005D1E0900009DD
:10177000F09005D2E090000AF0900033E0FEC00641
:101780007B017A007908900064E4F0A37403F0E42C
:10179000FFFE124D3FD0E04F900033F0E0FEC00658
:1017A0007F01127130D0E04FFF900033F0229000A3
:1017B00006EFF0E490002FF07A00794178417C0048
:1017C0007D017BFF7A7E7906FE7F04120681900000
:1017D00006E0FFC394037480948050089000407426
:1017E0001FF080069000407410F090002FE0FEC0C3
:1017F00006900040E0FD900826E4F0A3EDF07B01A8
:101800007A007930A3120C497A00793490082B12AF
:101810000C497A00790712244FD0E04F90002FF046
:10182000900006E0FFC39403748094804003021C80
:101830002090002FE0FEC006C007900047120BAEBC
:101840000000005AD0077DC9125C9DD0E04F900087
:101850002FF0E0FEC006900047120BAE0000A87EFD
:10186000900006E0FF7D01125C9DD0E04F90002FBC
:10187000F0E0FEC006900047120BAE0000000090A2
:101880000006E0FF7D70125C9DD0E04F90002FF0CD
:10189000E0FEC006900047120BAE00000904900065
:1018A00006E0FF7D03125C9DD0E04F90002FF0E03A
:1018B000FEC006900047120BAE0000000390000629
:1018C000E0FF7D30125C9DD0E04F90002FF0E0FEF5
:1018D000C006900047120BAE00003C27900006E0C7
:1018E000FF7D31125C9DD0E04F90002FF0E0FEC0F4
:1018F00006900047120BAE00000000900006E0FFCB
:101900007D02125C9DD0E04F90002FF0E0FEC006FB
:10191000900047120BAE0000002C900006E0FF7D07
:101920001E125C9DD0E04F90002FF0E0FEC00690AC
:101930000047120BAE0000FF00900006E0FF7D6D37
:10194000125C9DD0E04F90002FF0E0FEC0069000AA
:1019500047120BAE00000DB8900006E0FF7D6E123E
:101960005C9DD0E04F90002FF0E0FEC00690004755
:10197000120BAE0000D1DA900006E0FF7D6F125C22
:101980009DD0E04F90002FF0E0FEC006900007E0F1
:10199000FEA3E0FDEEEDFFE4FCFD900058120BA26B
:1019A000900006E0FF7D241248E4D0E04F90002F25
:1019B000F0E0FEC006900009E0FEA3E0FDEEEDFFC2
:1019C000E4FCFD900058120BA2900006E0FF7D257C
:1019D0001248E4D0E04F90002FF0E0FEC0069000E7
:1019E0000BE0FEA3E0FDEEEDFFE4FCFD90005812DD
:1019F0000BA2900006E0FF7D261248E4D0E04F9055
:101A0000002FF0E0FEC00690000DE0FEA3E0FDEE2A
:101A1000EDFFE4FCFD900058120BA2900006E0FFE1
:101A20007D271248E4D0E04F90002FF0E0FEC00682
:101A300090000FE0FEA3E0FDEEEDFFE4FCFD900062
:101A400058120BA2900006E0FF7D281248E4D0E077
:101A50004F90002FF0E0FEC006900011E0FEA3E0E2
:101A6000FDEEEDFFE4FCFD900058120BA290000685
:101A7000E0FF7D291248E4D0E04F90002FF0E0FE17
:101A8000C006900013E0FEA3E0FDEEEDFFE4FCFDD8
:101A9000900058120BA2900006E0FF7D171248E458
:101AA000D0E04F90002FF0E0FEC006900015E0FE61
:101AB000A3E0FDEEEDFFE4FCFD900058120BA290B8
:101AC0000006E0FF7D181248E4D0E04F90002FF0B0
:101AD000E0FEC006900017E0FEA3E0FDEEEDFFE49F
:101AE000FCFD900058120BA2900006E0FF7D191239
:101AF00048E4D0E04F90002FF0E0FEC006900019BF
:101B0000E0FEA3E0FDEEEDFFE4FCFD900058120BBB
:101B1000A2900006E0FF7D1A1248E4D0E04F90004A
:101B20002FF0E0FEC00690001BE0FEA3E0FDEEED0E
:101B3000FFE4FCFD900058120BA2900006E0FF7D30
:101B40001B1248E4D0E04F90002FF0E0FEC006905A
:101B5000001DE0FEA3E0FDEEEDFFE4FCFD9000586B
:101B6000120BA2900006E0FF7D1C1248E4D0E04F6B
:101B700090002FF0E0FEC006900047120BAE000070
:101B80000001900006E0FF7DC9125C9DD0E04F90FF
:101B9000002FF0E0FEC006900006E0FF7B017A0017
:101BA00079387D3E125C07D0E04F90002FF0E0FEC8
:101BB000C006900006E0FF7B017A00793C7D5E1252
:101BC0005C07D0E04F90002FF0A3120B4590003837
:101BD000120B61C3120AA4601A900034120B4590D4
:101BE000003C120B61C3120AA4600890002FE0446D
:101BF00010FF22900030120B45900006E0FB75F0BC
:101C00003A900347120C1D120BA2900034120B45A0
:101C100075F03AEB90034B120C1D120BA2021E4DF5
:101C200090002FE0FEC006900047120BAE000008A7
:101C300000900006E0FF7D30125C9DD0E04F9000E8
:101C40002FF0E0FEC006900047120BAE000000BC73
:101C5000900006E0FF7D32125C9DD0E04F90002F97
:101C6000F0E0FEC006900047120BAE00002000908E
:101C70000006E0FF7D40125C9DD0E04F90002FF009
:101C8000E0FEC006900047120BAE0000003B900043
:101C900006E0FF7D41125C9DD0E04F90002FF0E008
:101CA000FEC006900047120BAE0000007E900006BA
:101CB000E0FF7D42125C9DD0E04F90002FF0E0FEEF
:101CC000C006900047120BAE0000003B900006E0FB
:101CD000FF7D43125C9DD0E04F90002FF0E0FEC0EE
:101CE00006900047120BAE00000000900006E0FFD7
:101CF0007D59125C9DD0E04F90002FF0E0FEC006B1
:101D0000900047120BAE000000A6900006E0FF7D99
:101D100032125C9DD0E04F90002FF0E0FEC00690A4
:101D20000047120BAE00000040900006E0FF7D610E
:101D3000125C9DD0E04F90002FF0E0FEC0069000B6
:101D400047120BAE00000000900006E0FF7D32124B
:101D50005C9DD0E04F90002FF0E0FEC006900006A2
:101D6000E0FF7B017A0079387D18125C07D0E04FE4
:101D700090002FF0900007E0900041F0900008E004
:101D8000900042F0900009E0900043F090000AE0DB
:101D9000900044F0900041120B45900006E0FB7566
:101DA000F03AA42477F582E43403F583120BA29071
:101DB000000BE0900041F090000CE0900042F090A9
:101DC000000DE0900043F090000EE0900044F09091
:101DD0000041120B45EB75F03AA4247BF582E43404
:101DE00003F583120BA290000FE0900041F09000E9
:101DF00010E0900042F0900011E0900043F090005D
:101E000012E0900044F0900041120B45EB75F03A5F
:101E1000A42473F582E43403F583120BA2900034FA
:101E2000120B45900038120B61C3120AA46008908F
:101E3000002FE04410FF22900034120B4590000662
:101E4000E075F03A90034B120C1D120BA27F00229A
:101E50007B017A0079047D107F01125C07900004F9
:101E6000120B45E41204F2E4FBFAF978461203DCA3
:101E7000E4FBFA79C078401203DC900008120BA250
:101E8000E4FFFE7DA07CC0900008120B611201E20D
:101E9000E4FBFA79A078401203DC7B0A7AD779A3B5
:101EA000783B1204794029E4FFFE7DA07CC09000BD
:101EB00008120B611201E2E4FBFA79A078401203E8
:101EC000DC7B0A7AD779A378BB12047960054003DA
:101ED0007F01227B017A0079047D117F01125C076A
:101EE000900004120B45E41204F2E4FBFAF9784680
:101EF0001203DCE4FBFA79C078401203DC9000089E
:101F0000120BA2E4FFFE7DA07CC0900008120B61C2
:101F10001201E2E4FBFA79A078401203DC7B0A7A32
:101F2000D779A3783B1204794029E4FFFE7DA07C99
:101F3000C0900008120B611201E2E4FBFA79A0786C
:101F4000401203DC7B0A7AD779A378BB120479604C
:101F50000540037F02227B017A0079047D0D7F0119
:101F6000125C07900004120B45E41204F2E4FBFA41
:101F7000F978461203DC900008120BA2E4FFFE7D04
:101F8000C87CC2900008120B611201E2E4FBFA79EE
:101F9000C878421203DC7B0A7AD779A3783B120413
:101FA000794029E4FFFE7DC87CC2900008120B61D5
:101FB0001201E2E4FBFA79C878421203DC7B0A7A68
:101FC000D779A378BB120479600540037F03227B95
:101FD000017A0079047D127F01125C0790000412DF
:101FE0000B45E41204F2E4FBFAF978461203DCE450
:101FF000FBFA79C078401203DC900008120BA2E4CF
:10200000FFFE7DA07CC0900008120B611201E2E48B
:10201000FBFA79A078401203DC7B0A7AD779A3789F
:102020003B1204794029E4FFFE7DA07CC0900008AB
:10203000120B611201E2E4FBFA79A078401203DC92
:102040007B0A7AD779A378BB120479600540037FB5
:1020500004227B017A0079047D0F7F01125C0790D6
:102060000004120B45E41204F2E4FBFAF97846127C
:1020700003DCE4FBFA79C078401203DC900008121C
:102080000BA2E4FFFE7DA07CC0900008120B611241
:1020900001E2E4FBFA79A078401203DC7B0A7AD7EC
:1020A00079A3783B1204794029E4FFFE7DA07CC02F
:1020B000900008120B611201E2E4FBFA79A078406B
:1020C0001203DC7B0A7AD779A378BB120479600506
:1020D00040037F05227B017A0079047D0E7F011287
:1020E0005C07900004120B45E41204F2E4FBFAF9D9
:1020F00078461203DC900008120BA2E4FFFE7DC8B4
:102100007CC2900008120B611201E2E4FBFA79C86C
:1021100078421203DC7B0A7AD779A3783B120479E0
:102120004029E4FFFE7DC87CC2900008120B6112BA
:1021300001E2E4FBFA79C878421203DC7B0A7AD721
:1021400079A378BB120479600540037F06227B01E6
:102150007A0079047D107F02125C07900004120B54
:1021600045E41204F2E4FBFAF978461203DCE4FBDE
:10217000FA79C078401203DC900008120BA2E4FF49
:10218000FE7DA07CC0900008120B611201E2E4FB0E
:10219000FA79A078401203DC7B0A7AD779A3783BDE
:1021A0001204794029E4FFFE7DA07CC09000081253
:1021B0000B611201E2E4FBFA79A078401203DC7BA8
:1021C0000A7AD779A378BB120479600540037F07A8
:1021D000227B017A0079047D117F02125C07900056
:1021E00004120B45E41204F2E4FBFAF978461203F8
:1021F000DCE4FBFA79C078401203DC900008120B93
:10220000A2E4FFFE7DA07CC0900008120B611201C9
:10221000E2E4FBFA79A078401203DC7B0A7AD779F2
:10222000A3783B1204794029E4FFFE7DA07CC09096
:102230000008120B611201E2E4FBFA79A078401267
:1022400003DC7B0A7AD779A378BB12047960054056
:10225000037F08227B017A0079047D0D7F01125CE7
:1022600007900004120B45E41204F2E4FBFAF9783B
:10227000461203DC900008120BA2E4FFFE7DC87C2E
:10228000C2900008120B611201E2E4FBFA79C878EF
:10229000421203DC7B0A7AD779A3783B1204794097
:1022A00029E4FFFE7DC87CC2900008120B61120178
:1022B000E2E4FBFA79C878421203DC7B0A7AD77928
:1022C000A378BB120479600540037F09227B017A61
:1022D0000079047D127F01125C07900004120B4507
:1022E000E41204F2E4FBFAF978461203DCE4FBFAA8
:1022F00079C078401203DC900008120BA2E4FFFEC4
:102300007DA07CC0900008120B611201E2E4FBFA90
:1023100079A078401203DC7B0A7AD779A3783B1244
:1023200004794029E4FFFE7DA07CC0900008120BD8
:10233000611201E2E4FBFA79A078401203DC7B0A27
:102340007AD779A378BB120479600540037F0A220B
:102350007B017A0079047D0F7F01125C07900004F5
:10236000120B45E41204F2E4FBFAF978461203DC9E
:10237000E4FBFA79C078401203DC900008120BA24B
:10238000E4FFFE7DA07CC0900008120B611201E208
:10239000E4FBFA79A078401203DC7B0A7AD779A3B0
:1023A000783B1204794029E4FFFE7DA07CC09000B8
:1023B00008120B611201E2E4FBFA79A078401203E3
:1023C000DC7B0A7AD779A378BB12047960054003D5
:1023D0007F0B227B017A0079047D0E7F01125C075E
:1023E000900004120B45E41204F2E4FBFAF978467B
:1023F0001203DC900008120BA2E4FFFE7DC87CC231
:10240000900008120B611201E2E4FBFA79C87842ED
:102410001203DC7B0A7AD779A3783B12047940292E
:10242000E4FFFE7DC87CC2900008120B611201E23D
:10243000E4FBFA79C878421203DC7B0A7AD779A3E5
:1024400078BB120479600540037F0C227F00229044
:102450000822EFF0900823120C4990082EE4F0A314
:10246000E4F0900830E4F0A3E4F07BFF7A7D792675
:10247000C003C002C0017B017A087932A801AC0216
:10248000AD03D001D002D0037E007F64120681909C
:102490000823120C29AE02AF01EF4E602D900828E0
:1024A000120C29AE02AF01EF4E601F90082B120CE8
:1024B00029AE02AF01EF4E6011900826E0FEA3E0C6
:1024C000FFC3EF9407EE940050037F05229008228B
:1024D000E0FFEF120C7E24E60124FB022510032509
:1024E00025040000253890082EE4F0A37403F09032
:1024F00008307410F0A37403F0803D90082EE4F0CF
:10250000A37422F09008307410F0A37422F0802895
:1025100090082EE4F0A37432F09008307410F0A309
:102520007432F0801390082EE4F0A37451F09008F8
:10253000307410F0A37451F0900826E0FEA3E0FF81
:10254000D3EF9464EE940040037F052290082EE0C0
:10255000FEA3E0FF7B017A087932900826E0FCA315
:10256000E0FD90012DECF0A3EDF01247A07E00EF0E
:102570004E60030226EC7B017A087932900826E04F
:10258000FEA3E0FFEF24FFFDEE34FFFC12017B9081
:102590000896EFF0900826E0FEA3E0FF74312FF5D7
:1025A0008274083EF583E0FF900897EFF09008975B
:1025B000E0FF900896E0FEEE6F60030226EC9008C4
:1025C00026E0FEA3E0FF742C2FF58274083EF5830D
:1025D000E0FFE4FCFDFE7808120AC8C004C005C094
:1025E00006C007900826E0FEA3E0FF742B2FF582BB
:1025F00074083EF583E0FFE4FCFDFE7810120AC883
:10260000A804A905AA06AB07D007D006D005D004B8
:10261000120A73A804A905AA06AB07900826E0FED3
:10262000A3E0FF742D2FF58274083EF583E0FFE4EC
:10263000FCFDFE120A73900828120C29120B2B9035
:102640000826E0FEA3E0FF742F2FF58274083EF504
:1026500083E0FFE4FCFDFE7808120AC8C004C00550
:10266000C006C007900826E0FEA3E0FF742E2FF5F9
:102670008274083EF583E0FFE4FCFDFE7810120A48
:10268000C8A804A905AA06AB07D007D006D005D074
:1026900004120A73A804A905AA06AB07900826E04D
:1026A000FEA3E0FF74302FF58274083EF583E0FF4F
:1026B000E4FCFDFE120A7390082B120C29120B2B5E
:1026C000900826E0FEA3E0FF7B017A087932C00380
:1026D000C002C001900823120C29A801AC02AD036E
:1026E000D001D002D0031206817F0022900830E092
:1026F000FEA3E0FF7B017A087932900826E0FCA374
:10270000E0FD90012DECF0A3EDF01247A07E00EF6C
:102710004E600302288C7B017A087932900826E00B
:10272000FEA3E0FFEF24FFFDEE34FFFC12017B90DF
:102730000896EFF0900826E0FEA3E0FF74312FF535
:102740008274083EF583E0FF900897EFF0900897B9
:10275000E0FF900896E0FEEE6F600302288C900880
:1027600026E0FEA3E0FF742C2FF58274083EF5836B
:10277000E0FFE4FCFDFE7808120AC8C004C005C0F2
:1027800006C007900826E0FEA3E0FF742B2FF58219
:1027900074083EF583E0FFE4FCFDFE7810120AC8E1
:1027A000A804A905AA06AB07D007D006D005D00417
:1027B000120A73A804A905AA06AB07900826E0FE32
:1027C000A3E0FF742D2FF58274083EF583E0FFE44B
:1027D000FCFDFE120A73900828120C29120B2B9094
:1027E0000826E0FEA3E0FF742F2FF58274083EF563
:1027F00083E0FFE4FCFDFE7808120AC8C004C005AF
:10280000C006C007900826E0FEA3E0FF742E2FF557
:102810008274083EF583E0FFE4FCFDFE7810120AA6
:10282000C8A804A905AA06AB07D007D006D005D0D2
:1028300004120A73A804A905AA06AB07900826E0AB
:10284000FEA3E0FF74302FF58274083EF583E0FFAD
:10285000E4FCFDFE120A7390082B120C29120B2BBC
:10286000900826E0FEA3E0FF7B017A087932C003DE
:10287000C002C001900823120C29A801AC02AD03CC
:10288000D001D002D0031206817F002290082EE0F2
:10289000FEA3E0FF7B017A087932900826E0FCA3D2
:1028A000E0FD90012DECF0A3EDF01247A07E00EFCB
:1028B0004E60047F01803E900830E0FEA3E0FF7B85
:1028C000017A087932900826E0FCA3E0FD90012D02
:1028D000ECF0A3EDF01247A07E00EF4E60047F0104
:1028E0008013900822E0FF7E00EF64014E70047FA9
:1028F0000380027F0422900046EFF0FBE4A3F0A3E4
:10290000120BAE0000000090004C120BAE00000055
:1029100000900050120BAE00000000EBFF3395E07A
:10292000FE7C007D3A12077674452FF974033EFA57
:102930007B01900054120C49900001E4120754905E
:102940000046E0FF3395E0FEC3EF9401EE6480940F
:10295000805003022D04D3EF9404EE6480948040F1
:1029600003022D04C3EF9403EE64809480400302BD
:102970002B96A3E0FEC006900046E07A00794C7DDD
:102980003E125C07D0E04F900047F0600F9000547B
:10299000120C291206C9440112074222900047E096
:1029A000FEC006900046E0FF7B017A0079507D5E14
:1029B000125C07D0E04F900047F0600F9000541277
:1029C0000C291206C9440112074222900054120C2D
:1029D00029900002120AFB90004C120B61C3120AEC
:1029E000A47018900054120C29900006120AFB9053
:1029F0000050120B61C3120AA4600E900054120C16
:102A0000291206C94402120742900047E0FEC006A0
:102A1000900046E0FF7B017A0079487D1B125C073D
:102A2000D0E04F900047F0600F900054120C291234
:102A300006C9440112074222900048120B45EF5488
:102A400001FFE4FEFDFCEF600E900054120C291211
:102A500006C94402120742900048120B45EF540287
:102A6000FFE4FEFDFCEF7003022D04900054120CF5
:102A70002990000E120BF900000000900012120BBA
:102A8000F900000000900016120BF9000000009001
:102A9000001A120BF90000000090001E120BF90042
:102AA000000000900022120BF90000000090004787
:102AB000E0FEC006900046E0FFE9240EF9E43AFA91
:102AC0007D0D125C07D0E04F900047F0E0FEC0069D
:102AD000900046E0FF900054120C29E92412F9E41A
:102AE0003AFA7D0E125C07D0E04F900047F0E0FE0E
:102AF000C006900046E0FF900054120C29E924160D
:102B0000F9E43AFA7D0F125C07D0E04F900047F0ED
:102B1000E0FEC006900046E0FF900054120C29E948
:102B2000241AF9E43AFA7D10125C07D0E04F9000C5
:102B300047F0E0FEC006900046E0FF900054120C03
:102B400029E9241EF9E43AFA7D11125C07D0E04F1E
:102B5000900047F0E0FEC006900046E0FF90005471
:102B6000120C29E92422F9E43AFA7D12125C07D00A
:102B7000E04F900047F0600F900054120C291206AD
:102B8000C9440112074222900054120C29900001FE
:102B9000740112075422900047E0FEC006900046E0
:102BA000E0FF7B017A00794C7D18125C07D0E04F82
:102BB000900047F030E00F900054120C291206C923
:102BC000440112074222900054120C299000061270
:102BD0000AFB90004C120B61C3120AA4600E900015
:102BE00054120C291206C94402120742900047E011
:102BF000FEC006900046E0FF7B017A0079487D31F7
:102C0000125C07D0E04F900047F030E00F90005486
:102C1000120C291206C944011207422290004812E0
:102C20000B45E4FFEE5408FEE4FDFCEE7003022DBC
:102C300004900054120C2990000E120BF9000000B1
:102C40000090001A120BF900000000900026120BF1
:102C5000F90000000090002A120BF900000000901B
:102C60000047E0FEC006900046E0FFE9241AF9E4C0
:102C70003AFA7D06125C07D0E04F900047F0E0FE84
:102C8000C006900046E0FF900054120C29E9240E83
:102C9000F9E43AFA7D08125C07D0E04F900047F063
:102CA000E0FEC006900046E0FF900054120C29E9B7
:102CB0002426F9E43AFA7D0A125C07D0E04F90002E
:102CC00047F0E0FEC006900046E0FF900054120C72
:102CD00029E9242AF9E43AFA7D0B125C07D0E04F87
:102CE000900047F030E00F900054120C291206C9F2
:102CF000440112074222900054120C2990000174E2
:102D00000112075422440549000000005005AA00A2
:102D10000000000000000000000000000000004271
:102D200005E00000C1004105BA004105BB004205B5
:102D3000E200004205D600006037055D000000009B
:102D40000000000000000000000000000000000083
:102D50000000000000000000000000000000000073
:102D60000000000000000000000000000000000063
:102D70000000004B0594000000000000000000006F
:102D8000004B059F00000000000000000000004113
:102D9000053200410548004C04670001000A006448
:102DA00003E8271086A046047900000000000041D7
:102DB000047F004104800044052C0000000042050F
:102DC00030000046061400000000000041061A0012
:102DD00041061C004106C8014106880141068A01DE
:102DE00041061D0141068B00410689004606D700B9
:102DF000000000000042076400004107390044075A
:102E000076000000005007540000000000000000A1
:102E100000000000000000004206C90000C101508F
:102E20000766000000000000000000000000000035
:102E300000004407400000000046073A0000000080
:102E400000005007440000000000000000000000E7
:102E50000000000000500719000000000000000002
:102E60000000000000000000500709000000000002
:102E700000000000000000000000005007290000D2
:102E80000000000000000000000000000000C1027F
:102E9000440A7500000000C103C104410A920041C8
:102EA000090A00420908FFFF410959224109722D10
:102EB000420973008058095A000000010000001008
:102EC00000000100000010000001000000100000E0
:102ED00060E8037F00000000000000000000000028
:102EE00000000000000000000000000000000000E2
:102EF00000000000000000000000000000000000D2
:102F000000000000000000000000000000000000C1
:102F100000000000000000000000000000000000B1
:102F200000000000000000000000000000000000A1
:102F30000000000000000000000000000000000091
:102F40000000000000000000000000000000000081
:102F50000000000000000000000000000000000071
:102F60000000000000000000000000000000000061
:102F70000000000000000000000000000000000051
:102F80000000000000000000000000000000000041
:102F90000000000000000000000000000000000031
:102FA0000000000000000000000000000000000021
:102FB000000000000000000000000000C105410A00
:102FC000940000900A8BE4F07B017A07799C1265EB
:102FD00086900A8BEFF0900A8BE0FFC0077B017AA6
:102FE0000779BF126626AE07D007EF4EFF900A8B17
:102FF000EFF0900A8BE0FFC0077B017A087900129E
:1030000066C6AE07D007EF4EFF900A8BEFF0900A2E
:103010008BE0FFC0077B017A0779AF126766AE07C6
:10302000D007EF4EFF900A8BEFF0900A8CE4F090FF
:103030000A8CE0FF7E00C3EF9404EE64809480501D
:103040003B900A8BE0FFC007900A8CE0FF7E07EF01
:103050008EF0A4FFAEF074062FF974083EFA7B01DF
:10306000900A8CE0FF1251A0AE07D007EF4EFF9000
:103070000A8BEFF0900A8CE004F080B3900A8BE0AA
:10308000FFC0077B017A0779A0126806AE07D00758
:10309000EF4EFF900A8BEFF0900A8BE0FFC0077BAA
:1030A000017A0779A5126946AE07D007EF4EFF9067
:1030B0000A8BEFF0900A8BE0FFC0077B017A08795A
:1030C000051269E6AE07D007EF4EFF900A8BEFF0CE
:1030D000900A8BE0FFC0077B017A0779AE126A86FF
:1030E000AE07D007EF4EFF900A8BEFF0900A8BE00F
:1030F000FFC0077B017A0779AD126B26AE07D007B8
:10310000EF4EFF900A8BEFF0900A8CE4F0900A8C5F
:10311000E0FF7E00C3EF9404EE64809480503B9007
:103120000A8BE0FFC007900A8CE0FF7E0FEF8EF065
:10313000A4FFAEF074C42FF974073EFA7B01900A25
:103140008CE0FF125265AE07D007EF4EFF900A8B5E
:10315000EFF0900A8CE004F080B3900A8CE4F090D9
:103160000A8CE0FF7E00C3EF9404EE6480948050EC
:103170003B900A8BE0FFC007900A8CE0FF7E03EFD4
:103180008EF0A4FFAEF0747A2FF974073EFA7B013B
:10319000900A8CE0FF1253EFAE07D007EF4EFF907E
:1031A0000A8BEFF0900A8CE004F080B3900A8BE079
:1031B000FFC0077B017A0779AB126BC6AE07D00759
:1031C000EF4EFF900A8BEFF0900A8BE0FFC0077B79
:1031D000017A077986126C66AE07D007EF4EFF9032
:1031E0000A8BEFF0900A8BE0FF22900988EEF0A3A3
:1031F000EFF090098AECF0A3EDF090098CEAF0A3CF
:10320000EBF0900990120C29AE02AF01EF4E700363
:103210007F02229009987402F0900988E0FEA3E0F2
:10322000FF900990120C29900993E0FCA3E0FD9017
:10323000012DECF0A3EDF01247A0900997EFF0906C
:103240000997E0FF7E00EF4E602E900998E014F0A1
:10325000900998E0FF7E00D3EF9400EE64809480A4
:10326000401680028012900998E0FF7E00D3EF9410
:1032700000EE6480948050A1900997E0FF7E00EFFB
:103280004E70709009987402F090098AE0FEA3E0F5
:10329000FF7B017A09799590012DE4F0A37401F088
:1032A0001247A0900997EFF0900997E0FF7E00EF9A
:1032B0004E6018900998E014F0900998E0FF7E00A5
:1032C000D3EF9400EE6480948050BE900997E0FFA5
:1032D0007E00EF4E701D900990120C29900993E02A
:1032E000FCA3E0FD12017B900995E0FEEFB506031B
:1032F0007F00229009987402F090098CE0FEA3E010
:10330000FF900990120C29900993E0FCA3E0FD9036
:10331000012DECF0A3EDF01247A0900997EFF0908B
:103320000997E0FF7E00EF4E6018900998E014F0D6
:10333000900998E0FF7E00D3EF9400EE64809480C3
:1033400050B7900997E0FF7E00EF4E60030233FB19
:103350009009987402F090098EE0FEA3E0FF7B01D3
:103360007A09799690012DE4F0A37401F01247A038
:10337000900997EFF0900997E0FF7E00EF4E6018FC
:10338000900998E014F0900998E0FF7E00D3EF9444
:1033900000EE6480948050BE900997E0FF7E00EFBD
:1033A0004E7058900990120C29900993E0FCA3E00C
:1033B000FD12017B900996E0FEEF6E703E90098849
:1033C000E0FEA3E0FF900990120C29900993E0FC25
:1033D000A3E0FD900064ECF0A3EDF0124D3F9009E6
:1033E0008AE0FEA3E0FF7B017A097996900064E40D
:1033F000F0A37401F0124D3F7F0322900997E0FF84
:103400007E00EF64014E70047F0180027F042290F1
:10341000026EEEF0A3EFF0900270ECF0A3EDF090EE
:103420000272EAF0A3EBF090037D7401F090027653
:10343000120C29AE02AF01EF4E70037F0222900200
:1034400079E0FEA3E0FFEF4E6011900279E0FEA369
:10345000E0FFD3EF9400EE940140037F0522900239
:1034600076120C29900279E0FCA3E0FD12017B901A
:10347000027BEFF090026EE0FEA3E0FF9002761276
:103480000C29900279E0FCA3E0FD900064ECF0A32D
:10349000EDF0124D3F90037EEFF090037EE0FFC011
:1034A00007900270E0FEA3E0FF7B017A02797B9037
:1034B0000064E4F0A37401F0124D3FAE07D007EFB3
:1034C0004EFF90037EEFF07E017F007D007B017A4E
:1034D00002797C120E8190026EE0FEA3E0FF7B0178
:1034E0007A02797C900279E0FCA3E0FD90012DEC5A
:1034F000F0A3EDF01247A0900279E0FEA3E0FF9068
:103500000276120C29C003C002C0017B017A027945
:103510007CA801AC02AD03D001D002D003120E5D35
:10352000EF3395E0FEEF4E600590037DE4F09002EE
:1035300070E0FEA3E0FF7B017A03797C90012DE42B
:10354000F0A37401F01247A090027BE0FF90037C8F
:10355000E0FEEE6F600590037DE4F0900272E0FE05
:10356000A3E0FF900276120C29900279E0FCA3E020
:10357000FD900064ECF0A3EDF0124D3F900274E07A
:10358000FEA3E0FF7B017A02797B900064E4F0A364
:103590007401F0124D3F7E017F007D007B017A02B5
:1035A000797C120E81900272E0FEA3E0FF7B017A2B
:1035B00002797C900279E0FCA3E0FD90012DECF013
:1035C000A3EDF01247A0900279E0FEA3E0FF900285
:1035D00076120C29C003C002C0017B017A02797CFB
:1035E000A801AC02AD03D001D002D003120E5DEFF2
:1035F0003395E0FEEF4E600590037DE4F090027499
:10360000E0FEA3E0FF7B017A03797C90012DE4F0DA
:10361000A37401F01247A090027BE0FF90037CE0CE
:10362000FEEE6F600590037DE4F07F00227B017A5F
:103630000079047D107F01125C07E4FF7E05FDFC2C
:10364000900004120B61D3120AA440037F01227B75
:10365000017A0079047D117F01125C07E4FF7E0589
:10366000FDFC900004120B61D3120AA440037F02F8
:10367000227B017A0079047D0D7F01125C07E4FF53
:103680007E05FDFC900004120B61D3120AA44003D6
:103690007F03227B017A0079047D127F01125C078F
:1036A000E4FF7E05FDFC900004120B61D3120AA416
:1036B00040037F04227B017A0079047D0F7F011291
:1036C0005C07E4FF7E05FDFC900004120B61D31241
:1036D0000AA440037F05227B017A0079047D0E7FD6
:1036E00001125C07E4FF7E05FDFC900004120B61F3
:1036F000D3120AA440037F06229007ABE0D39402C2
:103700007480948050030237DF7B017A0079047D56
:10371000107F02125C07E4FF7E05FDFC900004129E
:103720000B61D3120AA440037F07227B017A007940
:10373000047D117F02125C07E4FF7E05FDFC900012
:1037400004120B61D3120AA440037F08227B017A82
:103750000079047D0D7F02125C07E4FF7E05FDFC0D
:10376000900004120B61D3120AA440037F09227B4C
:10377000017A0079047D127F02125C07E4FF7E0566
:10378000FDFC900004120B61D3120AA440037F0ACF
:10379000227B017A0079047D0F7F02125C07E4FF2F
:1037A0007E05FDFC900004120B61D3120AA44003B5
:1037B0007F0B227B017A0079047D0E7F02125C0769
:1037C000E4FCFDFE900004120BA2E4FF7E05FDFC6C
:1037D000900004120B61D3120AA440037F0C227BD9
:1037E000017A0079047D087F04125C07E4FF7E05FE
:1037F000FDFC900004120B61D3120AA440037F0D5C
:10380000227B017A0079047D067F04125C07E4FFC5
:103810007E05FDFC900004120B61D3120AA4400344
:103820007F0E227F002278027C007D017BFF7A7D63
:1038300079FB7E007F0B120681AE84E490000DF0D0
:10384000A3F075840F20CC03FF80027F019000025B
:10385000EFF020CD047F0080027F01900003EFF0A5
:1038600020A0047F0080027F01900004EFF020A1DF
:10387000047F0080027F01900005EFF020A2047F0A
:103880000080027F01900006EFF020A3047F0080FB
:10389000027F01900007EFF020A4047F0080027FE8
:1038A00001900008EFF020A5047F0080027F0190C6
:1038B0000009EFF020A6047F0080027F0190000A3B
:1038C000EFF020A7047F0080027F0190000BEFF053
:1038D0002093047F0080027F0190000CEFF0AF0680
:1038E0008F84E4FBEBC3940B748094804003023A12
:1038F0001C74022BF582E43400F583E0FF74942BF2
:10390000F582E43405F583E0FEEB75F005A4245D53
:10391000F582E43405F583E5822EF582E43583F5FE
:1039200083EFF074942BF582E43405F583E004759D
:10393000F0058474942BF582E43405F583E5F0F00A
:1039400074942BF582E43405F583E0701A749F2B90
:10395000F582E43405F583E0700D749F2BF582E465
:103960003405F5837401F0749F2BF582E43405F57A
:1039700083E07003023A18E4FAFCFDEDC394057489
:103980008094805024EB75F005A4245DF582E43426
:1039900005F583E5822DF582E43583F583E0640146
:1039A00070030A80010C0D80D27E007401A8030808
:1039B0008005C333CE33CED8F9FF90000DEEF0A3CF
:1039C000EFF0C3EC94037480948040209005D6E01F
:1039D000FEA3E0FF90000DE0FCA3E0FDEE4CFEEF47
:1039E0004DFF9005D6EEF0A3EFF0802CC3EA9403D0
:1039F0007480948040229005D6E0FEA3E0FF900002
:103A00000DE0FCA3E0F4FDECF4FCEE5CFEEF5DFFEA
:103A10009005D6EEF0A3EFF00B0238E4229009B93E
:103A2000120C499009BF120BAE000000009009B9BA
:103A3000120C291206C9FF7E00EF24D0FFEE3407D6
:103A4000FE9009C3EEF0A3EFF09009C57407F0A350
:103A500074D0F09009C3E0FEA3E0FF9009C5E0FC3C
:103A6000A3E0FDC3ED9FEC9E505B9009BF120B4598
:103A7000C004C005C006C0079009C5E0FEA3E0FF72
:103A8000126D53EF60127F007E857DE27C01AB07F3
:103A9000AA06A905A80480107F807E337DE17C0101
:103AA000AB07AA06A905A804D007D006D005D00404
:103AB00012093B9009BF120BA29009C5E475F001F1
:103AC000120813808E9009C77401F09009B9120C86
:103AD000297582017583001206E2FF9009C7E0FE96
:103AE000EEC39F504E9009BF120B45C004C005C0E5
:103AF00006C0079009C3E0FEA3E0FF9009C7E0FD00
:103B000012636FE4FCFDFE7B807A5179017800122C
:103B10000956A804A905AA06AB07D007D006D00508
:103B2000D00412093B9009BF120BA29009C7E00410
:103B3000F080989009BF120B45C004C005C006C0B4
:103B4000079009B9120C297582027583001206E2EA
:103B5000FFEF14FFE4FCFDFE7B807A5179017800D1
:103B6000120956C004C005C006C0079009BC120C5B
:103B7000291206C9FF7E007C0E7D10120CAAA80433
:103B8000A905AA06AB07D007D006D005D0041209B4
:103B90003BC004C005C006C0079009BC120C2975C3
:103BA00082017583001206E2FF7E007C007D3C12DC
:103BB0000CAAA804A905AA06AB07D007D006D00511
:103BC000D00412093BC004C005C006C0079009BC60
:103BD000120C297582027583001206E2FFAB07E41E
:103BE000FAF9F8D007D006D005D00412093BA80492
:103BF000A905AA06AB07D007D006D005D004120944
:103C00003B9009BF120BA29009BF120B45229008EE
:103C100098EFF0900899120C4990089EE4F0A3E404
:103C2000F07BFF7A7D798AC003C002C0017B017AF4
:103C30000879A0A801AC02AD03D001D002D0037E68
:103C4000007F641206819009047402F0900905E473
:103C5000F0900899120C29AE02AF01EF4E70037F6D
:103C60000222900898E0FFEF120C7E3C7B013C861C
:103C7000023C91033C9C0400003CA590089EE4F0AB
:103C8000A37403F0801F90089EE4F0A37422F080D8
:103C90001490089EE4F0A37432F0800990089EE42A
:103CA000F0A37451F0900904E0FF14F0EF700302E8
:103CB0003D9790089EE0FEA3E0FF900899120C2922
:103CC00090089CE0FCA3E0FD900064ECF0A3EDF014
:103CD000124D3F7E00EF4E70CC7E007F647D007BF6
:103CE000017A0879A0120E8190089EE0FEA3E0FF01
:103CF0007B017A0879A090089CE0FCA3E0FD90018C
:103D00002DECF0A3EDF01247A07E00EF4E709690E0
:103D1000089CE0FEA3E0FF900899120C29C003C0A4
:103D200002C0017B017A0879A0A801AC02AD03D0E2
:103D300001D002D003120E5DEF3395E0FEEF4E602E
:103D400003023CA57B017A0879A090089CE0FEA3C1
:103D5000E0FFEF24FFFDEE34FFFC12017B9009062B
:103D6000EFF090089CE0FEA3E0FF749F2FF58274B3
:103D7000083EF583E0FF900907EFF0900907E0FFA8
:103D8000900906E0FEEE6F6003023CA59009057401
:103D900001F08003023CA5900905E0FFEF60047F7D
:103DA0000080027F06229000047401F09007ABE0CF
:103DB000D394027480948040089000057403F080CE
:103DC000069000057402F09000047401F090000564
:103DD000E0FE900004E0FFC39E4003023E86C00761
:103DE000900047120BAE0000005AD0077DC9125C4C
:103DF0009D900047120BAE00000000900004E0FF11
:103E00007D24125C9D900047120BAE0000000090D4
:103E10000004E0FF7D25125C9D900047120BAE0070
:103E2000000000900004E0FF7D26125C9D9000479A
:103E3000120BAE00000000900004E0FF7D27125C32
:103E40009D900047120BAE00000000900004E0FFC0
:103E50007D28125C9D900047120BAE000000009080
:103E60000004E0FF7D29125C9D900047120BAE001C
:103E7000000001900004E0FF7DC9125C9D900004E9
:103E8000E004F0023DCD7F647E0012705490004744
:103E9000120BAE0000005A7DC97F01125C9D90009C
:103EA00047120BAE0000005A7DC97F02125C9D7D57
:103EB000017F01124E457D027F01124E457D037F39
:103EC00001124E457D047F01124E457D057F011292
:103ED0004E457D067F01124E457D017F02124E4503
:103EE0007D027F02124E457D037F02124E457D0406
:103EF0007F02124E457D057F02124E457D067F02F0
:103F0000124E45900047120BAE000000017DC97FA4
:103F100001125C9D900047120BAE000000017DC9AC
:103F20007F02125C9D229007ABE0D39402748094D0
:103F30008040089000057403F0800690000574022C
:103F4000F09000047401F0900005E0FE900004E0A1
:103F5000FFC39E4003024000C007900047120BAE13
:103F60000000005AD0077DC9125C9D900047120BDB
:103F7000AE00000000900004E0FF7D17125C9D90F1
:103F80000047120BAE00000000900004E0FF7D1817
:103F9000125C9D900047120BAE00000000900004E0
:103FA000E0FF7D19125C9D900047120BAE000000EF
:103FB00000900004E0FF7D1A125C9D900047120BF8
:103FC000AE00000000900004E0FF7D1B125C9D909D
:103FD0000047120BAE00000000900004E0FF7D1CC3
:103FE000125C9D900047120BAE000000019000048F
:103FF000E0FF7DC9125C9D900004E004F0023F47A1
:104000007F647E00127054900047120BAE000000D7
:104010005A7DC97F01125C9D900047120BAE0000D3
:10402000005A7DC97F02125C9D7D017F011244F11F
:104030007D027F011244F17D037F011244F17D0472
:104040007F011244F17D057F011244F17D067F015D
:104050001244F17D017F021244F17D027F0212447D
:10406000F17D037F021244F17D047F021244F17D51
:10407000057F021244F17D067F021244F190004751
:10408000120BAE000000017DC97F01125C9D900003
:1040900047120BAE000000017DC97F02125C9D2219
:1040A0009009C8120C499009C8120C29AE02AF0140
:1040B000EF4E7003024211C2AF9005D0E0FF9009AD
:1040C000CBEFF09005D1E0FF9009CCEFF09005D256
:1040D000E0FF9009CDEFF09005D3E0FF9009CEEF1F
:1040E000F09005D4E0FF9009CFEFF09005D5E0FF08
:1040F0009009D0EFF0D2AF9009CBE0FFEF75F00A56
:1041000084FFEFC454F0FF9009CBE0FEEE75F00A97
:1041100084AEF0EE4FFF9009C8120C297582067527
:104120008300EF1207549009CCE0FFEF75F00A848A
:10413000FFEFC454F0FF9009CCE0FEEE75F00A8466
:10414000AEF0EE4FFF9009C8120C297582077583F7
:1041500000EF1207549009CDE0FFEF75F00A84FFDD
:10416000EFC454F0FF9009CDE0FEEE75F00A84AE86
:10417000F0EE4FFF9009C8120C2975820875830074
:10418000EF1207549009CEE0FFEF75F00A84FFEFBD
:10419000C454F0FF9009CEE0FEEE75F00A84AEF054
:1041A000EE4FFF9009C8120C29758209758300EF44
:1041B0001207549009CFE0FFEF75F00A84FFEFC4B7
:1041C00054F0FF9009CFE0FEEE75F00A84AEF0EEF9
:1041D0004FFF9009C8120C2975820A758300EF12EF
:1041E00007549009D0E0FFEF75F00A84FFEFC45444
:1041F000F0FF9009D0E0FEEE75F00A84AEF0EE4FCD
:10420000FF9009C8120C2975820B758300EF120705
:104210005422900076EFF0A3120C49E490007AF05B
:10422000A3F0A3F0A3F0A3F0A3F0E94A601A900072
:1042300076E0FF7E00C3940174809480400AD3EF3F
:1042400094047480948040037F0122900077120CC4
:1042500029120BDF00000000900076E024FE600EC3
:1042600014600F1460102403700EC2B1800AC2B231
:104270008006C2B38002C2B4AF057B017A00797AAE
:10428000125DBD90007FEFF060030243607B017A16
:1042900000797A7FFF125DBD90007FEFF06003022E
:1042A00043607B017A00797B7FFF125DBD90007FC8
:1042B000EFF060030243607B017A00797C7FFF129C
:1042C0005DBD90007FEFF0600302436090007DF0E1
:1042D000A3F0E59A5480601990007DE475F0011216
:1042E0000829FED3E5F09464EE940040E580028056
:1042F000E190007BE0FFE4FCFDFE7808120AC8C0F4
:1043000004C005C006C00790007AE0FFE4FCFDFE93
:104310007810120AC8D003D002D001D000120A735C
:10432000A804A905AA06AB0790007CE0FFE4FCFD09
:10433000FE120A73900077120C29120B2B90007654
:10434000E024FE600E14600F1460102403700ED27F
:10435000B1800AD2B28006D2B38002D2B47F0022EA
:10436000900076E024FE600E14600F1460102403A9
:10437000700ED2B1800AD2B28006D2B38002D2B41B
:104380007F0122900144EFF0E075F00BA4240BF9BB
:10439000740935F0FA7B01A3120C49120C5E120C61
:1043A000A4EF7003024497900145120C299000037A
:1043B0001206E2C394037480948050089000037442
:1043C0000112070F9000031206E264036003024427
:1043D000F09000081206E2702490000804120754BE
:1043E000900004E4F5F012090E90000AE41207545C
:1043F000900144E075F003A404FF1271759001452B
:10440000120C2990000612086AFFAEF0D39400EE59
:10441000940050030244F0900004E475F001120887
:10442000A2FCC3E5F09FEC9E403590000612086A9E
:10443000FF900004E5F08FF012090E9000091206BB
:10444000E2600E900145120C2990000A1206E270FB
:104450000E900144E075F003A42403FF12717590DF
:104460000145120C299000091206E2FFD394007452
:10447000809480407B90000A740112070FC39F4014
:104480006F90000AE4120754900144E075F003A411
:104490002402FF12717522900145120C299000032D
:1044A0001206E2D394007480948040089000037454
:1044B000FF12070F9000031206E2703490000812FA
:1044C00006E264017014900008120754900144E061
:1044D00075F003A42402FF127175900145120C2996
:1044E000900004E4F5F012090E90000AE41207545B
:1044F00022900006EFF0A3EDF0FF7E006401700A49
:104500009000107410F0A3741AF0EF64024E700A59
:104510009000107411F0A3741BF0EF64034E700A46
:10452000900010740DF0A37417F0EF64044E700A3D
:104530009000107412F0A3741CF0EF64054E700A22
:10454000900010740FF0A37419F0EF64064E700A17
:10455000900010740EF0A37418F0900006E0FF9025
:104560000010E0FD7B017A007908125C07900008DA
:10457000120B45E41204F2E4FBFAF978461203DC6C
:1045800090000C120BA2900007E0FF6403603DEF67
:104590006406603890000C120B45E4FBFA79C07891
:1045A000401203DC90000C120BA290000C120B6165
:1045B000E4FFFE7DA07C401203DCE4FBFA79807806
:1045C000BF1201E290000C120BA2802090000C128E
:1045D0000B61E4FFFE7DC87C421203DCE4FBFA7948
:1045E0008078BF1201E290000C120BA2E4FFFEFDE6
:1045F000FC90000C120B61120479401AE4FFFEFDDE
:104600007C4790000C120B611202D312053090000F
:1046100008120BA28022E4FFFEFD7C4790000C12E2
:104620000B611202D3E4FBFA798078471201E2129F
:104630000530900008120BA2900008120B45900064
:1046400047120BA2900011E0FD900006E0FF125C03
:104650009D22E4900002F012722A7F647E001270A4
:1046600054122FC3900002EFF014601B14601C243E
:1046700002701A7B017A0579D0125A367B017A05CD
:1046800079D3125AD38006C2968002C2967F141242
:10469000729890079DE0FEA3E0FFE4FCFD1263002A
:1046A00012019E1273AD1261AC1201449005BC124E
:1046B0000BAE000000009005C0120BAE0000000021
:1046C0009005C4120BAE000000009005C8120BAE9E
:1046D000000000009005CC120BAE00000000900519
:1046E000E4120BAE000000009005E8120BAE0000D3
:1046F00000009005EC120BAE000000009005F012D7
:104700000BAE000000009005F4120BAE000000009C
:104710009005F8120BAE000000009005FC120BAEE5
:1047200000000000900600120BAE00000000900692
:1047300004120BAE00000000900608120BAE000041
:10474000000090060C120BAE000000009006101244
:104750000BAE00000000E49005D6F0A3F0900764D3
:10476000F0A3F0C201C205900A94F0900002F0900C
:104770000002E0FFFD3395E0FCC3ED9406EC64809D
:1047800094805019EF3395E0FE74D72FF5827406AC
:104790003EF583E4F0900002E004F080D2D2AF2234
:1047A000900128EEF0A3EFF0A3120C49900132E53E
:1047B00084F0E4F58490012A120C29E94A601990EA
:1047C000012DE07002A3E0600FD3900129E094FF77
:1047D000900128E0947F4009900132E0F5847F0247
:1047E000221264E090012FEFF06009900132E0F5B1
:1047F000847F01227FA0125FC390012FEFF0600C35
:104800001270C5900132E0F5847F0122900128E00A
:10481000FF12613490012FEFF0600C1270C590010F
:1048200032E0F5847F0122900128E0A3E0FF1261CD
:104830003490012FEFF0600C1270C5900132E0F55A
:10484000847F012212653490012FEFF0600C12700A
:10485000C5900132E0F5847F01227FA1125FC390F1
:10486000012FEFF0600C1270C5900132E0F5847FEB
:104870000122E4900130F0A3F090012DE0FEA3E0CE
:10488000FF900130E0FCA3E0FDC39FEC9E5049EF98
:1048900024FFFFEE34FFFEEDB50708ECB506047FFC
:1048A0000080027F01900133EFF090012A120C2961
:1048B000E92DF9EA3CFA125EC990012FEFF0600C85
:1048C0001270C5900132E0F5847F0122900130E43E
:1048D00075F00112081380A11270C5900132E0F545
:1048E000847F0022AB05900056EFF0E490005CF06E
:1048F000A3F0A3F0A3F0A3F0A3F0A3F0FEC3EF9402
:104900000174809480400AD3EF94047480948040B2
:10491000037F0322900058120B457810120AB590BD
:104920000060EFF0900058120B457808120AB5901D
:104930000061EFF0900058120B45900062EFF0908C
:104940000056E024FE600E14600F14601024037003
:104950000EC2B1800AC2B28006C2B38002C2B4EBFA
:104960004480FBFF7B017A00795E125DBD90005FA1
:10497000EFF06003024A00A3E0FF7B017A00795E5A
:10498000125DBD90005FEFF07076900061E0FF7BFC
:10499000017A00795E125DBD90005FEFF07061906A
:1049A0000062E0FF7B017A00795E125DBD90005FDE
:1049B000EFF0704C90005CF0A3F0E59A5480601D1D
:1049C00090005CE475F001120829FED3E5F09464D0
:1049D000EE940040E590005F7402F0802390005652
:1049E000E024FE600E14600F1460102403700ED2D9
:1049F000B1800AD2B28006D2B38002D2B47F002244
:104A0000D2B1D2B2D2B3D2B47F0222E4FFFB900083
:104A10000DF0A3F09005D3E0FAA3E090000AF09027
:104A200005D2E0FE90000BF09005D1E090000CF074
:104A30009005D0E0F9900788E0FDEEB505159007E8
:104A400087E0FE90000CE0B50609900786E0FEE9DD
:104A50006E60027F01900787E0FE90000CE0B506D3
:104A600007900786E06960027B01EF7006EB700338
:104A7000024B03EA700D90000AE0D3940374809413
:104A8000804018EAD39400748094804003EF700B48
:104A9000EAC374809480406BEB6068EF601A900703
:104AA0008C120BAE00000000900790120BAE0000BD
:104AB000000090000D7401F0EB601A900794120B47
:104AC000AE00000000900798120BAE0000000090AE
:104AD000000D7401F0900786E9F090000CE090075B
:104AE00087F090000BE0900788F0A3EAF090000AAE
:104AF000E090078AF09005D5E090078BF090000ECB
:104B00007401F090000DE060097B017A07798C1246
:104B100068F690000EE060097B017A077986126CD6
:104B2000B622AB07900068120BAE00000000E490C4
:104B3000006CF0A3F0A3F0A3F0A3F0A3F0A3F0A304
:104B4000F0A3F0EBFF7E00C3940174809480400AD0
:104B5000D3EF94047480948040037F0222EBC394CB
:104B600003748094805008900075742EF080069035
:104B700000757417F0AF03900075E0FD7B017A00BB
:104B80007968124212900074EFF060037F01229066
:104B90000068120B457810120AB5EFE4A9079000DF
:104BA0006CE9F0900068120B45EFEEE490006DEEBA
:104BB000F0A3EFF0900063120B457810120AB5EFE6
:104BC000E4900071EFF0FB900063120B457808123F
:104BD0000AB5EFE4900072EFF0FA900063120B4513
:104BE000EFE4900073EFF0900067E0FEFD90006F3F
:104BF000E4F0A3EDF0EBFD90006FE48DF0120813EC
:104C0000EAFD90006FE48DF0120813EFFD90006F45
:104C1000E48DF0120813E96E60037F042290006FA8
:104C2000E0FEA3E0FF90006DE06E7003A3E06F6014
:104C3000037F04227F0022C0E0C083C082C0D07501
:104C4000D000C001C002C003C004C005C006C00738
:104C5000E4FDA984F58420ED03024D24C2EDAFBF2D
:104C6000EFFEACBEECFBEEEBFF8984C3EF945AEE93
:104C7000940E4009D3EF94FAEE940E405AC3EF9489
:104C8000B0EE940A4009D3EF9450EE940B4048C321
:104C9000EF9427EE94084009D3EF94C7EE940840B0
:104CA00036C3EF948EEE94064009D3EF942EEE9423
:104CB000074024C3EF9427EE94044009D3EF94C730
:104CC000EE94044012C3EF94B0EE94014013D3EF7E
:104CD0009450EE9402500A7D019005BB7401F0805F
:104CE000139005BBE070047D0180099005BAE4F0E3
:104CF000A3F08034ED602DC2AF9005BAE025E0242A
:104D0000AAF582E43405F583EEF0A3EFF09005BA3E
:104D1000E004F0E0C39408748094804005E4F0124D
:104D20004FFBD2AFAF018F84D007D006D005D0049F
:104D3000D003D002D001D0D0D082D083D0E0329046
:104D4000005FEEF0A3EFF0A3120C49900069E58438
:104D5000F0E4F584900061120C29E94A6022900089
:104D600064E0FEA3E0FF4E6017D3900060E094FF84
:104D700090005FE0947F5008EF9440EE940040096B
:104D8000900069E0F5847F02221264E0900066EFF3
:104D9000F06009900069E0F5847F01227FA0125F36
:104DA000C3900066EFF0600C1270C5900069E0F5EA
:104DB000847F012290005FE0FF126134900066EF73
:104DC000F0600C1270C5900069E0F5847F012290BC
:104DD000005FE0A3E0FF126134900066EFF0600C2A
:104DE0001270C5900069E0F5847F0122E4900067AD
:104DF000F0A3F0900064E0FEA3E0FF900067E0FC09
:104E0000A3E0FDC39FEC9E5030900061120C298DF1
:104E1000828C831206E2FF126134900066EFF0602C
:104E20000C1270C5900069E0F5847F012290006744
:104E3000E475F00112081380BA1270C5900069E0A1
:104E4000F5847F0022900006EFF0A3EDF0FF7E00D6
:104E50006401700A90000C7410F0A37427F0EF64E2
:104E6000024E700A90000C7411F0A37428F0EF64E5
:104E7000034E700A90000C740DF0A37424F0EF64DC
:104E8000044E700A90000C7412F0A37429F0EF64C1
:104E9000054E700A90000C740FF0A37426F0EF64B6
:104EA000064E700A90000C740EF0A37425F090006A
:104EB00006E0FF90000CE0FD7B017A007908125CAF
:104EC00007900008120B45A804A905AA06AB071213
:104ED0000956900008120BA2900008120B45780F9B
:104EE000120AB5900008120BA2900007E0FF6403BD
:104EF0006018EF64066013A3120B45E47B06FAF911
:104F0000F81209E1900008120BA2900008120B455C
:104F1000900047120BA290000DE0FD900006E0FF0C
:104F2000125C9D22900008120C49E94A70037F022E
:104F300022900008120C29126FC890000BEFF0604D
:104F400003E0FF22900008120C299000021206E2F2
:104F5000FF75F00A84FEC454F0FEEF75F00A84E594
:104F6000F04E90000CF09000011206E2FF75F00A7E
:104F700084FEC454F0FEEF75F00A84E5F04E900014
:104F80000DF01206C9FF75F00A84FEC454F0FEEF5E
:104F900075F00A84E5F04E90000EF07D02E4FF12F9
:104FA000603F90000BEFF060037F012290000CE067
:104FB000FD7F0212603F90000BEFF060037F012243
:104FC00090000DE0FD7F0312603F90000BEFF0605A
:104FD000037F012290000EE0FD7F0412603F9000ED
:104FE0000BEFF060037F0122E4FDFF12603F9000B1
:104FF0000BEFF060037F01227F0022C2AFE4FFEFDE
:10500000C39408748094805025EF25E024AAF5828B
:10501000E43405F583E0FCA3E0FDEF25E0244DF545
:1050200082E43405F583ECF0A3EDF00F80D1D2AF2C
:10503000E4FFEFC3940774809480507EE4FEC37451
:10504000079FFDEEC39D506EEE25E0244FF582E4F0
:105050003405F583E0FCA3E0FDEE25E0244DF58268
:10506000E43405F583E0FAA3E0FBD39DEA9C4043DA
:10507000900000EAF0A3EBF0EE25E0244FF582E487
:105080003405F583E0FCA3E0FDEE25E0244DF58238
:10509000E43405F583ECF0A3EDF0900000E0FCA310
:1050A000E0FDEE25E0244FF582E43405F583ECF0D5
:1050B000A3EDF00E80880F025032C2AF900555E08C
:1050C000FFA3E09005E0CFF0A3EFF0D200D2AF2233
:1050D000900008120C49E94A70037F0222900008F0
:1050E000120C2912599690000BEFF06003E0FF229A
:1050F000900008120C299000021206E2FF75F00AD7
:1051000084FEC454F0FEEF75F00A84E5F04E900082
:105110000CF09000011206E2FF75F00A84FEC45400
:10512000F0FEEF75F00A84E5F04E90000DF01206E7
:10513000C9FF75F00A84FEC454F0FEEF75F00A84CE
:10514000E5F04E90000EF07D02E4FF12603F90000B
:105150000BEFF06003E0FF2290000CE0FD7F0612F1
:10516000603F90000BEFF06003E0FF2290000DE045
:10517000FD7F0712603F90000BEFF06003E0FF221D
:1051800090000EE0FD7F0812603F90000BEFF06092
:1051900003E0FF22E4FDFF12603F90000BEFF022DE
:1051A0009009E9EFF09009EA120C499009E9E0FF53
:1051B0007E00C3EF9404EE64809480500E9009EA60
:1051C000120C29AE02AF01EF4E70037F022290094C
:1051D000E9E0FF7E08EF8EF0A4FFAEF0EF2426FF9B
:1051E000EE3420FEC006C0079009E9E0FF7E08EF1C
:1051F0008EF0A4FFAEF0EF242DFDEE3420FCC004B1
:10520000C0059009E9E0FF7E08EF8EF0A4FFAEF044
:10521000EF2426FDEE3421FC9009E9E0FF7E08EF43
:105220008EF0A4FFAEF0EF242DFFEE3421FE9009A6
:105230008EEEF0A3EFF09009EA120C29900990127B
:105240000C49900993E4F0A37407F0AB05AA04D0CD
:1052500005D004D007D0061231EA9009EDEFF090A6
:1052600009EDE0FF229009F3EFF09009F4120C49E8
:105270009009F3E0FF7E00C3EF9404EE6480948015
:10528000500E9009F4120C29AE02AF01EF4E7003DC
:105290007F02229009F3E0FF7E10EF8EF0A4FFAEB4
:1052A000F0EF246AFFEE3420FEC006C0079009F339
:1052B000E0FF7E10EF8EF0A4FFAEF0EF2479FDEE5C
:1052C0003420FCC004C0059009F3E0FF7E10EF8E8F
:1052D000F0A4FFAEF0EF246AFDEE3421FC9009F358
:1052E000E0FF7E10EF8EF0A4FFAEF0EF2479FFEE2A
:1052F0003421FE90098EEEF0A3EFF09009F4120C29
:1053000029900990120C49900993E4F0A3740FF0CE
:10531000AB05AA04D005D004D007D0061231EA901C
:1053200009F7EFF09009F7E0FF229009F8EFF0900D
:1053300009F9120C499009F8E0FF7E00C3EF9404CC
:10534000EE64809480500E9009F9120C29AE02AFE1
:1053500001EF4E70037F02229009F8E0FF7E10EF0C
:105360008EF0A4FFAEF0EF246AFFEE3420FEC006FC
:10537000C0079009F8E0FF7E10EF8EF0A4FFAEF0BA
:10538000EF2479FDEE3420FCC004C0059009F8E05C
:10539000FF7E10EF8EF0A4FFAEF0EF246AFDEE3436
:1053A00021FC9009F8E0FF7E10EF8EF0A4FFAEF034
:1053B000EF2479FFEE3421FE900274EEF0A3EFF0BB
:1053C0009009F9120C29900276120C49900279E4A6
:1053D000F0A3740FF0AB05AA04D005D004D007D019
:1053E0000612340F9009FCEFF09009FCE0FF2290C8
:1053F00009FDEFF09009FE120C499009FDE0FF7ED7
:1054000000C3EF9404EE64809480500E9009FE1265
:105410000C29AE02AF01EF4E70037F02229009FD0E
:10542000E0FF7E04EF8EF0A4FFAEF0EF24AAFFEEC3
:105430003420FEC006C0079009FDE0FF7E04EF8E19
:10544000F0A4FFAEF0EF24ADFDEE3420FCC004C0AC
:10545000059009FDE0FF7E04EF8EF0A4FFAEF0EFB3
:1054600024AAFDEE3421FC9009FDE0FF7E04EF8EBE
:10547000F0A4FFAEF0EF24ADFFEE3421FE90098ED4
:10548000EEF0A3EFF09009FE120C29900990120C97
:1054900049900993E4F0A37403F0AB05AA04D00586
:1054A000D004D007D0061231EA900A01EFF0900A3A
:1054B00001E0FF22900A02EFF0900A03120C4990DB
:1054C0000A02E0FF7E00C3EF9404EE6480948050F3
:1054D0000E900A03120C29AE02AF01EF4E70037F4B
:1054E0000222900A02E0FF7E04EF8EF0A4FFAEF0ED
:1054F000EF24AAFFEE3420FEC006C007900A02E0A7
:10550000FF7E04EF8EF0A4FFAEF0EF24ADFDEE348D
:1055100020FCC004C005900A02E0FF7E04EF8EF07C
:10552000A4FFAEF0EF24AAFDEE3421FC900A02E0C5
:10553000FF7E04EF8EF0A4FFAEF0EF24ADFFEE345B
:1055400021FE900274EEF0A3EFF0900A03120C29F2
:10555000900276120C49900279E4F0A37403F0AB48
:1055600005AA04D005D004D007D00612340F900A43
:1055700006EFF0900A06E0FF22C0E0C083C082C0C0
:10558000D075D000C006C007AF847584003098562F
:10559000C298AE9990026CE064017026900269E0B6
:1055A000C39420748094805019E02449F582E43437
:1055B00001F583EEF0900269E004F0900148E4F018
:1055C000802490026CE0701E04F0900269E4F0E028
:1055D0002449F582E43401F583EEF0900269E00499
:1055E000F0900148E4F030993BC29990026DE0647C
:1055F00001703190026BE004F090026AE0FEA3E0DB
:10560000C39E500FE02469F582E43401F583E0F590
:10561000998011C28790026DE4F090026BF09002C5
:105620006AF0D2038F84D007D006D0D0D082D08346
:10563000D0E0329009EEEFF09009EF120C4990099A
:10564000EF120C29AE02AF01EF4E70037F022290E1
:1056500009EEE0FF7E08EF8EF0A4FFAEF0EF242607
:10566000FFEE3420FEC006C0079009EEE0FF7E0882
:10567000EF8EF0A4FFAEF0EF242DFDEE3420FCC041
:1056800004C0059009EEE0FF7E08EF8EF0A4FFAEA7
:10569000F0EF2426FDEE3421FC9009EEE0FF7E08B9
:1056A000EF8EF0A4FFAEF0EF242DFFEE3421FE903C
:1056B0000274EEF0A3EFF09009EF120C299002763D
:1056C000120C49900279E4F0A37407F0AB05AA0428
:1056D000D005D004D007D00612340F9009F2EFF0B5
:1056E0009009F2E0FF22E4900957F0A3F0FFEFC326
:1056F0009406748094805058EF75F00BA42411F533
:1057000082E43409F583E4F0A37432F0EF75F00B12
:10571000A4240EF582E43409F5837401F0EF75F0EA
:105720000BA42413F582E43409F583E4F0EF75F05B
:105730000BA42414F582E43409F583E4F0EF75F04A
:105740000BA42415F582E43409F583E4F00F809E60
:105750009009147432F090091FF07BFF7A7379532B
:1057600090090B120C497A737903900916120C49AF
:105770007A737913900921120C497A73792390096D
:105780002C120C497A737933900937120C497A73C9
:105790007943900942120C4922900011EFF0A312B4
:1057A0000C49900016E584F0E4F5841264E0900062
:1057B00015EFF06007A3E0F5847F01227FD0125F30
:1057C000C3900015EFF0600C1270C5900016E0F564
:1057D000847F0122900011E0FF126134900015EFE8
:1057E000F0600C1270C5900016E0F5847F01221263
:1057F0006534900015EFF0600C1270C5900016E053
:10580000F5847F01227FD1125FC3900015EFF06015
:105810000C1270C5900016E0F5847F0122900012F2
:10582000120C29E4FF125EC9900015EFF0600C1213
:1058300070C5900016E0F5847F01221270C59000BB
:1058400016E0F5847F0022C0E0C0F0C083C082C0B3
:10585000D075D000C000C001C002C003C004C005A4
:10586000C006C007AF84758400758CB8758A00C205
:105870008D8F84900A75120B45E47B01FAF9F812BA
:10588000093B900A75120BA21273A912019490029F
:105890006CE064017025900148E0C3940474809426
:1058A000805018E004F0E0C3940474809480400BAE
:1058B00090026C7402F0900148E4F0300517900AF1
:1058C00094E0D3940074809480400AE014F0E07077
:1058D00004D2B6C205D007D006D005D004D003D07C
:1058E00002D001D000D0D0D082D083D0F0D0E0322E
:1058F0009009D7EFF09009D8120C499009D8120CF2
:1059000029AE02AF01EF4E70037F02229009D7E06B
:10591000FF7E00C3EF9401EE6480948040129009F2
:10592000D7E0FF7E00D3EF9404EE648094804003C0
:105930007F05229009D7E0FFEF14FF9009DCEFF01C
:105940009009DCE0FF7E0CEF8EF0A4FFAEF0EF24B8
:10595000F4FFEE342CFE9009D8120C2990012DE4AE
:10596000F0A3740CF01247A09009DBEFF09009DB74
:10597000E0FF7E00EF64084E60069009DBE0FF2246
:105980009009D8120C2912083FFFAEF0EF4E7003B9
:105990007F09227F082290000F741FF090000112EF
:1059A00006E2FF7E00C3940174809480400AD3EF26
:1059B000940C7480948040037F01229000021206B0
:1059C000E2C394017480948050037F01229000010F
:1059D0001206E224FC602B24FE602724FD602324B1
:1059E000FE601F240970231206C9FF5403700BEFD9
:1059F000600890000F741DF0801690000F741CF06A
:105A0000800E90000F741EF0800690000F741FF03F
:105A10009000021206E2FF90000FE0FEEFD39E40DE
:105A2000037F01221206C9D39463748094804003DB
:105A30007F01227F002290000A120C49E94A70037C
:105A40007F02227D01E4FF12603F90000DEFF07BAA
:105A5000017A00790E7F0612579990000DEFF07BC6
:105A6000017A00790F7F0712579990000DEFF07BB4
:105A7000017A0079107F0812579990000DEFF0E439
:105A8000FDFF12603F90000DEFF0A3E0FEC4540F45
:105A900075F00AA4FDEE540F2DFE90000A120C2999
:105AA000900002EE12075490000FE0FEC4540F75F0
:105AB000F00AA4FDEE540F2D90000112075490003F
:105AC00010E0FEC4540F75F00AA4FDEE540F2D1221
:105AD00007422290000A120C49E94A70037F022211
:105AE0007D01E4FF12603F90000DEFF07B017A0032
:105AF000790E7F0212579990000DEFF07B017A002A
:105B0000790F7F0312579990000DEFF07B017A0017
:105B100079107F0412579990000DEFF0E4FDFF1209
:105B2000603F90000DEFF0A3E0FEC4540F75F00A43
:105B3000A4FDEE540F2DFE90000A120C29900002D5
:105B4000EE12075490000FE0FEC4540F75F00AA443
:105B5000FDEE540F2D900001120754900010E0FE4E
:105B6000C4540F75F00AA4FDEE540F2D1207422203
:105B70009005E0E0FEA3E0FDAC06C3945AEC940E61
:105B8000400DD3ED94FAEC940E5004E4FEFF22C3D2
:105B9000ED94B0EC940A400ED3ED9450EC940B507D
:105BA000057E007F0122C3ED9427EC9408400ED3BC
:105BB000ED94C7EC940850057E007F0222C3ED945B
:105BC0008EEC9406400ED3ED942EEC940750057E97
:105BD000007F0322C3ED9427EC9404400ED3ED9490
:105BE000C7EC940450057E007F0422C3ED94B0EC12
:105BF0009401400ED3ED9450EC940250057E007F4A
:105C000005227EFF7FFF22900057EFF0A3EDF0A367
:105C1000120C49E490005CF0A3120BAE00000000EF
:105C2000900058E0547F900061F0E94A601A9000BB
:105C300057E0FF7E00C3940174809480400AD3EF44
:105C400094047480948040037F0322900059120CC6
:105C500029120BDF00000000900057E0FFA3E0FDD9
:105C6000A3120C2912421290005CEFF060037F0136
:105C700022900059120C29120ADB900063120BA229
:105C8000900061E0900067F0900057E0FF124B2217
:105C900090005CEFF060037F04227F0022AB059050
:105CA0000045EFF0FAE490004BF0A3120BAE0000B9
:105CB0000000EB4480900050F0A37401F0A3120B9D
:105CC000AE00000000EAFF7E00C39401748094805F
:105CD000400AD3EF94047480948040037F0222AF83
:105CE00003AD07C005900047120B45900058120BFA
:105CF000A2900045E0FFD0051248E490004BEFF081
:105D000060037F0222900047120B45900063120B44
:105D1000A2900050E0900067F0900045E0FF124B29
:105D20002290004BEFF060037F04227F0022787FF7
:105D3000E4F6D8FD75812012010A025D78027153E4
:105D4000E493A3F8E493A34003F68001F208DFF4A0
:105D50008029E493A3F85407240CC8C333C4540F18
:105D60004420C8834004F456800146F6DFE4800BEB
:105D70000102040810204080902D05E47E0193600C
:105D8000BCA3FF543F30E509541FFEE493A3600118
:105D90000ECF54C025E060A840B8E493A3FAE49382
:105DA000A3F8E493A3C8C582C8CAC583CAF0A3C830
:105DB000C582C8CAC583CADFE9DEE780BE9000801D
:105DC000EFF0A3E584F0E4FDFCE94A70037F0222D2
:105DD000E4F584FCFDE59A548060160DED70010C2D
:105DE000D394C8EC940040ED900081E0F5847F01ED
:105DF00022E4FCFD20F9160DED70010CD394C8ECE3
:105E0000940040F0900081E0F5847F0122900080B2
:105E1000E0F59BE4FCFD20FF1D0DED70010CD3941B
:105E2000F4EC940140F0A2FFB3E43352F890008107
:105E3000E0F5847F0122E59B120742C2FF900081BA
:105E4000E0F5847F0022900A0CEFF0900A0D120C0E
:105E500049900A0D120C29AE02AF01EF4E70037F7C
:105E60000222900A0CE0FF7E00C3EF9464EE64808F
:105E7000948040037F0522900A0CE0FF7E0CEF8E99
:105E8000F0A4FFAEF0EF2444FFEE3428FE900A0D9C
:105E9000120C2990012DE4F0A3740CF01247A0908D
:105EA0000A10EFF0900A10E0FFEF6006900A10E091
:105EB000FF22900A0D120C2912083FFFAEF0EF4EA0
:105EC00060047F0880027F0922900134120C49AEE1
:105ED0000730040A900134120C29E94A70037F0547
:105EE00022EE6003D38001C392C2C2C37F107E271B
:105EF0007D007C001270A0EF6011900A927402F095
:105F00001270C5C204900A92E0FF22AFC1EF645044
:105F10006007AFC1EF6458700E900134120C29E590
:105F2000C21207427F0022AFC1EF64387008900AA6
:105F3000927403F08006900A927406F01270C5C243
:105F400004900A92E0FF22900975EFF0126F919091
:105F50000987EFF07E007F0C7D007B017A09797B59
:105F6000120E81900975E0FF7E0090097BEEF0A390
:105F7000EFF0900976120B4590097D120BA27B0180
:105F80007A09797B1240A0900987E0FF7E0CEF8EA2
:105F9000F0A4FFAEF0EF2444FFEE3428FE7B017A3C
:105FA00009797B900064E4F0A3740CF0124D3F90EB
:105FB000097AEFF07B017A09798712002E90097A2D
:105FC000E0FF22AB072004037F042220C311900AC4
:105FD000927406F01270C5C204900A92E0FF22AFDC
:105FE000038FC2C2C37F107E277D007C001270A089
:105FF000EF6011900A927402F01270C5C204900A08
:1060000092E0FF22AFC1EF24E0601324E860172480
:10601000F8600824F86007243070137F0022900A8B
:10602000927401F0800E900A927403F08006900A38
:10603000927404F01270C5C204900A92E0FF22909C
:106040000039EFF0A3EDF090003CE584F0E4F58436
:106050001264E090003BEFF06007A3E0F5847F015D
:10606000227FD0125FC390003BEFF0600C1270C52E
:1060700090003CE0F5847F0122900039E0FF12613E
:106080003490003BEFF0600C1270C590003CE0F5DE
:10609000847F012290003AE0FF12613490003BEFD0
:1060A000F0600C1270C590003CE0F5847F01221274
:1060B00070C590003CE0F5847F0022900A07EFF065
:1060C000900A08120C49900A08120C29AE02AF017E
:1060D000EF4E70037F0222900A07E0FF7E00C3EFBD
:1060E0009401EE648094804012900A07E0FF7E00E5
:1060F000D3EF9404EE6480948040037F0522900ADD
:1061000007E0FFEF14FF900A0BEFF0900A0BE0FF9F
:106110007E0CEF8EF0A4FFAEF0EF24F4FFEE342CF3
:10612000FE900A08120C29900064E4F0A3740CF0AD
:10613000124D3F22AB072004037F042220C311909D
:106140000A927406F01270C5C204900A92E0FF220F
:10615000AF038FC2C2C37F107E277D007C00127008
:10616000A0EF6011900A927402F01270C5C2049000
:106170000A92E0FF22AFC1EF64287002FF22AFC194
:10618000EF64307007900A9204F08015AFC1EF649D
:10619000387008900A927403F08006900A92740690
:1061A000F01270C5C204900A92E0FF22E49000044D
:1061B000F0A37403F01272DF900005E0FF14F0EF1B
:1061C000604C900004E0FEC0067F011217AED0E0E4
:1061D0004F900004F09007ABE0D394027480948059
:1061E0004013900004E0FEC0067F021217AED0E01C
:1061F0004F900004F0900004E0FEC0067F041217E8
:10620000AED0E04F900004F06004E4F080AA90006B
:1062100005E0D394007480948040037F00227F01C6
:1062200022C2AF7B017A0579D0C003C002C0017BD6
:10623000017A0979D1A801AC02AD03D001D002D016
:10624000037E007F031206817B017A0579D3C003A8
:10625000C002C0017B017A0979D4A801AC02AD0368
:10626000D001D002D0037E007F03120681D2AF7B23
:10627000017A0979D1C003C002C0017B017A097992
:10628000D49009BC120C49D001D002D003123A1D9F
:10629000221271F1900002120BA2900549120B61BB
:1062A000900002120B45120948900006120BA2E45E
:1062B0007F64FEFDFC900006120B61C3120AA4402D
:1062C0003E7B017A0579D0125A367B017A0579D363
:1062D000125AD3900002120B45900549120BA2905E
:1062E000053C7401F090053EE070047F0180027F60
:1062F0000090053EEFF0124A0B1201991201802224
:10630000900003120BA2900007E584F0E4F584C22C
:106310008E4398507F807E01FDFC900003120B613C
:10632000120956A804A905AA06AB077F007E807D46
:10633000517C011209E1EFF404FFF58D438920D26D
:106340008EC298C299E4F591D29CD2AC75840FC2EA
:1063500087900007E0F584E490026CF0900269F009
:10636000900148F090026DF090026AF0A3F0229044
:106370000999EEF0A3EFF090099BEDF07BFF7A7D99
:1063800079EEC003C002C0017B017A09799CA801A3
:10639000AC02AD03D001D002D0037E007F0D120607
:1063A0008190099BE0FF7E00EF64024E701290091D
:1063B00099E0FEA3E0FF126D53EF60047F1D801192
:1063C00090099BE0FF749C2FF582E43409F583E08B
:1063D000FF22900A79120C49E4900A7CF0E94A7095
:1063E000037F0122900A79120C297F13125799908A
:1063F0000A7CEFF0E0FEC006900A79120C29E9242D
:1064000001F9E43AFA7F14125799D0E04F900A7CD0
:10641000F0E0FEC006900A79120C29E92402F9E4A2
:106420003AFA7F15125799D0E04FFF900A7CF0227C
:10643000AE07E4900A8DF0E94A6017EEFD7C00C3D8
:10644000940174809480400AD3ED94047480948005
:1064500040037F0222120BDF00000000EEC3940312
:10646000748094805008900A8E742DF08006900AF3
:106470008E7416F0AF06900A8EE0FD124212900A5A
:106480008DEFF060037F01227F0022125B70AD0769
:10649000AC06200010E490090AF074FF900908F09F
:1064A000A3F0FEFF22900908E0B50420A3E0B505A3
:1064B0001BEDF47002ECF46013A3E004F0E0C3946D
:1064C00003748094804014AF05AE0422E490090A5E
:1064D000F0AF05900908ECF0A3EFF07EFF7FFF22FC
:1064E00012737850037F0422D204E4900A92F0D20F
:1064F000C5C2C37F107E27FDFC1270A0EF600A901A
:106500000A927402F0C204FF22AFC1EF6408601F58
:10651000AFC1EF643870047F0380027F01900A925C
:10652000EFF0C2C51270C5C204900A92E0FF22C209
:10653000C57F00222004037F0422D2C5C2C37F107E
:106540007E277D007C001270A0EF6011900A92748B
:1065500002F0C2041270C5900A92E0FF22AFC1EFB0
:106560006410601DAFC1EF643870047F0380027F48
:1065700004900A92EFF01270C5C204900A92E0FFF4
:1065800022C2C57F0022900A11120C49900A1112F2
:106590000C29AE02AF01EF4E603990098E7421F0E4
:1065A000A37408F0900A11120C29900990120C495A
:1065B000900993E4F0A37404F07B047A217D087CB5
:1065C000207F047E201231EA900A14EFF0900A1422
:1065D000E0FF227F0222900A15120C49900A151240
:1065E0000C29AE02AF01EF4E60399002747421F0B5
:1065F000A37408F0900A15120C29900276120C4927
:10660000900279E4F0A37404F07B047A217D087C85
:10661000207F047E2012340F900A18EFF0900A18A1
:10662000E0FF227F0222900A19120C49900A1912E7
:106630000C29AE02AF01EF4E603990098E7421F043
:10664000A3740EF0900A19120C29900990120C49AB
:10665000900993E4F0A37405F07B097A217D0E7C08
:10666000207F097E201231EA900A1CEFF0900A1C6C
:10667000E0FF227F0222900A1D120C49900A1D128F
:106680000C29AE02AF01EF4E60399002747421F014
:10669000A3740EF0900A1D120C29900276120C4978
:1066A000900279E4F0A37405F07B097A217D0E7CD9
:1066B000207F097E2012340F900A20EFF0900A20EC
:1066C000E0FF227F0222900A21120C49900A211237
:1066D0000C29AE02AF01EF4E603990098E7421F0A3
:1066E000A37414F0900A21120C29900990120C49FD
:1066F000900993E4F0A37405F07B0F7A217D147C5C
:10670000207F0F7E201231EA900A24EFF0900A24B5
:10671000E0FF227F0222900A25120C49900A2512DE
:106720000C29AE02AF01EF4E60399002747421F073
:10673000A37414F0900A25120C29900276120C49C9
:10674000900279E4F0A37405F07B0F7A217D147C2C
:10675000207F0F7E2012340F900A28EFF0900A2835
:10676000E0FF227F0222900A29120C49900A291286
:106770000C29AE02AF01EF4E603990098E7421F002
:10678000A37425F0900A29120C29900990120C4943
:10679000900993E4F0A37410F07B157A217D257C99
:1067A000207F157E201231EA900A2CEFF0900A2CFF
:1067B000E0FF227F0222900A2D120C49900A2D122E
:1067C0000C29AE02AF01EF4E60399002747421F0D3
:1067D000A37425F0900A2D120C29900276120C4910
:1067E000900279E4F0A37410F07B157A217D257C6A
:1067F000207F157E2012340F900A30EFF0900A307F
:10680000E0FF227F0222900A31120C49900A3112D5
:106810000C29AE02AF01EF4E603990098E7421F061
:10682000A3744BF0900A31120C29900990120C4974
:10683000900993E4F0A37405F07B467A217D4B7CAC
:10684000207F467E201231EA900A34EFF0900A341D
:10685000E0FF227F0222900A35120C49900A35127D
:106860000C29AE02AF01EF4E60399002747421F032
:10687000A3744BF0900A35120C29900276120C4941
:10688000900279E4F0A37405F07B467A217D4B7C7D
:10689000207F467E2012340F900A38EFF0900A389D
:1068A000E0FF227F0222900A39120C49900A391225
:1068B0000C29AE02AF01EF4E603990098E7421F0C1
:1068C000A3745CF0900A39120C29900990120C49BB
:1068D000900993E4F0A37410F07B4C7A217D5C7CEA
:1068E000207F4C7E201231EA900A3CEFF0900A3C67
:1068F000E0FF227F0222900A3D120C49900A3D12CD
:106900000C29AE02AF01EF4E60399002747421F091
:10691000A3745CF0900A3D120C29900276120C4987
:10692000900279E4F0A37410F07B4C7A217D5C7CBA
:10693000207F4C7E2012340F900A40EFF0900A40E6
:10694000E0FF227F0222900A41120C49900A411274
:106950000C29AE02AF01EF4E603990098E7421F020
:10696000A37463F0900A41120C29900990120C490B
:10697000900993E4F0A37406F07B5D7A217D637C3B
:10698000207F5D7E201231EA900A44EFF0900A44A5
:10699000E0FF227F0222900A45120C49900A45121C
:1069A0000C29AE02AF01EF4E60399002747421F0F1
:1069B000A37463F0900A45120C29900276120C49D8
:1069C000900279E4F0A37406F07B5D7A217D637C0C
:1069D000207F5D7E2012340F900A48EFF0900A4825
:1069E000E0FF227F0222900A49120C49900A4912C4
:1069F0000C29AE02AF01EF4E603990098E7421F080
:106A0000A37465F0900A49120C29900990120C4960
:106A1000900993E4F0A37401F07B647A217D657C96
:106A2000207F647E201231EA900A4CEFF0900A4CED
:106A3000E0FF227F0222900A4D120C49900A4D126B
:106A40000C29AE02AF01EF4E60399002747421F050
:106A5000A37465F0900A4D120C29900276120C492D
:106A6000900279E4F0A37401F07B647A217D657C67
:106A7000207F647E2012340F900A50EFF0900A506D
:106A8000E0FF227F0222900A51120C49900A511213
:106A90000C29AE02AF01EF4E603990098E7421F0DF
:106AA000A37467F0900A51120C29900990120C49B6
:106AB000900993E4F0A37401F07B667A217D677CF2
:106AC000207F667E201231EA900A54EFF0900A543B
:106AD000E0FF227F0222900A55120C49900A5512BB
:106AE0000C29AE02AF01EF4E60399002747421F0B0
:106AF000A37467F0900A55120C29900276120C4983
:106B0000900279E4F0A37401F07B667A217D677CC2
:106B1000207F667E2012340F900A58EFF0900A58BA
:106B2000E0FF227F0222900A59120C49900A591262
:106B30000C29AE02AF01EF4E603990098E7421F03E
:106B4000A37469F0900A59120C29900990120C490B
:106B5000900993E4F0A37401F07B687A217D697C4D
:106B6000207F687E201231EA900A5CEFF0900A5C88
:106B7000E0FF227F0222900A5D120C49900A5D120A
:106B80000C29AE02AF01EF4E60399002747421F00F
:106B9000A37469F0900A5D120C29900276120C49D8
:106BA000900279E4F0A37401F07B687A217D697C1E
:106BB000207F687E2012340F900A60EFF0900A6008
:106BC000E0FF227F0222900A61120C49900A6112B2
:106BD0000C29AE02AF01EF4E603990098E7421F09E
:106BE000A374BCF0900A61120C29900990120C4910
:106BF000900993E4F0A37402F07BBA7A217DBC7C07
:106C0000207FBA7E201231EA900A64EFF0900A6485
:106C1000E0FF227F0222900A65120C49900A651259
:106C20000C29AE02AF01EF4E60399002747421F06E
:106C3000A374BCF0900A65120C29900276120C49DC
:106C4000900279E4F0A37402F07BBA7A217DBC7CD7
:106C5000207FBA7E2012340F900A68EFF0900A6805
:106C6000E0FF227F0222900A69120C49900A691201
:106C70000C29AE02AF01EF4E603990098E7421F0FD
:106C8000A374C3F0900A69120C29900990120C4960
:106C9000900993E4F0A37406F07BBD7A217DC37C58
:106CA000207FBD7E201231EA900A6CEFF0900A6CD2
:106CB000E0FF227F0222900A6D120C49900A6D12A9
:106CC0000C29AE02AF01EF4E60399002747421F0CE
:106CD000A374C3F0900A6D120C29900276120C492D
:106CE000900279E4F0A37406F07BBD7A217DC37C29
:106CF000207FBD7E2012340F900A70EFF0900A7052
:106D0000E0FF227F0222AE07AD8490026DE06401B5
:106D1000600BEE6008D39400E4940140037F0122ED
:106D2000E4F584C2AF90026AEEF0E4A3F090026D45
:106D300004F0C203D2AFD2870000000090026BE0E3
:106D40002469F582E43401F583E0F599AF058F8479
:106D50007F0022900A89EEF0A3EFF0900A89E0FE0E
:106D6000A3E0FF7E00EF5403FFEF4E7013900A89FB
:106D7000E0FEA3E0FF7C007D64120788ED4C7013F9
:106D8000900A89E0FEA3E0FF7C017D90120788ED68
:106D90004C70047F0180027F0022900A86120C4909
:106DA000AF84ED6039900A86120C29E94A602FE41D
:106DB000F584D28700000000FEEEC39D5018900AB3
:106DC00086120C298E827583001206E2F59930999D
:106DD000FDC2990E80E300000000C2878F8422C2AA
:106DE000D5E830E70FB2D5E4C39BFBE49AFAE49907
:106DF000F9E498F8EC30E717B2D5126E151209E1F4
:106E0000E4C39BFBE49AFAE499F9E498F88003124E
:106E100009E130D50DE4C39FFFE49EFEE49DFDE44F
:106E20009CFC22AA07C3EF9406748094805035AF6F
:106E300005EA75F00BA42411F582E43409F583EC1E
:106E4000F0A3EFF0EA75F00BA42414F582E4340902
:106E5000F583EBF0EA75F00BA42415F582E4340910
:106E6000F583E4F022AF8475840F43A49575A5F7EC
:106E700075A6FF75A7FF759CC0759DFF759EFF7574
:106E80009FFF75E107E4F5E275E3404380087590E4
:106E900008F5A075B0FF75C83FF5D8F5E8F5F8C25C
:106EA000B58F8422E4900A93F0E94A70037F0122AF
:106EB0007D017F1312603F900A93EFF0E0FEC00661
:106EC0007D177F1412603FD0E04F900A93F0E0FEF0
:106ED000C0067D017F1512603FD0E04FFF900A93FE
:106EE000F022C0E0C0F0C083C082C0D075D000C026
:106EF00000C001C002C003C004C005C006C007C274
:106F0000CF127196D007D006D005D004D003D0029E
:106F1000D001D000D0D0D082D083D0F0D0E0329059
:106F20000A7D120C49900A7D120C291206C9FFEF46
:106F300004FFEF75F06484AFF0900A7D120C29EF26
:106F4000120742900A7D120C29900064E4F0A374A9
:106F500001F07F037E20124D3F22900A8FE4F07BE8
:106F6000017A0A798F90012DE4F0A37401F07F0378
:106F70007E201247A0900A8FE0FF7E00C3EF94644A
:106F8000EE6480948040047F008005900A8FE0FFCB
:106F900022900A90E4F07B017A0A799090012DE426
:106FA000F0A37401F07F027E201247A0900A90E0C7
:106FB000FF7E00C3EF9464EE6480948040047F0001
:106FC0008005900A90E0FF221206C9D394177480BE
:106FD000948040037F01229000011206E2D3943B8B
:106FE0007480948040037F01229000021206E2D355
:106FF000943B7480948040037F01227F002290099B
:1070000058E0FF900957E0FEB507037F0022744D5A
:107010002EF582E43409F583E0FF900957E004F08F
:10702000C3940A748094804002E4F022E4FDFCC31F
:10703000ED9FEC9E501D00000000000000000000CD
:107040000000000000000000000000000DED7001D5
:107050000C80DC22900006EEF0A3EFF0E4FBFAD304
:10706000900007E09B900006E09A400E7FE87E03C8
:1070700012702C0BEB70010A80E522900A80120C32
:1070800049900A80120C291206C96013900A80E404
:1070900075F001120C321206C9FF1272F280E22260
:1070A000900137120BA220C31390013774FF120B0B
:1070B0006FE4FBFAF9F8C3120AA440EA20C3037F85
:1070C00002227F0022300421D2C4C2C390013712B1
:1070D0000BAE0000271030C40E90013774FF120B66
:1070E0006FEC4D4E4F70EFC20422900A83120C4990
:1070F000E4FCECC39D5015900A83120C298C827518
:1071000083001206E2FF1272F20C80E622AF84E4E2
:10711000F584759A60F5F87E36EED394FF7480940A
:107120008040027EFF8E9DC2FBC2FAD2F88F84227D
:10713000EF600E7D087F0B12603F900038EFF0800B
:107140000CE4FD7F0B12603F900038EFF0900038A8
:10715000E0FF221246521262917F0112720E123823
:1071600026E4FF12720E12018F1201491201D5128C
:10717000739580E222900958E0244DF582E43409A9
:10718000F583EFF0900958E004F0C3940A748094FA
:10719000804002E4F022E4900143F0900143E0FFDC
:1071A000C3940674809480500B124383900143E093
:1071B00004F080E722AF84758401E4F5C8F5C97551
:1071C000CBB8F5CA75CDB8F5CCC2CF43E701D2CA6A
:1071D0008F8422EFC39406748094805011EF75F071
:1071E0000BA42413F582E43409F583E0FF227F0029
:1071F00022AB84C2AF900A75120B4590005F120B50
:10720000A2D2AFAF038F8490005F120B4522AE84F1
:1072100075840FEF600AD297E4F5A675A0FF80058C
:10722000C29775A6FFAF068F842212000E12736DEF
:10723000126E6512710D12726212727D1272C91293
:10724000724612738322AF84E4F584F5C8F5C9F55C
:10725000CA75CBB8F5CC75CDB8C2CFD2ADD2CA8F76
:107260008422AF84E4F584F5BAF5BB75D10375BC0F
:107270002875E88C43E70243F7028F8422AF84E449
:10728000F58475CFE4F5C0D2C1C2C0D2C2D2C6C2A5
:1072900004900A92F08F8422AE07EED3941E74807D
:1072A000948040037F0222EE4480FFFD7F0A12603B
:1072B0003F22AF84E4F584C2C6D2C6C2C7C2C5C2EB
:1072C000C4D2C2C2048F84FF22AF84E4F584438910
:1072D00001F58E758CB8F58AD2A9D28C8F8422C222
:1072E000B07F027E00127054D2B07F057E00127013
:1072F0005422AE84E4F5848F993099FDC299AF068B
:107300008F842212648BEF64014E70047F0180022F
:107310007F002212648BEF64024E70047F018002B2
:107320007F002212648BEF64034E70047F018002A1
:107330007F002212648BEF64044E70047F01800290
:107340007F002212648BEF64054E70047F0180027F
:107350007F002212648BEF4E70047F0180027F0059
:1073600022EF240A83900100730A1B2C3DAF84E4B2
:10737000F58475EF028F842220C703300403D38085
:1073800001C322C2AF75FFDE75FFAD22900958E040
:10739000900957F0227D0A7F0912603F22EC30E706
:1073A00003120A802275FFFF2275FFA5221256E6FE
:1073B00022C2CF3243310043320043330043340012
:1073C000780020002F003A00CDB600C7D000202062
:1073D0002000202000CAB1BCE400CAD6B6AF00B578
:1073E000F7CAD400D7D4B6AF00D6F7B2CBB5A50054
:1073F000CFB5CDB3C9E8D6C300B2CECAFDC9E8D671
:10740000C300B5F7CAD4CDB6C7D000B2C9D1F9D040
:10741000A3D7BC00CAC2BCFEBCC7C2BC00CAFDBE6A
:10742000DDCDB3BCC600CFB5CDB3B2CECAFD00B57D
:10743000E7C8DDB2CECAFD00BFD8D6C6B2CECAFDFF
:1074400000B1A3BBA4B2CECAFD00CDA8D1B6B2CEC6
:10745000CAFD00CDB3BCC6B2CECAFD00B1A3BBA469
:10746000BFDAC1EE00C8D5C6DAC9E8D6C300CAB1D2
:10747000BCE4C9E8D6C300B1A8BEAFC9E8D6C30012
:10748000B6D4B1C8B6C8C9E8D6C3002D006D696EC0
:1074900000B9D8B1D500B3A3BFAA00B5F7CAD4CDFF
:1074A000B6B5E7C8DD00B4F2BFAA00BCFD00C8D580
:1074B000CDB6B4CECAFD3A00D4C2CDB6B4CECAFD64
:1074C0003A00C8D5C7D0B4CECAFD3A00D4C2C7D09E
:1074D000B4CECAFD3A00B4CE00CFB5CDB3505400FF
:1074E000CFB5CDB3435400D2BBC2B7435400B6FEB0
:1074F000C2B7435400C8FDC2B7435400CBC4C2B79F
:10750000435400B1A3B4E600CDCBB3F60023004151
:1075100000CDB6C8EB004B56617200B5E7D1B9C9D2
:10752000CFCFDE00CDB6C7D0B7BDB0B800B5E7D17C
:10753000B9CFC2CFDE00CDB6C7D0CFB5CAFD0043AC
:107540004F537DC9CFCFDE00CDB6C8EBD1D3CAB182
:1075500000434F537DCFC2CFDE00C7D0B3FDD1D3A0
:10756000CAB100CFDECDB6B4CECAFD00C1ACB6AF55
:10757000BCE4B8F400B2EEC8DD00D7E9BACF00C26F
:10758000CBB2A800B5C8C8DD004B56002B00730075
:10759000302E002FC8D500CFB5CDB3C7B7D1B9B104
:1075A000A3BBA400C7B7D1B9CDB6CDCB00C7B7D167
:1075B000B9B5E7D1B900C7B7D1B9CAB1BCE400CFFA
:1075C000B5CDB3B9FDD1B9B1A3BBA42000B9FDD1EC
:1075D000B9CDB6CDCB00B9FDD1B9B5E7D1B900B9B8
:1075E000FDD1B9CAB1BCE42000D2BBC2B7B5E7C86F
:1075F000DDB1A3BBA400B6FEC2B7B5E7C8DDB1A339
:10760000BBA400C8FDC2B7B5E7C8DDB1A3BBA400E9
:10761000CBC4C2B7B5E7C8DDB1A3BBA400B9FDC1F7
:10762000F7CDB6CDCB00B9FDC1F7B5E7C1F700B9CD
:10763000FDC1F7CAB1BCE400CBD9B6CFCDB6CDCB36
:1076400000CBD9B6CFB5E7C1F700CBD9B6CFCAB119
:10765000BCE400C1E3D0F2CDB6CDCB00C1E3D0F2A3
:10766000B5E7D1B900C1E3D0F2CAB1BCE40056001D
:10767000CDA8D1B6B5D8D6B700B2A8CCD8C2CAD694
:10768000B500CDA8D1B6B9E6D4BC0048004D6F64B2
:107690006275730000000000FF73E9FF73F0FF7371
:1076A000F9FF7402FF740BFF7414FF741DFF73F96C
:1076B000FF7426FF742FFF7438FF7441FF744AFF74
:1076C0007453FF73F0FF745CFF7465FF746EFF7496
:1076D00077FF7480FF749BFF7402FF7491FF74A6A0
:1076E000FF741DFF74AEFF74B8FF74C2FF74CCFF4B
:1076F00074D6FF7426FF74D9FF74E0FF74E7FF743B
:10770000EEFF74F5FF74FCFF7503FF7508FF742F1F
:10771000FF73B4FF73B7FF73BAFF73BDFF7503FF49
:107720007508FF7511FF7508FF7438FF751BFF752D
:1077300024FF752DFF7536FF753FFF7548FF7551A6
:10774000FF755AFF7563FF756CFF7575FF757AFFDE
:10775000757FFF7584FF7503FF7508FF7597FF75CB
:10776000A4FF75ADFF75B6FF7503FF7508FF7511B2
:10777000FF75BFFF75CDFF75D6FF75DFFF75E9FF9C
:1077800075F6FF7603FF7610FF7511FF7508FF751C
:1077900003FF761DFF7626FF762FFF7638FF7641B2
:1077A000FF764AFF7653FF765CFF7665FF744AFFEB
:1077B0007670FF7679FF7682FF7503FF7508B1A3B7
:1077C000BBA4BFDAC1EE3A00B2FAC6B7D0CDBAC593
:1077D0000043312000433220004333200043342053
:1077E0000043503100435032004350330043503483
:1077F000003A00B2C9D1F9D0A3D7BC00C1E3C6AFEB
:10780000D0A3D7BC3A00D4F6D2E6D0A3D7BC3A0076
:10781000CDA3D6B920202000C6F4B6AF202020008A
:10782000B3C9B9A620202000B9CAD5CF003149611B
:10783000003149630031556F0032496100324963BC
:107840000032556F00334961003349630033556F8F
:1078500000344961003449630034556F00552000FD
:10786000492000B1A3B4E620202000B1A3BBA4B2FC
:10787000CECAFD00CFB5CDB3B9FDD1B9B1A3BBA47C
:1078800000CFB5CDB3C7B7D1B9B1A3BBA400D2BBAC
:10789000C2B7B5E7C8DDB1A3BBA400B6FEC2B7B599
:1078A000E7C8DDB1A3BBA400C8FDC2B7B5E7C8DD1A
:1078B000B1A3BBA400CBC4C2B7B5E7C8DDB1A3BBBD
:1078C000A400C8B7B6A8BDE2B3FDCBF9D3D0B9CAFE
:1078D000D5CF3A00CAC700B7F100B0E6B1BE3A0052
:1078E0002D00C4ACC8CF0020202020202020202044
:1078F00020202000D2BBC2B7B9FDC1F7B1A3BBA401
:1079000000B6FEC2B7B9FDC1F7B1A3BBA400C8FD64
:10791000C2B7B9FDC1F7B1A3BBA400CBC4C2B7B90C
:10792000FDC1F7B1A3BBA400D2BBC2B7CBD9B6CFC0
:10793000B1A3BBA400B6FEC2B7CBD9B6CFB1A3BB2F
:10794000A400C8FDC2B7CBD9B6CFB1A3BBA400CBAE
:10795000C4C2B7CBD9B6CFB1A3BBA400D2BBC2B708
:10796000C1E3D0F2B1A3BBA400B6FEC2B7C1E3D05D
:10797000F2B1A3BBA400C8FDC2B7C1E3D0F2B1A36A
:10798000BBA400CBC4C2B7C1E3D0F2B1A3BBA40077
:10799000D2BBC2B7BEDCCDB62020202000B6FEC2CE
:1079A000B7BEDCCDB62020202000C8FDC2B7BEDCAB
:1079B000CDB62020202000CBC4C2B7BEDCCDB6207F
:1079C00020202000D2BBC2B7BEDCC7D020202020A0
:1079D00000B6FEC2B7BEDCC7D02020202000C8FD04
:1079E000C2B7BEDCC7D02020202000CBC4C2B7BEA7
:1079F000DCC7D02020202000D2BBC2B7CDE2B2BF6E
:107A0000B9CAD5CF00B6FEC2B7CDE2B2BFB9CAD5AA
:107A1000CF00C8FDC2B7CDE2B2BFB9CAD5CF00CB47
:107A2000C4C2B7CDE2B2BFB9CAD5CF00C7B0B6CED7
:107A3000D7DCD5A2B6CFB5E700D2BBC2B7CDB6C8AA
:107A4000EB2020202000B6FEC2B7CDB6C8EB202028
:107A5000202000C8FDC2B7CDB6C8EB2020202000F2
:107A6000CBC4C2B7CDB6C8EB2020202000D2BBC209
:107A7000B7C7D0B3FD2020202000B6FEC2B7C7D0C4
:107A8000B3FD2020202000C8FDC2B7C7D0B3FD2021
:107A900020202000CBC4C2B7C7D0B3FD20202020B7
:107AA000002F00202020202020202000CAC2BCFE61
:107AB000BCC7C2BC00BCC7C2BCD0F2BAC53A00CA7F
:107AC000C2BCFEC4DAC8DD3A00B9CAD5CFB5E7C139
:107AD000F73A00B9CAD5CFB5E7D1B93A0049612024
:107AE0000049632000410056004B5600FF77C8FF55
:107AF00077D1FF77D5FF77D9FF77DDFF77E1FF7784
:107B0000E5FF77E9FF77ED000000FF786BFF787401
:107B1000FF7881FF788EFF789BFF78A8FF78B5000B
:107B2000000000C1814001C0804101C0804100C10E
:107B3000814001C0804100C1814000C1814001C03D
:107B4000804101C0804100C1814000C1814001C02D
:107B5000804100C1814001C0804101C0804100C11D
:107B6000814001C0804100C1814000C1814001C00D
:107B7000804100C1814001C0804101C0804100C1FD
:107B8000814000C1814001C0804101C0804100C1ED
:107B9000814001C0804100C1814000C1814001C0DD
:107BA000804101C0804100C1814000C1814001C0CD
:107BB000804100C1814001C0804101C0804100C1BD
:107BC000814000C1814001C0804101C0804100C1AD
:107BD000814001C0804100C1814000C1814001C09D
:107BE000804100C1814001C0804101C0804100C18D
:107BF000814001C0804100C1814000C1814001C07D
:107C0000804101C0804100C1814000C1814001C06C
:107C1000804100C1814001C0804101C0804100C15C
:107C2000814000C0C101C30302C2C60607C705C523
:107C3000C404CC0C0DCD0FCFCE0E0ACACB0BC90994
:107C400008C8D81819D91BDBDA1A1EDEDF1FDD1DA4
:107C50001CDC14D4D515D71716D6D21213D311D1D4
:107C6000D010F03031F133F3F23236F6F737F53524
:107C700034F43CFCFD3DFF3F3EFEFA3A3BFB39F954
:107C8000F83828E8E929EB2B2AEAEE2E2FEF2DED24
:107C9000EC2CE42425E527E7E62622E2E323E12194
:107CA00020E0A06061A163A3A26266A6A767A565A4
:107CB00064A46CACAD6DAF6F6EAEAA6A6BAB69A914
:107CC000A86878B8B979BB7B7ABABE7E7FBF7DBD24
:107CD000BC7CB47475B577B7B67672B2B373B17154
:107CE00070B0509091519353529296565797559524
:107CF00094549C5C5D9D5F9F9E5E5A9A9B5B9959D4
:107D00005898884849894B8B8A4A4E8E8F4F8D4DA3
:107D10004C8C448485458747468682424383418113
:107D20008040000000000000000000000000000093
:107D30000000000000000000000000000000000043
:107D40000000000000000000000000000000000033
:107D50000000000000000000000000000000000023
:107D60000000000000000000000000000000000013
:107D70000000000000000000000000000000000003
:107D800000000000000000000000000000000000F3
:107D900000000000000000000000000000000000E3
:107DA00000000000000000000000000000000000D3
:107DB00000000000000000000000000000000000C3
:107DC00000000000000000000000000000000000B3
:107DD00000000000000000000000000000000000A3
:107DE0000000000000000000000000000000001F74
:107DF0001C1F1E1F1E1F1F1E1F1E1F000000000035
:0A7E00000000000000000000000078
:1080000090001B120BA2E4FFFEC3EF9410EE6480FD
:1080100094805015900020120C298F828E83E412D8
:1080200007540FEF70010E80E0E4900023F0A3F0FE
:10803000A3F090002AF0A3120BAE00000000900005
:108040001FE0FF6401600AEF64026005EF640570E1
:1080500028E4FFFEFDFC90001B120B61C3120A8E88
:1080600050179000257401F090001B120B45120A66
:1080700080900026120BA2800C90001B120B4590E2
:108080000026120BA290001FE0FF64016008EF645D
:10809000026003028137E4900033F0A3F0A3F09074
:1080A000002AF0A3120BAE00000000E47F107E2730
:1080B000FDFC900026120B61C3120AA440669000DA
:1080C0002A7401F0900026120B4590002B120BA28F
:1080D0007F007ECA7D9A7C3B900026120B61D312F2
:1080E0000AA440089000337401F080577F007EE1BD
:1080F0007DF57C05900026120B61D3120AA440087E
:108100009000357401F0803B7F807E967D987C00E6
:10811000900026120B61D3120AA4402790003474F9
:1081200001F0801FE490002AF0900026120B459089
:10813000002B120BA2800C900026120B4590002BF6
:10814000120BA290001FE024FE70030287B8147087
:1081500003028D6B147003028ECA1470030292ED39
:108160002404600302945C900020120C29900023E8
:10817000E475F00112082985F082F5837451120725
:1081800054900023E475F00112082985F082F583EC
:10819000743D120754900025E0640170047F2D8027
:1081A000027F20900020120C29900023E475F0013A
:1081B00012082985F082F583EF120754900033E00E
:1081C0007003028294900020120C29900023E47521
:1081D000F00112082985F082F58374391207549052
:1081E0000023E475F00112082985F082F5837439C3
:1081F000120754900023E475F00112082985F082DB
:10820000F5837439120754900023E475F0011208C5
:108210002985F082F5837439120754900023E475A0
:10822000F00112082985F082F583744D12075490ED
:108230000023E475F00112082985F082F583745655
:10824000120754900023E475F00112082985F0828A
:10825000F5837461120754900023E475F00112084D
:108260002985F082F5837472120754900023E47517
:10827000F00112082985F082F583742012075490CA
:108280000023E475F00112082985F082F58374203B
:1082900012075422900034E070030283F190002B07
:1082A000120B457B807A96799878001209E1E47B7D
:1082B0000AFAF9F81209E1EB2430FF900020120CC1
:1082C00029900023E475F00112082985F082F583D6
:1082D000EF12075490002B120B457B407A42790F26
:1082E00078001209E1E47B0AFAF9F81209E1EB24BB
:1082F00030FF900020120C29900023E475F0011249
:10830000082985F082F583EF12075490002B120B99
:10831000457BA07A86790178001209E1E47B0AFAAC
:10832000F9F81209E1EB2430FF900020120C29909B
:108330000023E475F00112082985F082F583EF121D
:108340000754900023E475F00112082985F082F5A6
:1083500083742E12075490002B120B45E47B107A85
:1083600027F9F81209E1E47B0AFAF9F81209E1EBBE
:108370002430FF900020120C29900023E475F001B6
:1083800012082985F082F583EF120754900023E448
:1083900075F00112082985F082F5837420120754C4
:1083A000900023E475F00112082985F082F58374AA
:1083B0004D120754900023E475F00112082985F04E
:1083C00082F5837456120754900023E475F001126D
:1083D000082985F082F5837461120754900023E424
:1083E00075F00112082985F082F583747212075422
:1083F00022900035E0700302854F90002B120B4550
:108400007B007AE179F578051209E1E47B0AFAF953
:10841000F81209E1EB2430FF900020120C299000A3
:1084200023E475F00112082985F082F583EF120725
:108430005490002B120B457B807A96799878001225
:1084400009E1E47B0AFAF9F81209E1EB2430FF9024
:108450000020120C29900023E475F00112082985F0
:10846000F082F583EF12075490002B120B457B40EE
:108470007A42790F78001209E1E47B0AFAF9F812DE
:1084800009E1EB2430FF900020120C29900023E436
:1084900075F00112082985F082F583EF12075490D8
:1084A000002B120B457BA07A86790178001209E136
:1084B000E47B0AFAF9F81209E1EB2430FF9000207E
:1084C000120C29900023E475F00112082985F0822E
:1084D000F583EF120754900023E475F00112082988
:1084E00085F082F5837420120754900023E475F020
:1084F0000112082985F082F5837420120754900038
:1085000023E475F00112082985F082F583744D1279
:108510000754900023E475F00112082985F082F5D4
:10852000837456120754900023E475F00112082951
:1085300085F082F5837461120754900023E475F08E
:108540000112082985F082F5837472120754229073
:10855000002AE0700302866DA3120B457BA07A8689
:10856000790178001209E1E47B0AFAF9F81209E1CD
:10857000EB2430FF900020120C29900023E475F0CA
:108580000112082985F082F583EF12075490002B21
:10859000120B45E47B107A27F9F81209E1E47B0A13
:1085A000FAF9F81209E1EB2430FF900020120C29AF
:1085B000900023E475F00112082985F082F583EF1D
:1085C000120754900023E475F00112082985F08207
:1085D000F583742E12075490002B120B45E47BE8B0
:1085E0007A03F9F81209E1E47B0AFAF9F81209E1D1
:1085F000EB2430FF900020120C29900023E475F04A
:108600000112082985F082F583EF12075490002BA0
:10861000120B45E47B64FAF9F81209E1E47B0AFAEB
:10862000F9F81209E1EB2430FF900020120C299098
:108630000023E475F00112082985F082F583EF121A
:108640000754900023E475F00112082985F082F5A3
:10865000837420120754900023E475F00112082956
:1086600085F082F583744D12075402877590002BB4
:10867000120B45E47BE87A03F9F81209E1E47B0A7E
:10868000FAF9F81209E1EB2430FF900020120C29CE
:10869000900023E475F00112082985F082F583EF3C
:1086A00012075490002B120B45E47B64FAF9F81280
:1086B00009E1E47B0AFAF9F81209E1EB2430FF90B2
:1086C0000020120C29900023E475F001120829857E
:1086D000F082F583EF120754900023E475F0011245
:1086E000082985F082F583742E12075490002B120E
:1086F0000B45E47B0AFAF9F81209E1E47B0AFAF97E
:10870000F81209E1EB2430FF900020120C299000B0
:1087100023E475F00112082985F082F583EF120732
:108720005490002B120B45E47B0AFAF9F81209E188
:10873000EB2430FF900020120C29900023E475F008
:108740000112082985F082F583EF12075490002367
:10875000E475F00112082985F082F5837420120770
:1087600054900023E475F00112082985F082F58306
:10877000744B120754900020120C29900023E475CA
:10878000F00112082985F082F5837456120754907F
:108790000023E475F00112082985F082F5837461E5
:1087A000120754900023E475F00112082985F08225
:1087B000F583747212075422900020120C29900045
:1087C00023E475F00112082985F082F583745012B4
:1087D0000754900023E475F00112082985F082F512
:1087E00083743D120754900025E0640170047F2DCE
:1087F00080027F20900020120C29900023E475F065
:108800000112082985F082F583EF12075490003396
:10881000E070030288BD900020120C29900023E430
:1088200075F00112082985F082F583743912075416
:10883000900023E475F00112082985F082F5837415
:1088400039120754900023E475F00112082985F0CD
:1088500082F5837439120754900023E475F00112F5
:10886000082985F082F5837439120754900023E4B7
:1088700075F00112082985F082F583744D120754B2
:10888000900023E475F00112082985F082F58374C5
:1088900057120754900023E475F00112082985F05F
:1088A00082F5837420120754900023E475F00112BE
:1088B000082985F082F58374201207542290003431
:1088C000E070030289F290002B120B457B807A96B0
:1088D000799878001209E1E47B0AFAF9F81209E1C3
:1088E000EB2430FF900020120C29900023E475F057
:1088F0000112082985F082F583EF12075490002BAE
:10890000120B457B407A42790F78001209E1E47B33
:108910000AFAF9F81209E1EB2430FF900020120C5A
:1089200029900023E475F00112082985F082F5836F
:10893000EF12075490002B120B457BA07A86790129
:1089400078001209E1E47B0AFAF9F81209E1EB2454
:1089500030FF900020120C29900023E475F00112E2
:10896000082985F082F583EF120754900023E475FF
:10897000F00112082985F082F583742E12075490B5
:10898000002B120B45E47B107A27F9F81209E1E479
:108990007B0AFAF9F81209E1EB2430FF900020126B
:1089A0000C29900023E475F00112082985F082F566
:1089B00083EF120754900023E475F0011208298513
:1089C000F082F5837420120754900023E475F001BF
:1089D00012082985F082F583744D12075490002304
:1089E000E475F00112082985F082F58374571207A7
:1089F0005422900035E07003028B2890002B120B5C
:108A0000457B007AE179F578051209E1E47B0AFA01
:108A1000F9F81209E1EB2430FF900020120C2990A4
:108A20000023E475F00112082985F082F583EF1226
:108A3000075490002B120B457B807A96799878002A
:108A40001209E1E47B0AFAF9F81209E1EB2430FF9C
:108A5000900020120C29900023E475F001120829DF
:108A600085F082F583EF12075490002B120B457BA3
:108A7000407A42790F78001209E1E47B0AFAF9F8AA
:108A80001209E1EB2430FF900020120C2990002302
:108A9000E475F00112082985F082F583EF1207547E
:108AA00090002B120B457BA07A8679017800120981
:108AB000E1E47B0AFAF9F81209E1EB2430FF9000B7
:108AC00020120C29900023E475F00112082985F08A
:108AD00082F583EF120754900023E475F001120829
:108AE0002985F082F5837420120754900023E475E1
:108AF000F00112082985F082F58374201207549042
:108B00000023E475F00112082985F082F583744D85
:108B1000120754900023E475F00112082985F082B1
:108B2000F58374571207542290002AE07003028CD8
:108B300048A3120B457B407A42790F78001209E175
:108B4000E47B0AFAF9F81209E1EB2430FF900020E7
:108B5000120C29900023E475F00112082985F08297
:108B6000F583EF12075490002B120B457BA07A86F9
:108B7000790178001209E1E47B0AFAF9F81209E1B7
:108B8000EB2430FF900020120C29900023E475F0B4
:108B90000112082985F082F583EF12075490002313
:108BA000E475F00112082985F082F583742E12070E
:108BB0005490002B120B45E47B107A27F9F8120928
:108BC000E1E47B0AFAF9F81209E1EB2430FF9000A6
:108BD00020120C29900023E475F00112082985F079
:108BE00082F583EF12075490002B120B45E47BE8CB
:108BF0007A03F9F81209E1E47B0AFAF9F81209E1BB
:108C0000EB2430FF900020120C29900023E475F033
:108C10000112082985F082F583EF12075490002392
:108C2000E475F00112082985F082F583742012079B
:108C300054900023E475F00112082985F082F58331
:108C4000744D120754028D5090002B120B45E47B9B
:108C5000E87A03F9F81209E1E47B0AFAF9F8120953
:108C6000E1EB2430FF900020120C29900023E475E2
:108C7000F00112082985F082F583EF120754900065
:108C80002B120B45E47B64FAF9F81209E1E47B0A44
:108C9000FAF9F81209E1EB2430FF900020120C29B8
:108CA000900023E475F00112082985F082F583EF26
:108CB000120754900023E475F00112082985F08210
:108CC000F583742E12075490002B120B45E47B0A97
:108CD000FAF9F81209E1E47B0AFAF9F81209E1EB72
:108CE0002430FF900020120C29900023E475F0013D
:108CF00012082985F082F583EF12075490002B1299
:108D00000B45E47B0AFAF9F81209E1EB2430FF90F5
:108D10000020120C29900023E475F0011208298527
:108D2000F082F583EF120754900023E475F00112EE
:108D3000082985F082F5837420120754900023E4FB
:108D400075F00112082985F082F583744B120754DF
:108D5000900020120C29900023E475F001120829DC
:108D600085F082F583745712075422900020120C6C
:108D700029900023E475F00112082985F082F5831B
:108D80007455120754900023E475F00112082985E8
:108D9000F082F583743D120754900023E475F001CE
:108DA00012082985F082F5837420120754E47BE8C9
:108DB0007A03F9F890002B120B45126DDFE47B0A61
:108DC000FAF9F8126DDFEB2430FF900020120C2925
:108DD000900023E475F00112082985F082F583EFF5
:108DE000120754E47B64FAF9F890002B120B451239
:108DF0006DDFE47B0AFAF9F8126DDFEB2430FF90A7
:108E00000020120C29900023E475F0011208298536
:108E1000F082F583EF120754900023E475F00112FD
:108E2000082985F082F583742E120754E47B0AFA30
:108E3000F9F890002B120B45126DDFE47B0AFAF96A
:108E4000F8126DDFEB2430FF900020120C29900007
:108E500023E475F00112082985F082F583EF1207EB
:108E600054E47B0AFAF9F890002B120B45126DDFDF
:108E7000EB2430FF900020120C29900023E475F0C1
:108E80000112082985F082F583EF12075490002320
:108E9000E475F00112082985F082F5837420120729
:108EA00054900023E475F00112082985F082F583BF
:108EB000744B120754900023E475F00112082985C1
:108EC000F082F583745612075422900020120C2968
:108ED000900023E475F00112082985F082F583746F
:108EE00049120754900023E475F00112082985F017
:108EF00082F583743D120754900023E475F001124B
:108F0000082985F082F5837420120754E47FE87EF7
:108F100003FDFC90002B120B61C3120A8E4003026A
:108F2000903FE47BE87A03F9F890002B120B45128E
:108F30006DDFE47B0AFAF9F8126DDFEB2430FF9065
:108F40000020120C29900023E475F00112082985F5
:108F5000F082F583EF120754E47B64FAF9F890008D
:108F60002B120B45126DDFE47B0AFAF9F8126DDF64
:108F7000EB2430FF900020120C29900023E475F0C0
:108F80000112082985F082F583EF120754E47B0A69
:108F9000FAF9F890002B120B45126DDFE47B0AFA08
:108FA000F9F8126DDFEB2430FF900020120C2990AD
:108FB0000023E475F00112082985F082F583EF1291
:108FC0000754900023E475F00112082985F082F51A
:108FD00083742E120754E47B0AFAF9F890002B12DE
:108FE0000B45126DDFEB2430FF900020120C29900E
:108FF0000023E475F00112082985F082F583EF1251
:109000000754900023E475F00112082985F082F5D9
:10901000837420120754900023E475F0011208298C
:1090200085F082F5837441120754900023E475F0B3
:109030000112082985F082F583742012075422E476
:109040007FE87E03FDFC90002B120B61C3120A8E99
:109050005003029188E47F0F7E27FDFC90002B12C5
:109060000B61C3120A8E4003029188E47BE87A0305
:10907000F9F890002B120B45126DDFE47B0AFAF928
:10908000F8126DDFEB2430FF900020120C299000C5
:1090900023E475F00112082985F082F583EF1207A9
:1090A00054E47B64FAF9F890002B120B45126DDF43
:1090B000E47B0AFAF9F8126DDFEB2430FF90002010
:1090C000120C29900023E475F00112082985F08222
:1090D000F583EF120754E47B0AFAF9F890002B129B
:1090E0000B45126DDFE47B0AFAF9F8126DDFEB2411
:1090F00030FF900020120C29900023E475F001123B
:10910000082985F082F583EF120754E47B0AFAF907
:10911000F890002B120B45126DDFEB2430FF90000E
:1091200020120C29900023E475F00112082985F023
:1091300082F583EF120754900023E475F0011208C2
:109140002985F082F5837420120754900023E4757A
:10915000F00112082985F082F583742012075490DB
:109160000023E475F00112082985F082F58374412B
:10917000120754900023E475F00112082985F0824B
:10918000F583742012075422E47B0AFAF9F8900060
:109190002B120B45126DDF900036120BA290003699
:1091A000120B45E47BE87A03F9F8126DDF90003684
:1091B000120BA2E47B107A27F9F890002B120B45D2
:1091C000126DDFAC00AD01AE02AF03E47B64FAF9CF
:1091D000F8126DDF90002F120BA2E47B0AFAF9F867
:1091E000900036120B45126DDFE47B0AFAF9F81293
:1091F0006DDFEB2430FF900020120C29900023E457
:1092000075F00112082985F082F583EF120754E406
:109210007B0AFAF9F8900036120B45126DDFEB2449
:1092200030FF900020120C29900023E475F0011209
:10923000082985F082F583EF120754900023E47526
:10924000F00112082985F082F583742E120754E488
:109250007B0AFAF9F890002F120B45126DDFE47BC0
:109260000AFAF9F8126DDFEB2430FF900020120C9F
:1092700029900023E475F00112082985F082F58316
:10928000EF120754E47B0AFAF9F890002F120B450D
:10929000126DDFEB2430FF900020120C2990002388
:1092A000E475F00112082985F082F583EF12075466
:1092B000900023E475F00112082985F082F583748B
:1092C00020120754900023E475F00112082985F05C
:1092D00082F583744B120754900023E475F0011259
:1092E000082985F082F583744112075422900020EA
:1092F000120C29900023E475F00112082985F082F0
:10930000F5837443120754900023E475F0011208AA
:109310002985F082F583744F120754900023E47579
:10932000F00112082985F082F583745312075490D6
:109330000023E475F00112082985F082F583742377
:10934000120754900023E475F00112082985F08279
:10935000F583743D120754900025E060047F2D8052
:10936000027F20900020120C29900023E475F00168
:1093700012082985F082F583EF120754E47BE87A1E
:1093800003F9F890002B120B45126DDFE47B0AFA0B
:10939000F9F8126DDFEB2430FF900020120C2990B9
:1093A0000023E475F00112082985F082F583EF129D
:1093B0000754900023E475F00112082985F082F526
:1093C00083742E120754E47B64FAF9F890002B1290
:1093D0000B45126DDFE47B0AFAF9F8126DDFEB241E
:1093E00030FF900020120C29900023E475F0011248
:1093F000082985F082F583EF120754E47B0AFAF915
:10940000F890002B120B45126DDFE47B0AFAF9F895
:10941000126DDFEB2430FF900020120C2990002306
:10942000E475F00112082985F082F583EF120754E4
:10943000E47B0AFAF9F890002B120B45126DDFEB72
:109440002430FF900020120C29900023E475F001D5
:1094500012082985F082F583EF1207542290000349
:10946000EFF09007397401F0EF64117013F090057C
:109470003804F01201A81261AC90053B7401F0228F
:109480007BFF7A7779F390003C7410F0E4A3F0FD51
:109490007F54FE1201B27BFF7A7779FC90003C7416
:1094A00010F0E4A3F07D12FFFE1201B27BFF7A7888
:1094B000790690003C7410F0E4A3F07D24FFFE12C6
:1094C00001B2900533E0FF3395E0FEEF4E70477B2D
:1094D000FF7A78791090003C7410F0A37401F07D4D
:1094E000127F547E001201B27BFF7A7879109000CF
:1094F0003C7410F0E4A3F07D247F54FE1201B2907E
:109500000003E06402700F900533E0FF3395E0FE46
:10951000EF4E700204F0900533E0FF3395E0FEEF6C
:1095200064014E60030296277BFF7A7879189000D9
:109530003C7410F0A37401F07D127F547E00120180
:10954000B27BFF7A78791090003C7410F0E4A3F0BD
:109550007D247F54FE1201B290061CE07003123D80
:10956000A690061CE004F0E0D3940174809480502F
:109570000302962712362DEF120C7E95AC0095B49F
:109580000195BC0295C40395CC0495D40595DC06E1
:1095900095E40795EC0895F40995FC0A96040B965A
:1095A0000C0C96140D961C0E000096229005337438
:1095B00002F0806E9005337403F08066900533747A
:1095C00004F0805E9005337405F080569005337486
:1095D00006F0804E9005337407F080469005337492
:1095E00008F0803E9005337409F08036900533749E
:1095F0000AF0802E900533740BF0802690053374AA
:109600000CF0801E900533740DF0801690053374B5
:109610000EF0800E900533740FF0800690053374C1
:1096200010F0E490061CF0900533E0FF3395E0FE67
:10963000EF64024E70437BFF7A78792090003C748F
:1096400010F0E4A3F07D127F54FE1201B27BFF7A8A
:1096500078791090003C7410F0A37401F07D247FA1
:10966000547E001201B2900003E06402700B90057A
:10967000337411F0E490061CF0900533E0FF33954D
:10968000E0FED3EF9402EE64809480500302990FC1
:10969000EF9411EE64809480400302990F7BFF7A6F
:1096A00078791090003C7410F0E4A3F07D247F548E
:1096B000FE1201B27BFF7A78792890003C7410F09A
:1096C000A37401F07D127F6F7E001201B29005330A
:1096D000E0FF3395E0FEEF64034E70197BFF7A786C
:1096E000792D90003C7410F0A37401F07D127F542A
:1096F0007E001201B2900533E0FF3395E0FEEF6487
:10970000044E70197BFF7A78793190003C7410F028
:10971000A37401F07D127F547E001201B2900533D4
:10972000E0FF3395E0FEEF64054E70197BFF7A7819
:10973000793590003C7410F0A37401F07D127F54D1
:109740007E001201B2900533E0FF3395E0FEEF6436
:10975000064E70197BFF7A78793990003C7410F0CE
:10976000A37401F07D127F547E001201B290053384
:10977000E0FF3395E0FEEF64074E70197BFF7A78C7
:10978000793D90003C7410F0A37401F07D127F5479
:109790007E001201B2900533E0FF3395E0FEEF64E6
:1097A000084E70197BFF7A78794190003C7410F074
:1097B000A37401F07D127F547E001201B290053334
:1097C000E0FF3395E0FEEF64094E70197BFF7A7875
:1097D000794590003C7410F0A37401F07D127F5421
:1097E0007E001201B2900533E0FF3395E0FEEF6496
:1097F0000A4E70197BFF7A78794990003C7410F01A
:10980000A37401F07D127F547E001201B2900533E3
:10981000E0FF3395E0FEEF640B4E70197BFF7A7822
:10982000794D90003C7410F0A37401F07D127F54C8
:109830007E001201B2900533E0FF3395E0FEEF6445
:109840000C4E70197BFF7A78795190003C7410F0BF
:10985000A37401F07D127F547E001201B290053393
:10986000E0FF3395E0FEEF640D4E70197BFF7A78D0
:10987000795590003C7410F0A37401F07D127F5470
:109880007E001201B2900533E0FF3395E0FEEF64F5
:109890000E4E70197BFF7A78795990003C7410F065
:1098A000A37401F07D127F547E001201B290053343
:1098B000E0FF3395E0FEEF640F4E70197BFF7A787E
:1098C000795D90003C7410F0A37401F07D127F5418
:1098D0007E001201B2900533E0FF3395E0FEEF64A5
:1098E000104E70197BFF7A78796090003C7410F00C
:1098F000A37401F07D127F547E001201B290000328
:10990000E06402700A90053304F0E490061CF090C5
:109910000533E0FF3395E0FEEF64114E6003029AD9
:109920000A7BFF7A78792090003C7410F0E4A3F071
:109930007D127F54FE1201B27BFF7A787918900075
:109940003C7410F0A37401F07D247F547E0012015A
:10995000B290061CE07003123F2690061CE004F053
:10996000E0D39401748094805003029A0A121E502E
:10997000EF120C7E999F0099A70199AF0299B70346
:1099800099BF0499C70599CF0699D70799DF089918
:10999000E70999EF0A99F70B99FF0C00009A0590D7
:1099A00005337412F0805E9005337413F080569086
:1099B00005337414F0804E9005337415F080469092
:1099C00005337416F0803E9005337417F08036909E
:1099D00005337418F0802E9005337419F0802690AA
:1099E0000533741AF0801E900533741BF0801690B6
:1099F0000533741CF0800E900533741DF0800690C2
:109A00000533741EF0E490061CF0900533E0FF333C
:109A100095E0FEEF64124E70437BFF7A78792090D8
:109A2000003C7410F0E4A3F07D127F54FE1201B2EA
:109A30007BFF7A78796390003C7410F0A37401F096
:109A40007D247F547E001201B2900003E0640E700A
:109A50000B900533741FF0E490061CF0900533E082
:109A6000FF3395E0FED3EF9412EE648094805003B0
:109A7000029CA3EF941FEE648094804003029CA399
:109A80007BFF7A78792090003C7410F0E4A3F07D9D
:109A9000127F54FE1201B27BFF7A78792890003C45
:109AA0007410F0A37401F07D247F6F7E001201B268
:109AB000900533E0FF3395E0FEEF64134E70197BA1
:109AC000FF7A78792D90003C7410F0A37401F07D3A
:109AD000247F547E001201B2900533E0FF3395E0FD
:109AE000FEEF64144E70197BFF7A78793190003C58
:109AF0007410F0A37401F07D247F547E001201B233
:109B0000900533E0FF3395E0FEEF64154E70197B4E
:109B1000FF7A78793590003C7410F0A37401F07DE1
:109B2000247F547E001201B2900533E0FF3395E0AC
:109B3000FEEF64164E70197BFF7A78793990003CFD
:109B40007410F0A37401F07D247F547E001201B2E2
:109B5000900533E0FF3395E0FEEF64174E70197BFC
:109B6000FF7A78793D90003C7410F0A37401F07D89
:109B7000247F547E001201B2900533E0FF3395E05C
:109B8000FEEF64184E70197BFF7A78794190003CA3
:109B90007410F0A37401F07D247F547E001201B292
:109BA000900533E0FF3395E0FEEF64194E70197BAA
:109BB000FF7A78794590003C7410F0A37401F07D31
:109BC000247F547E001201B2900533E0FF3395E00C
:109BD000FEEF641A4E70197BFF7A78794990003C49
:109BE0007410F0A37401F07D247F547E001201B242
:109BF000900533E0FF3395E0FEEF641B4E70197B58
:109C0000FF7A78794D90003C7410F0A37401F07DD8
:109C1000247F547E001201B2900533E0FF3395E0BB
:109C2000FEEF641C4E70197BFF7A78795190003CEE
:109C30007410F0A37401F07D247F547E001201B2F1
:109C4000900533E0FF3395E0FEEF641D4E70197B05
:109C5000FF7A78795590003C7410F0A37401F07D80
:109C6000247F547E001201B2900533E0FF3395E06B
:109C7000FEEF641E4E70197BFF7A78795990003C94
:109C80007410F0A37401F07D247F547E001201B2A1
:109C9000900003E06401700B9005337411F0E490C0
:109CA000061CF0900533E0FF3395E0FEEF641F4E95
:109CB000703E120F21EF60089005337420F0803061
:109CC0007BFF7A78792090003C7410F0E4A3F07D5B
:109CD000127F54FE1201B27BFF7A78796390003CC8
:109CE0007410F0A37401F07D247F547E001201B241
:109CF000900533E0FF3395E0FEEF64204E702E7B3D
:109D0000FF7A78792090003C7410F0E4A3F07D1283
:109D10007F54FE1201B27BFF7A78796390003C7425
:109D200010F0E4A3F07D247F54FE1201B222E490EF
:109D30000050F09006CB120B45900046120BA290FB
:109D400006D3120B4590004A120BA29007ABE0908D
:109D5000004EF0E4FFFEFDFC900046120B61C312C2
:109D60000A8E700612F6627F0022900766E0640396
:109D70007003029DFFE4FFFEFDFC900046120B61A4
:109D8000D3120A8E40047F0180027F0090004FEFC3
:109D9000F0601090004A120B4512EA00900050EF5C
:109DA000F0800E90004A120B4512E337900050EFFE
:109DB000F0900050E0FF3395E0FED3EF9400EE64A6
:109DC000809480500612F6627FFE22900767E09032
:109DD0000056F014900058F0900769E0D394017495
:109DE00080948040047F0180027F0090005EEFF04D
:109DF000600D900768E0900057F014900059F090C3
:109E00000766E0FF603964036035EF640170047F2A
:109E10000180027F00900767E0FEA3E0FD90004F05
:109E2000E0B50718900056E0FFEEB5070F90005E12
:109E3000E0600C900057E0FFED6F600312F6629057
:109E40000766E0602C24FE600A14700302A06D24F3
:109E5000027017D390076BE0940090076AE09400BB
:109E60005003029F317F00228007E4900766F0FFD5
:109E7000229005D7E030E00612F6627FF82212F455
:109E8000C3EF6401600612F6627FFA2290004EE092
:109E90006009D394047480948040037FFF2290076C
:109EA000B6E0FEA3E0FFC3900771E09F900770E06B
:109EB0009E40037FFD221271F190076C120B61121C
:109EC0000948A804A905AA06AB079007BEE0FFE46D
:109ED000FCFDFEC3120AA450037FFC2290004FE059
:109EE000FF60047E0180027E02900766EEF0EF6064
:109EF0000A9007BAE0FEA3E0FF80089007BCE0FEEE
:109F0000A3E0FF90076AEEF0A3EFF0900766E09001
:109F10000775F0E4900773F0900056E0900767F043
:109F200090005EE06008900057E0900768F07F00C6
:109F300022900769E0D39400748094805003029FBC
:109F4000C8900767E0900056F014900058F0900712
:109F500075E06401703B900056E024FE60131460CD
:109F60001914601F24037060900765E04401F080BD
:109F700057900765E04408F0804E900765E0444044
:109F8000F08045900764E04402F0A3E0F08039805F
:109F900037900056E024FE601314601914601F24EB
:109FA000037025900765E04402F0801C900765E08F
:109FB0004410F08013900765E04480F0800A900719
:109FC00064E04404F0A3E0F0900769E0D3940174E6
:109FD000809480500302A05F900768E0900057F0E3
:109FE00014900059F0900775E06401703B900057A1
:109FF000E024FE601314601914601F240370609045
:10A000000765E04401F08057900765E04408F08060
:10A010004E900765E04440F08045900764E04402BC
:10A02000F0A3E0F080398037900057E024FE601301
:10A0300014601914601F24037025900765E0440222
:10A04000F0801C900765E04410F08013900765E0F5
:10A050004480F0800A900764E04404F0A3E0F090AC
:10A0600007667403F0E4900773F07F0A22E4FEFDB4
:10A07000900051F0A3F0FCA3F0A3F0A3F090005ADD
:10A08000F0A3F0A3F0A3F0900767E0900056F0145F
:10A09000900058F0900769E0D39401748094804058
:10A0A000047F0180027F0090005EEFF0600D90075A
:10A0B00068E0900057F014900059F0900056E024AA
:10A0C000FE601A146027146034240370407E087DFB
:10A0D000409000517480F0A37404F080367E107DAF
:10A0E000809000517401F0A37408F080267E207DDA
:10A0F000019000517402F0A37410F080167E407D30
:10A10000029000517404F0A37420F0800612F662ED
:10A110007FF92290005EE0605F900057E024FE60CF
:10A120001C14602B146039240370477C0890005382
:10A130007440F0A37480F0A37404F0803B7C109012
:10A1400000537480F0A37401F0A37408F080297C9C
:10A15000209000537401F0A304F0A37410F0801851
:10A160007C409000537402F0A37404F0A37420F0B8
:10A17000800612F6627FF922900775E064016003A1
:10A1800002A2F1AF069006DBE05F600890005A740F
:10A1900001F08038900056E0FF64016005EF640232
:10A1A000700F9006D9E05D600890005C7401F0804B
:10A1B0001B900056E0FF64036005EF6404700D908F
:10A1C00006DAE05D600690005C7401F090005EE0ED
:10A1D000FF60619006DBE05C600890005B7401F05A
:10A1E0008052900057E0FD64016005ED6402702428
:10A1F000900053E0FE9006D9E05E601890005D7418
:10A2000001F0900059E02476F582E43407F5837478
:10A2100001F08020900057E0FD64036005ED6404C8
:10A220007012900053E0FE9006DAE05E6006900047
:10A230005D7401F090005CE07007EF6037A3E060B0
:10A24000339007B8E06403701212F6629007B6E02C
:10A25000FFA3E0900770CFF0A3EFF012F662900733
:10A2600070E475F0011208131271F190076C120B73
:10A27000A27FF92290005AE0607490005EE06006D0
:10A2800090005BE06068900770E475F001120813BD
:10A290001271F190076C120BA290078C120B459073
:10A2A000005EE06008E47B02FAF9F88006E47B01D6
:10A2B000FAF9F812093B90078C120BA2900794123E
:10A2C0000B4590005EE06008E47B02FAF9F8800636
:10A2D000E47B01FAF9F812093B900794120BA27B78
:10A2E000017A07798C1268F612F6627F0B227F00E2
:10A2F00022900051E0FF9006DCE05F600890005A79
:10A300007401F08012900052E0FF9006DAE05F6086
:10A310000690005C7401F090005EE0FF6026900003
:10A3200054E0FE9006DCE05E600890005B7401F093
:10A330008012900055E0FE9006DAE05E6006900024
:10A340005D7401F090005CE07007EF6037A3E0609F
:10A35000339007B8E06403701212F6629007B6E01B
:10A36000FFA3E0900770CFF0A3EFF012F662900722
:10A3700070E475F0011208131271F190076C120B62
:10A38000A27FF92290005AE0607490005EE06006BF
:10A3900090005BE06068900770E475F001120813AC
:10A3A0001271F190076C120BA2900790120B45905E
:10A3B000005EE06008E47B02FAF9F88006E47B01C5
:10A3C000FAF9F812093B900790120BA29007981225
:10A3D0000B4590005EE06008E47B02FAF9F8800625
:10A3E000E47B01FAF9F812093B900798120BA27B63
:10A3F000017A07798C1268F612F6627F0C227F00D0
:10A4000022AA8475840F900764E0FEA3E0FDAC06E9
:10A41000E4FB9006D7E05411700BA3E054117005D3
:10A42000A3E030E009900765E04404F0800790075E
:10A4300065E054FBF09006D7E05422700BA3E05483
:10A44000227005A3E030E109900765E04420F08028
:10A4500007900765E054DFF09006D7E05444700B96
:10A46000A3E054447005A3E030E214900764E0FEDA
:10A47000A3E0FFEE4401900764F0A3EFF0800790A3
:10A480000764E054FEF09006D7E05488700BA3E018
:10A4900054887005A3E030E314900764E0FEA3E065
:10A4A000FFEE4408900764F0A3EFF0800790076484
:10A4B000E054F7F09006D9E054306012900764E061
:10A4C000FEA3E0FFEE4410900764F0A3EFF09007C6
:10A4D00064E0A3E030E206D2D9C2EE8004C2D9C261
:10A4E000EE900764E0A3E030E506D2CEC2EB800434
:10A4F000C2CEC2EB900764E0FEA3E0EE30E006D2ED
:10A50000DEC2FB8004C2DEC2FB900764E0FEA3E073
:10A51000EE30E306D2E9C2FE8004C2E9C2FE900733
:10A5200064E0FEA3E0EE30E406D2EAC2FF8004C29B
:10A53000EAC2FF900764E0FEA3E0EE30E504D296A5
:10A540008002C296900764E0FEA3E0EE30E604C20B
:10A55000B78002D2B7ED30E029900754E07023D2E3
:10A56000DBC2F804F0900756F0A3F0E4900755F032
:10A570009006C9E0FEA3E0FFEE44019006C9F0A3F7
:10A58000EFF0ED30E11F900754E07019D2DAC2EF1E
:10A5900004F0900756F0A304F0E4900755F09006FD
:10A5A000CAE04401F0ED30E32B900758E07025D26B
:10A5B000D8C2ED04F090075A04F0A314F0E4900719
:10A5C00059F09006C9E0FEA3E0FFEE44029006C9F0
:10A5D000F0A3EFF0ED30E41F900758E07019D2CFF0
:10A5E000C2EC04F090075A04F0A3F0E4900759F08D
:10A5F0009006CAE04402F0ED30E62D90075CE07072
:10A6000027D2DCC2F904F090075E7403F0A3740152
:10A61000F0E490075DF09006C9E0FEA3E0FFEE4491
:10A62000049006C9F0A3EFF0ED30E72190075CE05D
:10A63000701BD2DDC2FA04F090075E7403F0A3141D
:10A64000F0E490075DF09006CAE04404F0EC30E1DD
:10A650002D900760E07027D2DFC2FC04F090076203
:10A660007404F0A37401F0E4900761F09006C9E06F
:10A67000FEA3E0FFEE44089006C9F0A3EFF0AE049D
:10A68000AF05EC30E222900760E0701CD2E8C2FD1A
:10A6900004F09007627404F0A37402F0E490076180
:10A6A000F09006CAE04408F0E4FCECC39404748023
:10A6B0009480400302AA59EC25E025E02454F58259
:10A6C000E43407F583E06402600302AA55EC25E058
:10A6D00025E02457F582E43407F583E0F96401604E
:10A6E0000302A771EC25E025E02456F582E4340747
:10A6F000F583E0FD64017012C2DBC2F89006C9E088
:10A7000054FEF0900765E054FEF0ED64027012C252
:10A71000D8C2ED9006C9E054FDF0900765E054F70B
:10A72000F0EC25E025E02456F582E43407F583E0DB
:10A7300064037012C2DCC2F99006C9E054FBF090C9
:10A740000765E054BFF0EC25E025E02456F582E4EF
:10A750003407F583E06404600302A800C2DFC2FC92
:10A760009006C9E054F7F0900764E054FDF002A8A9
:10A7700000E96402600302A800EC25E025E024560D
:10A78000F582E43407F583E0FD64017012C2DAC299
:10A79000EF9006CAE054FEF0900765E054FDF0ED3E
:10A7A00064027012C2CFC2EC9006CAE054FDF09071
:10A7B0000765E054EFF0EC25E025E02456F582E44F
:10A7C0003407F583E064037012C2DDC2FA9006CA52
:10A7D000E054FBF0900765E0547FF0EC25E025E0C5
:10A7E0002456F582E43407F583E064047012C2E86D
:10A7F000C2FD9006CAE054F7F0900764E054FBF005
:10A80000EC25E025E02456F582E43407F583E024C6
:10A81000FE700302A89F14700302A924147003029F
:10A82000A9A72403600302AA259005D6E0A3E0307F
:10A83000E0047F0180027F00AB07E964017032EB26
:10A84000640170169006DBE04408F09006D9E054ED
:10A85000BFF0E4900776F002AA259006D9E04440C4
:10A86000F09006DBE054F7F09007767401F002AA4E
:10A8700025EB70169006DBE04480F09006DAE05499
:10A88000FBF0E4900776F002AA259006DAE0440493
:10A89000F0A3E0547FF09007767401F002AA2590AF
:10A8A00005D6E0A3E030E1047F0180027F00AB0722
:10A8B000EC25E025E02457F582E43407F583E064D5
:10A8C000017032EB640170169006DBE04410F090EA
:10A8D00006D9E0547FF0E4900777F002AA259006AD
:10A8E000D9E04480F09006DBE054EFF090077774F5
:10A8F00001F002AA25EB70169006DCE04401F0900E
:10A9000006DAE054F7F0E4900777F002AA25900603
:10A91000DAE04408F09006DCE054FEF0E4900777BB
:10A92000F002AA259005D6E0A3E030E2047F018082
:10A93000027F00AB07EC25E025E02457F582E434E4
:10A9400007F583E064017030EB640170169006DB5C
:10A95000E04420F09006DAE054FEF0E4900778F04E
:10A9600002AA259006DAE04401F0A3E054DFF0905B
:10A9700007787401F002AA25EB70169006DCE0441B
:10A9800002F09006DAE054EFF0E4900778F002AAC3
:10A99000259006DAE04410F09006DCE054FDF090DB
:10A9A00007787401F0807E9005D6E0A3E030E304E0
:10A9B0007F0180027F00AB07EC25E025E02457F5FE
:10A9C00082E43407F583E06401702EEB64017015B6
:10A9D0009006DBE04440F09006DAE054FDF0E490AD
:10A9E0000779F080409006DAE04402F0A3E054BF1B
:10A9F000F09007797401F0802CEB70159006DCE084
:10AA00004404F09006DAE054DFF0E4900779F08037
:10AA1000149006DAE04420F09006DCE054FBF0905D
:10AA200007797401F0EC25E025E02454F582E43444
:10AA300007F583E4F0EC25E025E02456F582E434C4
:10AA400007F583E4F0EC25E025E02457F582E434B3
:10AA500007F583E4F00C02A6AAAF028F84229007C8
:10AA600039E0701C7F011228F69007ABE0D3940206
:10AA70007480948040057F021228F67F041228F625
:10AA800012D6B512DF69900380E0700302AD16E4C0
:10AA90007FE87E03FDFC900399120B61120956E4D6
:10AAA000FB7A20F9F81209E1E47B06FAF9F81209B9
:10AAB000E1900002120BA2E47F14FEFDFC90000264
:10AAC000120B61C3120AA4500C900002120BAE00CC
:10AAD000000000803F900002120B61C000C001C066
:10AAE00002C00390077AE0FEA3E0FF7C007D0A121B
:10AAF0000CAAC00790077CE0FFFBE4FAF9F8D00746
:10AB00001209E1D003D002D001D000120956900002
:10AB100002120BA2E47FE87E03FDFC90039D120B62
:10AB200061120956E4FB7A20F9F81209E1E47B0688
:10AB3000FAF9F81209E1900006120BA2E47F14FE64
:10AB4000FDFC900006120B61C3120AA4500C900089
:10AB500006120BAE00000000803F900006120B6151
:10AB6000C000C001C002C00390077AE0FEA3E0FF6E
:10AB70007C007D0A120CAAC00790077CE0FFFBE472
:10AB8000FAF9F8D0071209E1D003D002D001D000C1
:10AB9000120956900006120BA2E47F64FEFDFC90A1
:10ABA000038D120B61120956E4FB7A20F9F81209A1
:10ABB000E190000A120BA2E47FE87E03FDFC900303
:10ABC000A1120B61120956E4FB7A20F9F81209E18F
:10ABD000E47B06FAF9F81209E190000E120BA2E4E8
:10ABE0007F14FEFDFC90000E120B61C3120AA450EC
:10ABF0000C90000E120BAE00000000803F90000E83
:10AC0000120B61C000C001C002C00390077DE0FECE
:10AC1000A3E0FF7C007D0A120CAAC00790077FE02A
:10AC2000FFFBE4FAF9F8D0071209E1D003D002D013
:10AC300001D00012095690000E120BA2E47FE87EAC
:10AC400003FDFC900395120B61120956E4FB7A2078
:10AC5000F9F81209E1E47B06FAF9F81209E190002B
:10AC600012120BA2E47F14FEFDFC900012120B6185
:10AC7000C3120AA4500C900012120BAE0000000088
:10AC8000803F900012120B61C000C001C002C003DF
:10AC900090077DE0FEA3E0FF7C007D0A120CAAC0B5
:10ACA0000790077FE0FFFBE4FAF9F8D0071209E10B
:10ACB000D003D002D001D000120956900012120B1E
:10ACC000A2E47F64FEFDFC900391120B6112095611
:10ACD000E4FB7A20F9F81209E1900016120BA2C2E7
:10ACE000AF7A0579E478E47C057D017B017A00790F
:10ACF000027E007F0C1206817A0579F078F07C05DF
:10AD00007D017B017A00790E7E007F0C120681D2D4
:10AD1000AFE4900380F09003BAE0700302AFA6E4C2
:10AD20007FE87E03FDFC900399120B61120956E443
:10AD3000FB7A20F9F81209E1E47B06FAF9F8120926
:10AD4000E190001A120BA2E47F14FEFDFC90001AA1
:10AD5000120B61C3120AA4500C90001A120BAE0021
:10AD6000000000803F90001A120B61C000C001C0BB
:10AD700002C003900780E0FEA3E0FF7C007D0A1282
:10AD80000CAAC007900782E0FFFBE4FAF9F8D007AD
:10AD90001209E1D003D002D001D000120956900070
:10ADA0001A120BA2E47FE87E03FDFC9003D7120B7E
:10ADB00061120956E4FB7A20F9F81209E1E47B06F6
:10ADC000FAF9F81209E190001E120BA2E47F14FEBA
:10ADD000FDFC90001E120B61C3120AA4500C9000DF
:10ADE0001E120BAE00000000803F90001E120B618F
:10ADF000C000C001C002C003900780E0FEA3E0FFD6
:10AE00007C007D0A120CAAC007900782E0FFFBE4D9
:10AE1000FAF9F8D0071209E1D003D002D001D0002E
:10AE200012095690001E120BA2E47F64FEFDFC90F6
:10AE300003C7120B61120956E4FB7A20F9F81209D4
:10AE4000E1900022120BA2E47FE87E03FDFC900358
:10AE5000DB120B61120956E4FB7A20F9F81209E1C2
:10AE6000E47B06FAF9F81209E1900026120BA2E43D
:10AE70007F14FEFDFC900026120B61C3120AA45041
:10AE80000C900026120BAE00000000803F900026C0
:10AE9000120B61C000C001C002C003900783E0FE36
:10AEA000A3E0FF7C007D0A120CAAC007900785E092
:10AEB000FFFBE4FAF9F8D0071209E1D003D002D081
:10AEC00001D000120956900026120BA2E47FE87E02
:10AED00003FDFC9003CF120B61120956E4FB7A20AC
:10AEE000F9F81209E1E47B06FAF9F81209E1900099
:10AEF0002A120BA2E47F14FEFDFC90002A120B61C3
:10AF0000C3120AA4500C90002A120BAE00000000DD
:10AF1000803F90002A120B61C000C001C002C00334
:10AF2000900783E0FEA3E0FF7C007D0A120CAAC01C
:10AF300007900785E0FFFBE4FAF9F8D0071209E172
:10AF4000D003D002D001D00012095690002A120B73
:10AF5000A2E47F64FEFDFC9003CB120B6112095644
:10AF6000E4FB7A20F9F81209E190002E120BA2C23C
:10AF7000AF7A0579FC78FC7C057D017B017A00794C
:10AF80001A7E007F0C1206817A06790878087C0602
:10AF90007D017B017A0079267E007F0C120681D22A
:10AFA000AFE49003BAF090042EE0700302B05F901B
:10AFB0000457120B4590004A7402F07B017A007925
:10AFC00036A3120C4912C1D6900453120B459000BF
:10AFD0004A7401F0FB7A007932A3120C4912C1D6EF
:10AFE00090043B120B4590004A7403F07B017A00F9
:10AFF000793EA3120C4912C1D6900447120B45901A
:10B00000004A7404F07B017A00793AA3120C4912C9
:10B01000C1D6900457120B4590004A7405F07B018D
:10B020007A007942A3120C4912C1D6C2AF7A0579CF
:10B03000BC78BC7C057D017B017A0079327E007F83
:10B0400014120681D2AF12D48E9005D6E0A320E070
:10B0500009900805E07003129D2EE490042EF090F4
:10B0600005D6E0A320E00312A40112BA73229007D0
:10B07000BFE06056A3E0FEA3E0FFE4FCFD9005C83E
:10B08000120B61D3120A8E40419007C2E0FEA3E08A
:10B09000FF9006DEE09F9006DDE09E5034E475F000
:10B0A000011208139007C2E0FEA3E0FFD39006DE72
:10B0B000E09F9006DDE09E40189007C2E0FFA3E00D
:10B0C0009006DDCFF0A3EFF08007E49006DDF0A35B
:10B0D000F0900800E06070A3E0FEA3E0FFE4FCFD58
:10B0E0009005C8120B61C3120A8E505B900801E0F4
:10B0F000C313FEA3E013FFE4FCFD9005C8120B612F
:10B10000D3120A8E4041900803E0FEA3E0FF9006B0
:10B11000E0E09F9006DFE09E5034E475F0011208F5
:10B1200013900803E0FEA3E0FFD39006E0E09F90B9
:10B1300006DFE09E4018900803E0FFA3E09006DFE2
:10B14000CFF0A3EFF08007E49006DFF0A3F0E490E7
:10B15000013BF09007ACE0FF90013BE0FEC39F4055
:10B160000302B59EE0FF75F00FA424C7F582E43416
:10B1700007F583E0FDA3E090013CCDF0A3EDF0EFF7
:10B1800075F00FA424CCF582E43407F583E0FDA329
:10B19000E090013ECDF0A3EDF090013BE075F00FA3
:10B1A000A424D1F582E43407F583E0FDA3E0900107
:10B1B00040CDF0A3EDF0EF75F00FA424C4F582E4C8
:10B1C0003407F583E0700302B266EE25E025E02443
:10B1D00019F582E43407F583120B61EE75F00CA4C7
:10B1E00024E4F582E43405F583120B45C3120AA466
:10B1F000507490013BE0FF25E025E024E1F582E476
:10B200003406F583E0FCA3E0FD90013CE0FAA3E006
:10B21000FBC3ED9BEC9A506390013BE0FE25E025DB
:10B22000E024E1F582E43406F583E475F0011208C8
:10B2300013EE25E025E024E1F582E43406F583E011
:10B24000FCA3E0D39BEC9A403290013CE0FCA3E0ED
:10B25000FDEF25E025E024E1F582E43406F583ECFA
:10B26000F0A3EDF0801590013BE025E025E024E11E
:10B27000F582E43406F583E4F0A3F090013BE0FFAF
:10B2800075F00FA424C4F582E43407F583E070035D
:10B2900002B32FEF25E025E02419F582E43407F509
:10B2A00083120B61EF75F00CA424E8F582E43405F9
:10B2B000F583120B45C3120AA4507490013BE0FFC2
:10B2C00025E025E024E3F582E43406F583E0FCA3E1
:10B2D000E0FD90013CE0FAA3E0FBC3ED9BEC9A504B
:10B2E0006390013BE0FE25E025E024E3F582E434B1
:10B2F00006F583E475F001120813EE25E025E0243D
:10B30000E3F582E43406F583E0FCA3E0D39BEC9AFA
:10B31000403290013CE0FCA3E0FDEF25E025E02475
:10B32000E3F582E43406F583ECF0A3EDF0801590AC
:10B33000013BE025E025E024E3F582E43406F583D3
:10B34000E4F0A3F090013BE0FF75F00FA424C9F5F1
:10B3500082E43407F583E0700302B3F8EF25E025BB
:10B36000E02409F582E43407F583120B61EF75F0F0
:10B370000CA424E4F582E43405F583120B45C312D2
:10B380000AA4507490013BE0FF25E025E024F1F58C
:10B3900082E43406F583E0FCA3E0FD90013EE0FA90
:10B3A000A3E0FBC3ED9BEC9A506390013BE0FE25CC
:10B3B000E025E024F1F582E43406F583E475F0013C
:10B3C000120813EE25E025E024F1F582E43406F5B9
:10B3D00083E0FCA3E0D39BEC9A403290013EE0FC7A
:10B3E000A3E0FDEF25E025E024F1F582E43406F545
:10B3F00083ECF0A3EDF0801590013BE025E025E023
:10B4000024F1F582E43406F583E4F0A3F090013BE7
:10B41000E0FF75F00FA424C9F582E43407F583E05A
:10B42000700302B4C1EF25E025E02409F582E4347D
:10B4300007F583120B61EF75F00CA424E8F582E4A4
:10B440003405F583120B45C3120AA4507490013BD6
:10B45000E0FF25E025E024F3F582E43406F583E0FF
:10B46000FCA3E0FD90013EE0FAA3E0FBC3ED9BEC02
:10B470009A506390013BE0FE25E025E024F3F5823D
:10B48000E43406F583E475F001120813EE25E02597
:10B49000E024F3F582E43406F583E0FCA3E0D39BDB
:10B4A000EC9A403290013EE0FCA3E0FDEF25E02560
:10B4B000E024F3F582E43406F583ECF0A3EDF080AC
:10B4C0001590013BE025E025E024F3F582E4340605
:10B4D000F583E4F0A3F090013BE0FF75F00FA424A6
:10B4E000CEF582E43407F583E0700302B582EF25E0
:10B4F000E025E02429F582E43407F583120B61EF9F
:10B5000075F00CA424ECF582E43405F583120B45A8
:10B51000C3120AA4506C90013BE0FF25E02401F522
:10B5200082E43407F583E0FCA3E0FD900140E0FAFB
:10B53000A3E0FBC3ED9BEC9A505B90013BE0FE2542
:10B54000E02401F582E43407F583E475F001120884
:10B5500013EE25E02401F582E43407F583E0FCA333
:10B56000E0D39BEC9A402E900140E0FCA3E0FDEF7D
:10B5700025E02401F582E43407F583ECF0A3EDF037
:10B58000801390013BE025E02401F582E43407F5C7
:10B5900083E4F0A3F090013BE004F002B15312CD3C
:10B5A0002822EF24FB700302B6FF24FD700302B8CB
:10B5B0003124FD700302B86D24FD700302B8A3248A
:10B5C000FD700302B8F8240F600302B9119007ACB4
:10B5D000E0FF7E006401701F900547E0FD3395E0B9
:10B5E000FCED64014C70057403F0800BED64034CBA
:10B5F000700590054704F0EF64024E703F900547D8
:10B60000E0FF3395E0FEEF64014E70057403F080B7
:10B610000BEF64034E700590054704F0900547E07A
:10B62000FF3395E0FEEF64024E70057404F0800C69
:10B63000EF64044E70069005477402F09007ACE08A
:10B640006403704D900547E0FF3395E0FEEF640121
:10B650004E70057405F08019EF64054E7008900572
:10B66000477403F0800BEF64034E700590054704A8
:10B67000F0900547E0FF3395E0FEEF64024E700561
:10B680007404F0800CEF64044E7006900547740259
:10B69000F09007ACE06404600302B911900547E044
:10B6A000FF3395E0FEEF64014E70057405F08019DC
:10B6B000EF64054E70089005477403F0800BEF644B
:10B6C000034E700590054704F0900547E0FF339561
:10B6D000E0FEEF64024E70067406F002B911EF64EA
:10B6E000064E70099005477404F002B911EF640426
:10B6F0004E600302B9119005477402F002B911902F
:10B7000007ACE0FF7E006401701F900547E0FD3349
:10B7100095E0FCED64014C70057403F0800BED6462
:10B72000034C700590054704F0EF64024E703F90A3
:10B730000547E0FF3395E0FEEF64014E70057403AA
:10B74000F0800BEF64034E700590054704F0900500
:10B7500047E0FF3395E0FEEF64024E70057404F09D
:10B76000800CEF64044E70069005477402F0900759
:10B77000ACE06403704D900547E0FF3395E0FEEFC9
:10B7800064014E70057403F08019EF64034E700875
:10B790009005477405F0800BEF64054E7005900529
:10B7A0004704F0900547E0FF3395E0FEEF64024E5A
:10B7B00070057404F0800CEF64044E700690054729
:10B7C0007402F09007ACE06404600302B9119005C4
:10B7D00047E0FF3395E0FEEF64014E70057403F01F
:10B7E0008019EF64034E70089005477405F0800BD4
:10B7F000EF64054E700590054704F0900547E0FFA3
:10B800003395E0FEEF64024E70067404F002B91145
:10B81000EF64044E70099005477406F002B911EF09
:10B8200064064E600302B9119005477402F002B934
:10B83000119007ACE0FF2402FD900547E0FB339533
:10B84000E0FAD3EB9D7480F86A985003E014F0900E
:10B850000547E0FD3395E0FCC3ED9401EC64809472
:10B8600080400302B911EF2402F002B9119005479C
:10B87000E0FF3395E0FEC3EF9401EE6480948040D6
:10B8800003E004F09007ACE02402FF900547E0FDE0
:10B890003395E0FCD3ED9F7480F86C98407374018D
:10B8A000F0806E900547E024FE601814601D14605F
:10B8B0002214602714602C2405702E900538740E15
:10B8C000F08026900538740FF0801E9005387410B3
:10B8D000F080169005387411F0800E9005387412BF
:10B8E000F080069005387413F01201A890053B749F
:10B8F00001F0E4900533F0229005387403F0120152
:10B90000A890053B7401F0900547F0E4900533F0F2
:10B9100022907B0A120C5290003C7410F0E4A3F0C9
:10B92000FD7F51FE1201B2907B0D120C5290003C33
:10B930007410F0900547E0FF3395E0FEEF64014E90
:10B9400070047F0180027F0090003DEFF07D18E4DD
:10B95000FFFE1201B2907B10120C5290003C74104A
:10B96000F0900547E0FF3395E0FEEF64024E70046F
:10B970007F0180027F0090003DEFF07D187F847E84
:10B98000001201B29007ACE0D39400748094804020
:10B990002E907B13120C5290003C7410F0900547CF
:10B9A000E0FF3395E0FEEF64034E70047F018002F8
:10B9B0007F0090003DEFF07D30E4FFFE1201B29079
:10B9C00007ACE0D3940174809480402F907B1612D2
:10B9D0000C5290003C7410F0900547E0FF3395E066
:10B9E000FEEF64044E70047F0180027F0090003DF2
:10B9F000EFF07D307F847E001201B29007ACE0D37F
:10BA0000940274809480402E907B19120C52900006
:10BA10003C7410F0900547E0FF3395E0FEEF6405BD
:10BA20004E70047F0180027F0090003DEFF07D4862
:10BA3000E4FFFE1201B29007ACE0D394037480944B
:10BA400080402F907B1C120C5290003C7410F090A0
:10BA50000547E0FF3395E0FEEF64064E70047F017A
:10BA600080027F0090003DEFF07D487F847E0012D1
:10BA700001B222E4900046F0900046E0C3940674C0
:10BA8000809480400302BE4CC2AFE0FF24D7F58211
:10BA9000E43406F583E0900048F0743A2FF582E430
:10BAA0003407F583E0900049F0D2AFE4900047F00E
:10BAB000900047E0FFC3940874809480400302BE66
:10BAC00043A8077401088002C333D8FCFF900050DC
:10BAD000F0900048E05F700302BE05900050E0FF68
:10BAE000900049E05F600302BE05900046E075F0FB
:10BAF00008A4FFA3E02F0490004BF0C394247480AB
:10BB00009480501D7F0112EF35D201900764E0440C
:10BB100010F0A3E0F0900764E04440F0A3E0F08070
:10BB20006990004BE0120C7EBB4424BB4D25BB56F4
:10BB300026BB5F27BB6828BB7129BB7A2ABB832B36
:10BB40000000BB8A9006DBE054F7F0803D9006DBF6
:10BB5000E054EFF080349006DBE054DFF0802B906F
:10BB600006DBE054BFF080229006DBE0547FF080DB
:10BB7000199006DCE054FEF080109006DCE054FDE5
:10BB8000F080079006DCE054FBF090004BE0120CD4
:10BB90007EBBD701BBF002BC0903BC2204BC3B0541
:10BBA000BC5406BC6D07BC8608BC9F09BCB80ABC67
:10BBB000D10BBCEA0CBD030DBD1C0EBD350FBD4D38
:10BBC00010BD6511BD7312BD8113BD8F14BD9D15D0
:10BBD000BDAB160000BDB9E47BE87A03F9F8900527
:10BBE000E4120B451209E190004C120BA202BDC3F6
:10BBF000E47BE87A03F9F89005F0120B451209E1AD
:10BC000090004C120BA202BDC3E47BE87A03F9F862
:10BC10009005FC120B451209E190004C120BA20298
:10BC2000BDC3E47BE87A03F9F8900608120B4512CD
:10BC300009E190004C120BA202BDC3E47BE87A0339
:10BC4000F9F89005E8120B451209E190004C120B2F
:10BC5000A202BDC3E47BE87A03F9F89005F4120B65
:10BC6000451209E190004C120BA202BDC3E47BE82F
:10BC70007A03F9F8900600120B451209E190004C86
:10BC8000120BA202BDC3E47BE87A03F9F890060C1C
:10BC9000120B451209E190004C120BA202BDC3E445
:10BCA0007BE87A03F9F89005E4120B451209E1905C
:10BCB000004C120BA202BDC3E47BE87A03F9F890B2
:10BCC00005F0120B451209E190004C120BA202BDC7
:10BCD000C3E47BE87A03F9F89005FC120B451209DE
:10BCE000E190004C120BA202BDC3E47BE87A03F999
:10BCF000F8900608120B451209E190004C120BA2B5
:10BD000002BDC3E47BE87A03F9F89005E8120B451D
:10BD10001209E190004C120BA202BDC3E47BE87A49
:10BD200003F9F89005F4120B451209E190004C124A
:10BD30000BA202BDC3E47BE87A03F9F89006001277
:10BD40000B451209E190004C120BA28076E47BE8CF
:10BD50007A03F9F890060C120B451209E190004C99
:10BD6000120BA2805E9005EC120B4590004C120B5A
:10BD7000A280509005F8120B4590004C120BA28047
:10BD800042900604120B4590004C120BA280349096
:10BD90000610120B4590004C120BA280269005C88D
:10BDA000120B4590004C120BA280189005C8120B84
:10BDB0004590004C120BA2800A90004C120BAE0072
:10BDC00000000090004BE0FF6016C007A3120B4577
:10BDD000900976120BA2D007125F4790004AEFF04D
:10BDE000C2AF900046E0243AF582E43407F583C000
:10BDF00083C082E0FF900050E0FEEF4ED082D083FF
:10BE0000F0D2AF8035900050E0FF900048E05F70C6
:10BE100029A3E05F6024C2AF900046E0243AF58297
:10BE2000E43407F583C083C082E0FF900050E0F463
:10BE3000FEEF5ED082D083F0D2AF900047E004F0F6
:10BE400002BAB0900046E004F002BA78229002698B
:10BE5000E0C394087480948050037F012290000214
:10BE60001206E2FF9000031206E2FF7E0090002619
:10BE7000EEF0A3EFF09000041206E2FD9000051230
:10BE800006E2FD900028E4F0A3EDF0EF600302C0AD
:10BE90006C900028E07004A3E06478600302C06C3A
:10BEA00090079CE0900169F0A37403F0A374F0F094
:10BEB00090002B7403F07B017A00792C12007EE451
:10BEC000FBEBC3941474809480400302C064EB7550
:10BED000F00CA4242CF582E43400F583E0FF9000FC
:10BEE0002BE0FE2469F582E43401F583EFF0EB7575
:10BEF000F00CA4242CF582E43400F583E0A3E0FFE9
:10BF0000746A2EF582E43401F583EFF090002BE0A3
:10BF10002402F0EB75F00CA4242EF582E43400F535
:10BF200083120B457818120AB5EFE490002BE0FA63
:10BF30002469F582E43401F583EFF0EB75F00CA48D
:10BF4000242EF582E43400F583120B457810120A92
:10BF5000B5EFE4746A2AF582E43401F583EFF0EB7F
:10BF600075F00CA4242EF582E43400F583120B4501
:10BF70007808120AB5EFE490002BE0FA246BF58202
:10BF8000E43401F583EFF0EB75F00CA4242EF58278
:10BF9000E43400F583120B45EFE4746C2AF582E477
:10BFA0003401F583EFF090002BE02404F0EB75F002
:10BFB0000CA42432F582E43400F583E0FF90002BDA
:10BFC000E0FE2469F582E43401F583EFF0EB75F0CF
:10BFD0000CA42433F582E43400F583E0FF746A2E68
:10BFE000F582E43401F583EFF0EB75F00CA4243412
:10BFF000F582E43400F583E0FF746B2EF582E434BF
:10C0000001F583EFF0EB75F00CA42435F582E434F0
:10C0100000F583E0FF746C2EF582E43401F583EFC4
:10C02000F0EB75F00CA42436F582E43400F583E0DF
:10C03000FF746D2EF582E43401F583EFF0EB75F0BB
:10C040000CA42437F582E43400F583E0FF746E2EEF
:10C05000F582E43401F583EFF090002BE02406F044
:10C060000B02BEC17FF312F3507F0022900026E046
:10C07000FEA3E0FFC39401EE9400500302C1D3D3AA
:10C08000EF9404EE9400400302C1D3A3E07004A334
:10C09000E06406600302C1D3900026E0A3E0FE1432
:10C0A00090002AF090079CE0900169F0A37403F0DF
:10C0B000A3740CF090002B7403F0AF067B017A019F
:10C0C000791C1258F090011CE0FCA3E0FDECFF90FD
:10C0D000002BE0FE2469F582E43401F583EFF0EDF6
:10C0E000746A2EF582E43401F583EDF090002BE0C4
:10C0F0002402F090011E120B457818120AB5EFE4E5
:10C1000090002BE0FB2469F582E43401F583EFF025
:10C1100090011E120B457810120AB5EFE4746A2BD9
:10C12000F582E43401F583EFF090011E120B45789F
:10C1300008120AB5EFE490002BE0FB246BF582E4D3
:10C140003401F583EFF090011E120B45EFE4746C9F
:10C150002BF582E43401F583EFF090002BE024040A
:10C16000F0900122E0FF90002BE0FE2469F582E4CC
:10C170003401F583EFF0900123E0FF746A2EF5821D
:10C18000E43401F583EFF0900124E0FF746B2EF5A9
:10C1900082E43401F583EFF0900125E0FF746C2E0A
:10C1A000F582E43401F583EFF0900126E0FF746D31
:10C1B0002EF582E43401F583EFF0900127E0FF745F
:10C1C0006E2EF582E43401F583EFF07F0F12F35009
:10C1D0007F00227F012212F40E90004E120BA290DB
:10C1E0000052120BAE0000000090004B120C29E927
:10C1F0004A700302C4F3120BDF0000000090004AF3
:10C20000E024FE601914700302C35614700302C3C5
:10C21000DC14700302C4A32404600302C4E6E4FF38
:10C22000FEFDFC90004E120B61C3120A8E401CE40E
:10C230007F03FEFDFC90004E120B61C3120A8E506C
:10C240000A90004E120BAE00000000E4FFFEFDFC61
:10C2500090004E120B61C3120A8E501D74FF7FFDB9
:10C26000FEFDFC90004E120B61D3120A8E400A9024
:10C27000004E120BAE000000009007A0E0FEA3E00D
:10C28000FFE4FCFD900056120BA29007A2E0FEA373
:10C29000E0FFE4FCFD900056120B6112095690007D
:10C2A00056120BA29007A4E06405702A9000561263
:10C2B0000B45E47B02FAF9F8120956900056120B6E
:10C2C000A2900056120B45E47B0AFAF9F8126DDFD2
:10C2D000900056120BA290004E120B45EC1204F285
:10C2E00090045B120B611202D3C004C005C006C0EB
:10C2F00007900056120B45EC1204F2D003D002D086
:10C3000001D0001202D3E4FBFA794078401202D344
:10C31000E4FBFA792078411203DC900052120BA260
:10C32000900052120B45120530900056120BA2904D
:10C33000004AE06401700F900056120B45120A800B
:10C34000900056120BA2900056120B4590004B1213
:10C350000C29120B2B2290004E120B45EC1204F20A
:10C3600090045F120B611202D3E4FBFA792078414A
:10C370001202D3900052120BA2900052120B4512DF
:10C380000530E47B0AFAF9F8D3120A8E400A9000CD
:10C3900052120BAE000000009007A0E0FCA3E0FDED
:10C3A000E41204F7900052120B611202D3E4FBFA7C
:10C3B00079C878421203DC900052120BA29000520E
:10C3C000120B45120530900056120BA29000561227
:10C3D0000B4590004B120C29120B2B229007A2E068
:10C3E000FEA3E0FFE4FCFD900056120BA29007A410
:10C3F000E06405702A900056120B45E47B02FAF9BE
:10C40000F8120956900056120BA2900056120B45D6
:10C41000E47B0AFAF9F8126DDF900056120BA29035
:10C42000004E120B45EC1204F2900463120B6112E1
:10C4300002D3E4FBFA79C878421202D39000521278
:10C440000BA2900052120B45120530E47B02FAF960
:10C45000F8D3120A8E400A900052120BAE00000070
:10C4600000900056120B45EC1204F2900052120B91
:10C47000611202D3E4FBFA792078411203DC9000C8
:10C4800052120BA2900052120B451205309000562A
:10C49000120BA2900056120B4590004B120C291261
:10C4A0000B2B22900457120B4512F40E90005612DB
:10C4B0000BA2900453120B4512F40E90005A120B6B
:10C4C000A290005A120B45900062120BA2900056E7
:10C4D000120B4512E46CEE3395E0FDFC90004B121C
:10C4E0000C29120B2B2290004B120C29120BDF008F
:10C4F00000000022E4900004F0A3F0A3F0A3F0A356
:10C50000120BAE00000000900688E0FF900683E06A
:10C510002F14FD900004E4F0A3EDF0EF14A3F0E07D
:10C52000FF75F00CA4248CF582E43406F583E0A3B7
:10C53000E0900007F0EF75F00CA4248EF582E4344F
:10C5400006F583120B45900008120BA27BFF7A7A46
:10C5500079AC90003C7410F0E4A3F0FD7F51FE1222
:10C5600001B27BFF7A7A79B590003C7410F0E4A3B5
:10C57000F07D14FFFE1201B2900004E0FEA3E0FF84
:10C58000E4FCFD900022120BA29000267410F0A390
:10C590007403F0A374FFF0E4A3F0A304F07D147F10
:10C5A000501201BC7BFF7A7A79BF90003C7410F086
:10C5B000E4A3F07D28FFFE1201B2900006E075F0C2
:10C5C00014A42422F9740635F0FA7B0190003C741F
:10C5D00010F0E4A3F07D287F50FE1201B290000716
:10C5E000E06044C394117480948050187BFF7A7A81
:10C5F00079C990003C7410F0E4A3F07D3CFFFE127A
:10C6000001B28023900007E0C39417748094805097
:10C61000167BFF7A7A79D390003C7410F0E4A3F093
:10C620007D3CFFFE1201B2900007E0FF7E00700328
:10C6300002C7DFC3941174809480400302C6F2C322
:10C64000EF9405748094804013D3EF940874809421
:10C65000804022EF940D7480948050197BFF7A7A89
:10C6600079DD90003C7410F0E4A3F07D3C7F50FE37
:10C670001201B280177BFF7A7A79E190003C741046
:10C68000F0E4A3F07D3C7F50FE1201B2E47B0AFA95
:10C69000F9F8900008120B451209E1AB07AA06C091
:10C6A00002C003E47B0AFAF9F8900008120B451265
:10C6B00009E1AF03900010EAF0A3EFF0A37403F0D8
:10C6C000A37401F0A37410F0A374FFF0E4A3F0D0FE
:10C6D00003D0027D3C7F6B1201C67BFF7A7A79E53D
:10C6E00090003C7410F0E4A3F07D3C7F98FE1201B2
:10C6F000B222900007E0C39415748094805072E4D5
:10C700007B64FAF9F8A3120B451209E1AB07AA06FC
:10C71000C002C003E47B64FAF9F8900008120B45EC
:10C720001209E1AC00AD01AE02AF03E47B0AFAF9F5
:10C73000F81209E1900010EEF0A3EFF0A37402F0FC
:10C74000A314F0A37410F0A374FFF0E4A3F0D003DB
:10C75000D0027D3C7F501201C67BFF7A7A79E79048
:10C76000003C7410F0E4A3F07D3C7F7DFE1201B22A
:10C7700022900007E0C39417748094805061E47B9A
:10C7800064FAF9F8A3120B451209E1AB07AA06C037
:10C7900002C003E47B64FAF9F8900008120B45121A
:10C7A00009E1AF03900010EAF0A3EFF0A37402F0E8
:10C7B000A3F0A37410F0A374FFF0E4A3F0D003D0AF
:10C7C000027D3C7F501201C67BFF7A7A79E99000A6
:10C7D0003C7410F0E4A3F07D3C7F7DFE1201B22298
:10C7E00090001BEFF0A3EDF0900022120C29E94A13
:10C7F0004B700302CA9490001D120B459000261244
:10C800000BA2E490002CF0A3F0900021E0FF339500
:10C81000E0FEEF4E70169000257441F09000221259
:10C820000C2990000174491207548014900025745B
:10C8300056F0900022120C299000017455120754F2
:10C84000EF4E707B7F0AFEFDFC900026120B6112FA
:10C850000956E47B107A27F9F81209E190002E12AC
:10C860000BA2E47FE87E03FDFC90002E120B61C357
:10C87000120AA45030E47B0AFAF9F890002E120B49
:10C88000451209E190002AEFF0E47B0AFAF9F890EA
:10C89000002E120B451209E190002BEBF0E4A3F0FF
:10C8A000A3F002C935E47B107A27F9F8900026122C
:10C8B0000B451209E190002CEEF0A3EFF08076908A
:10C8C0000026120B4590002E120BA2E47F107E274B
:10C8D000FDFC90002E120B61C3120AA44019E47BE8
:10C8E00064FAF9F8900026120B451209E190002C29
:10C8F000EEF0A3EFF0803EE47B64FAF9F890002EAE
:10C90000120B451209E190002AEFF0E47B64FAF97A
:10C91000F890002E120B451209E1AC00AD01AE02F9
:10C92000AF03E47B0AFAF9F81209E190002BEFF06B
:10C93000E4A3F0A3F090001BE02430FF900022124B
:10C940000C29EF12074290001CE024FE60171460CF
:10C95000242402702E900022120C2990000274618F
:10C96000120754801E900022120C2990000274635A
:10C97000120754800E900022120C29900002746F4E
:10C98000120754900022120C29900003743D1207E4
:10C990005490002CE0FEA3E0FF4E704690002AE089
:10C9A000FD75F00A842430900004120754ED75F0F0
:10C9B0000A84E5F0243090000512075490000674B4
:10C9C0002E12075490002BE02430900007120754D9
:10C9D000900025E0900008120754900009E4120727
:10C9E0005422D3EF940FEE9427400A90002C742722
:10C9F000F0A3740FF090002CE0FEA3E0FF7C037D19
:10CA0000E8120788EF2430FF900022120C299000D2
:10CA100004EF12075490002CE0FEA3E0FF7C007DA1
:10CA2000641207887C007D0A120788ED2430FF908D
:10CA30000022120C29900005EF12075490002CE000
:10CA4000FEA3E0FF7C007D0A1207887C007D0A12AD
:10CA50000788ED2430FF900022120C29900006EF89
:10CA600012075490002CE0FEA3E0FF7C007D0A1228
:10CA70000788ED2430FF900022120C29900007EF68
:10CA8000120754900025E090000812075490000906
:10CA9000E412075422EF24FB606C24FD700302CBE8
:10CAA0004A24FD700302CB6424FD700302CB83246F
:10CAB000FD700302CC45240F600302CC9C90061A43
:10CAC000E0FFFD3395E0FC74142DF58274063CF50F
:10CAD00083E004F074142DF58274063CF583E0FDC8
:10CAE0003395E0FCD3ED9409EC648094805003020C
:10CAF000CC9CEF3395E0FE74142FF58274063EF55E
:10CB000083E4F002CC9C90061AE0FFFD3395E0FC34
:10CB100074142DF58274063CF583E014F074142D22
:10CB2000F58274063CF583E03395E0C3648094801D
:10CB3000400302CC9CEF3395E0FE74142FF5827411
:10CB4000063EF5837409F002CC9C90061AE014F0BE
:10CB5000E03395E0C364809480400302CC9C74056C
:10CB6000F002CC9C90061AE004F0E0FF3395E0FE62
:10CB7000D3EF9405EE64809480500302CC9CE4F0E3
:10CB800002CC9C7B017A0779A5900007120C497AA8
:10CB900006791412EFDCEF4E700D7B017A067914E2
:10CBA00012F2EBEF4E6008900539E0640D70157BD2
:10CBB000017A06791412F3B1EF4E6052900539E014
:10CBC000640D704A900539E0900538F01201A89084
:10CBD000053B7401F0E4900003F0900003E0FFFDDA
:10CBE0003395E0FCC3ED9406EC648094805019EF1B
:10CBF0003395E0FE74142FF58274063EF583E4F05D
:10CC0000900003E004F080D2E490061AF022E49051
:10CC1000061AF0900003F0900003E0FFFD3395E06A
:10CC2000FCC3ED9406EC648094805070EF3395E083
:10CC3000FE74142FF58274063EF583E4F090000331
:10CC4000E004F080D2E490061AF0900003F0900027
:10CC500003E0FFFD3395E0FCC3ED9406EC648094A3
:10CC6000805019EF3395E0FE74142FF58274063E60
:10CC7000F583E4F0900003E004F080D2900539E001
:10CC8000640D60089005387401F0800690053874D2
:10CC90000CF01201A890053B7401F0227BFF7A771B
:10CCA00079BE90003C7410F0E4A3F07D287F1EFE56
:10CCB0001201B2E4900003F0900003E0FBFF339513
:10CCC000E0FEC3EF9406EE64809480505AE0FE7557
:10CCD000F00CA4246FFFC007EEFF3395E0FE741440
:10CCE0002FF58274063EF583E0FF3395E0FEFDFCF0
:10CCF000900022120BA29000267410F0A37401F091
:10CD000090061AE0B503047F0080027FFF900028A0
:10CD1000EFF0E4A3F0A304F0D0077D281201BC904B
:10CD20000003E004F0809122900142E584F07584D4
:10CD30000F9007BFE0601C9007C2E0FEA3E0FF90E9
:10CD400006DDE0FCA3E0C39FEC9E40079006D9E01F
:10CD50004410F0900800E0601C900803E0FEA3E09F
:10CD6000FF9006DFE0FCA3E0C39FEC9E4007900627
:10CD7000D9E04420F0E4FB9007ACE0FFEBC39F4018
:10CD80000302CFAFE4F9FAEB75F00FA424C9F582E2
:10CD9000E43407F583E0605DEB75F00FA424CCF577
:10CDA00082E43407F583E0FEA3E0FFEB25E025E015
:10CDB00024F1F582E43406F583E0FCA3E0C39FECA4
:10CDC0009E4032EB14601314601914601F2403702A
:10CDD000229006D8E04401F080199006D8E0440281
:10CDE000F080109006D8E04404F080079006D8E068
:10CDF0004408F07901EB75F00FA424C9F582E434FE
:10CE000007F583E0605DEB75F00FA424CCF582E4B8
:10CE10003407F583E0FEA3E0FFEB25E025E024F3F3
:10CE2000F582E43406F583E0FCA3E0C39FEC9E406A
:10CE300032EB14601314601914601F2403702290E5
:10CE400006D8E04410F080199006D8E04420F08025
:10CE5000109006D8E04440F080079006D8E0448067
:10CE6000F07A01E9706CEB75F00FA424C4F582E44C
:10CE70003407F583E0605BEB75F00FA424C7F582FF
:10CE8000E43407F583E0FEA3E0FFEB25E025E02492
:10CE9000E1F582E43406F583E0FCA3E0C39FEC9E59
:10CEA0004030EB14601314601914601F24037022C7
:10CEB0009006D7E04401F080199006D7E04402F0D4
:10CEC00080109006D7E04404F080079006D7E04435
:10CED00008F0EA706CEB75F00FA424C4F582E4341A
:10CEE00007F583E0605BEB75F00FA424C7F582E4DF
:10CEF0003407F583E0FEA3E0FFEB25E025E024E323
:10CF0000F582E43406F583E0FCA3E0C39FEC9E4089
:10CF100030EB14601314601914601F240370229006
:10CF200006D7E04410F080199006D7E04420F08046
:10CF3000109006D7E04440F080079006D7E0448088
:10CF4000F0EB75F00FA424CEF582E43407F583E00E
:10CF50006059EB75F00FA424D1F582E43407F58312
:10CF6000E0FEA3E0FFEB25E02401F582E43407F5C1
:10CF700083E0FCA3E0C39FEC9E4030EB14601314ED
:10CF8000601914601F240370229006D9E04401F058
:10CF900080199006D9E04402F080109006D9E04450
:10CFA00004F080079006D9E04408F00B02CD77909A
:10CFB0000142E0F58422900003EFF0900533E0FD9C
:10CFC0003395E0FCED4C70279007ACE0700A9007B9
:10CFD000ABE090061BF0800A9007ABE024049006BB
:10CFE0001BF09005337401F0900540F002D152ED32
:10CFF00064014C600302D07B900003E024F8600FD2
:10D0000024FA602924FD605C240C600302D1529054
:10D010000540E0FF3395E0FEEF64014E70067402B8
:10D02000F002D1529005407401F002D152900540B7
:10D03000E0FF3395E0FEEF64014E700B9005337412
:10D0400002F0E490053FF0EF64024E600302D1521B
:10D050009005387415F01201A8E4900533F090059E
:10D060003B04F022900538740CF01201A8E49005FE
:10D0700033F090053B04F02202D152900533E0FFDB
:10D080003395E0FEEF64024E600302D1529000033C
:10D09000E024FB603224F7604A24FD700302D14C87
:10D0A000240F600302D15290061BE004F0E0FF332E
:10D0B00095E0FED3EF9408EE64809480500302D193
:10D0C000527401F002D15290061BE014F0E0FF33DD
:10D0D00095E0FEC3EF9401EE648094805074740870
:10D0E000F0806F90061BE0FFFD3395E0FCC3ED94EC
:10D0F00005EC64809480500A900004EFF0E4A3F003
:10D10000800C90061BE024FC900004F0A3F07B014F
:10D110007A007904126C16EF60179005D8120B454F
:10D12000E47B01FAF9F812093B9005D8120BA280B2
:10D130002178AB7C077D017B017A0079047E007F3A
:10D14000021206819005337401F080069005337455
:10D1500001F0907AEC120C5290003C7410F09005A3
:10D1600033E0FF3395E0FEEF64014E70139005400D
:10D17000E0FF3395E0FEEF64014E70047F01800212
:10D180007F0090003DEFF07D14E4FFFE1201B27BC2
:10D19000FF7A7779F190004A7410F0E4A3F07D14DF
:10D1A0007F48FE1201AD90061BE0FF3395E0FE9034
:10D1B0007AEC75F003EF120C1DEE75F003A42583D5
:10D1C000F583120C5290003C7410F0900533E0FF90
:10D1D0003395E0FEEF64024E7013900540E0FF339C
:10D1E00095E0FEEF64014E70047F0180027F0090A5
:10D1F000003DEFF07D147F517E001201B27BFF7A7B
:10D200007779F390003C7410F0900533E0FF33958C
:10D21000E0FEEF64014E7013900540E0FF3395E0AF
:10D22000FEEF64024E70047F0180027F0090003D9B
:10D23000EFF07D28E4FFFE1201B222900009EDF02C
:10D24000AC07EC14A3F0C454F02414A3F0ECFF7E5C
:10D2500000C3940174809480500302D48DD3EF9462
:10D260000574809480400302D48D90000AE075F02C
:10D2700014A4241EF9740635F0FA7B01A3E0FD9096
:10D28000003C7410F0900009E090003DF0E4FFFED7
:10D290001201B290000AE0FF75F00CA4248CF58214
:10D2A000E43406F583E0FCA3E04C700302D457EFAE
:10D2B00075F00CA42492F582E43406F583E0FFC4F3
:10D2C000540F75F00AA4FEEF540F2EFF90000BE0F0
:10D2D000FB9000157408F0E4A3F07DABFC12014E46
:10D2E00090000BE0FD7BFF7A7A79A190004A7408E8
:10D2F000F0E4A3F07FBDFE1201AD90000AE075F0EE
:10D300000CA42493F582E43406F583E0FFC4540FA3
:10D3100075F00AA4FEEF540F2EFF90000BE0FB9077
:10D3200000157408F0E4A3F07DC6FC12014E9000D5
:10D330000BE0FD7BFF7A7A79A190004A7408F0E453
:10D34000A3F07FD8FE1201AD90000AE075F00CA4A6
:10D350002494F582E43406F583E0FFC4540F75F09D
:10D360000AA4FEEF540F2EFF90000BE0FB90001577
:10D370007408F0E4A3F07DE1FC12014E90000AE095
:10D3800075F00CA42495F582E43406F583E0FFC41F
:10D39000540F75F00AA4FEEF540F2EFF90000BE01F
:10D3A0002408FB9000157408F0E4A3F07DABFC1298
:10D3B000014E90000BE02408FD7BFF7A7779F19015
:10D3C000004A7408F0E4A3F07FBDFE1201AD9000A6
:10D3D0000AE075F00CA42496F582E43406F583E0A7
:10D3E000FFC4540F75F00AA4FEEF540F2EFF9000F7
:10D3F0000BE02408FB9000157408F0E4A3F07DC650
:10D40000FC12014E90000BE02408FD7BFF7A777937
:10D41000F190004A7408F0E4A3F07FD8FE1201AD49
:10D4200090000AE075F00CA42497F582E43406F528
:10D4300083E0FFC4540F75F00AA4FEEF540F2EFFD3
:10D4400090000BE02408FB9000157408F0E4A3F0B2
:10D450007DE1FC12014E2290000BE0FD7BFF7A7A09
:10D4600079A390003C7408F0E4A3F07FABFE1201B6
:10D47000B290000BE02408FD7BFF7A7A79A390003C
:10D480003C7408F0E4A3F07FABFE1201B2229006D8
:10D49000CB120BAE000000009006CF120BAE0000C6
:10D4A00000009006D3120BAE00000000E47B64FA8B
:10D4B000F9F89005C0120B45126DDF900046120B73
:10D4C000A2E47B64FAF9F89005BC120B45126DDFFB
:10D4D00090004A120BA2E4FFFEFDFC900046120BE6
:10D4E00061D3120A8E500302D6B4900046120B4547
:10D4F0009007B5E0900066F0E4A3F012EDDB900039
:10D500004E120BA2900046120B459007B4E090001B
:10D5100066F09007B3E0900067F012EDDB900052E8
:10D52000120BA290004E120B45900052120B61D3C9
:10D53000120A8E4024900052120B4590005E120B8E
:10D54000A290004E120B45900052120BA290005E6A
:10D55000120B4590004E120BA290004E120B4590FC
:10D56000004A120B61D3120A8E401790004E120B24
:10D570006190004A120B451209489006CB120BA28B
:10D58000800A9006CB120BAE0000000090005212F1
:10D590000B6190004A120B451209489006CF120BFE
:10D5A000A2E4FFFEFDFC9006CF120B61C3120A8EAF
:10D5B000500A9006CF120BAE0000000090005212ED
:10D5C0000B6190004E120B45120948900056120B49
:10D5D000A2E4FFFEFDFC900056120B61D3120A8EEE
:10D5E000500E90004E120B4590005A120BA2801E56
:10D5F000E47B03FAF9F8900056120B45126DDF90A8
:10D600000052120B6112093B90005A120BA29000BB
:10D610005A120B6190004A120B451209489006D32A
:10D62000120BA2900052120B4590004A120B61C3DC
:10D63000120A8E503490004E120B6190004A120B69
:10D64000451209489006CB120BA29006CF120BAEE2
:10D650000000000090005A120B6190004A120B4526
:10D660001209489006D3120BA2900052120B45905B
:10D67000004A120B61C3120A8E4039E4FFFEFDFC22
:10D680009006D3120B61C3120A8E500A9006D31271
:10D690000BAE000000009006CF120B459006D3128F
:10D6A0000B61D3120A8E400C9006CF120B459006E8
:10D6B000D3120BA2229005D6E0FEA3E0FBAA06E45B
:10D6C000FFEB30E0089008097401F08005E4900851
:10D6D00009F0EB30E1089008107401F08005E49047
:10D6E0000810F0EB30E2089008177401F08005E4B0
:10D6F000900817F0EB30E30890081E7401F08005E5
:10D70000E490081EF0EB30E42690080C7401F090D1
:10D710000809E064017001F0900765E04402F090B0
:10D7200006DAE04440F09006CAE04410F08013E4CA
:10D7300090080CF09006DAE054BFF09006CAE0546E
:10D74000EFF0EB30E5269008137401F0900810E03C
:10D7500064017001F0900765E04410F09006DAE093
:10D760004480F09006CAE04420F08013E49008134F
:10D77000F09006DAE0547FF09006CAE054DFF0EB58
:10D7800030E62690081A7401F0900817E0640170E2
:10D7900001F0900765E04480F09006DBE04401F082
:10D7A0009006CAE04440F08013E490081AF0900616
:10D7B000DBE054FEF09006CAE054BFF0EB30E731F6
:10D7C0009008217401F090081EE064017001F0904F
:10D7D0000764E0FCA3E0FDEC4404900764F0A3EDD3
:10D7E000F09006DBE04402F09006CAE04480F0804E
:10D7F000139006CAE0547FF0E4900821F09006DB15
:10D80000E054FDF0EA30E01B9006C9E0FCA3E0FD27
:10D81000EC54CF44109006C9F0A3EDF0E490080555
:10D82000F08023900805E060169006C9E0FCA3E0B4
:10D83000FDEC54CF44209006C9F0A3EDF080079092
:10D8400006C9E054CFF0AC02AD03EA30E151E4FF89
:10D850009007ABE0FEEFC39E5013EF75F007A424D2
:10D8600009F582E43408F583E4F00F80E39007645F
:10D87000E0FEA3E0FFEE4404FEEF4492FF90076455
:10D88000EEF0A3EFF09006DBE04404F09006C9E070
:10D89000FEA3E0FFEE44409006C9F0A3EFF0229013
:10D8A00006DBE054FBF09006C9E054BFF022900282
:10D8B00069E0C394087480948050037F0122900033
:10D8C000021206E2FF9000031206E2FF7E009000C3
:10D8D00026EEF0A3EFF09000041206E2FD900005A2
:10D8E0001206E2FD900028E4F0A3EDF0EF600302E1
:10D8F000D98C900028E07004A3E0640A600302D988
:10D900008C90079CE0900169F0A37404F0A3741458
:10D91000F07A01796C786C7C017D017B017A057964
:10D92000BC7E007F041206817A01797078707C01D8
:10D930007D017B017A0579C07E007F041206817A21
:10D9400001797478747C017D017B017A0579C87E48
:10D95000007F041206817A01797878787C017D0154
:10D960007B017A0579C47E007F041206817A0179F1
:10D970007C787C7C017D017B017A0579CC7E007FFF
:10D98000041206817F1712F3507F0022900026E0D8
:10D99000FEA3E0FFC39401EE9400500302DA9ED38D
:10D9A000EF9404EE9400400302DA9EA3E07004A317
:10D9B000E06406600302DA9E900026E0FCA3E0FD2E
:10D9C0001490002AF090079CE0900169F0A3740481
:10D9D000F0A3740CF09005E4F5F0ED120C1DEC755D
:10D9E000F00CA42583F583120B45E47BE87A03F958
:10D9F000F81209E190002B120BA2900026E0FEA382
:10DA0000E09005E875F00C120C1DEE75F00CA425E5
:10DA100083F583120B45E47BE87A03F9F81209E1F8
:10DA200090002F120BA2900026E0FEA3E09005ECE0
:10DA300075F00C120C1DEE75F00CA42583F5831205
:10DA40000B45E47B0AFAF9F8120956900033120BE1
:10DA5000A27A01796C786C7C017D017B017A007976
:10DA60002B7E007F041206817A01797078707C0128
:10DA70007D017B017A00792F7E007F041206817A76
:10DA800001797478747C017D017B017A0079337EA1
:10DA9000007F041206817F0F12F3507F00227F0166
:10DAA0002290006C120C4990006FEDF090007A12F9
:10DAB0000BAE7FFFFFFFE490007EF0A3F0A3F0A386
:10DAC000F0A3F0A3F0A3120BAE00000000900088BA
:10DAD000120BAE000000009007ABE090008CF090BD
:10DAE0000074120C29E94A600A900077120C29E9A7
:10DAF0004A70037FFF2290006FE0C3940274809409
:10DB00008050037FFE2290006C120C29E94A7003BA
:10DB10007FFF22E490007EF090006FE0FF90007E97
:10DB2000E0FEC39F400302DC4E90006C120C298E75
:10DB3000827583001206E2900080F0C39401748025
:10DB40009480500302DC4590008CE0FF900080E060
:10DB5000FED39F400302DC45EE14900082F090005B
:10DB60007EE004A3F090006FE0FF90007FE0FEC332
:10DB70009F400302DC4590006C120C298E82758355
:10DB8000001206E2900081F0C394017480948050EA
:10DB90000302DC3C90008CE0FF900081E0FED39F0C
:10DBA000400302DC3CEE14900083F075F007A424DF
:10DBB00007F582E43408F583E0FEA3E0FF900082DD
:10DBC000E075F007A42407F582E43408F583E0FC4F
:10DBD000A3E02FFFEC3EFEE4FCFD7B64FAF9F812B3
:10DBE0000956900084120BA2900070120B619000F5
:10DBF00084120B4512094812739D900088120BA2E3
:10DC000090007A120B45900088120B61C3120A8EA5
:10DC1000502A900088120B4590007A120BA29000B7
:10DC200080E0FF900074120C29EF120742900081EF
:10DC3000E0FF900077120C29EF12074290007FE07E
:10DC400004F002DB6590007EE004F002DB1874FF54
:10DC5000FFFEFD7C7F90007A120B61C3120A8E706A
:10DC6000037FFF227F0122EF120C7EDCF300DCFA3F
:10DC700001DD0102DD0803DD0F04DCFA05DD01062C
:10DC8000DD0807DD0F08DD1609DD1D0ADD240BDDCB
:10DC90002B0CDD160DDD1D0EDD240FDD2B10DD320E
:10DCA00011DD3912DD4013DD4714DD4E15DD55164B
:10DCB000DD5C17DD6318DD6A19DD711ADD781BDDA7
:10DCC0007F1CDD861DDD8D1EDD941FDD9B20DDA20A
:10DCD00021DDA922DDB023DDB724DDBE25DDC5268B
:10DCE000DDCC27DDD328DDDA29DDE12ADDE82B00D4
:10DCF00000DDEF7BFF7A7879E7227BFF7A7879F491
:10DD0000227BFF7A797901227BFF7A79790E227B57
:10DD1000FF7A79791B227BFF7A797928227BFF7A37
:10DD2000797935227BFF7A797942227BFF7A79797A
:10DD30004F227BFF7A79795C227BFF7A797969229D
:10DD40007BFF7A797976227BFF7A797983227BFF50
:10DD50007A787974227BFF7A787981227BFF7A79CD
:10DD60007990227BFF7A79799D227BFF7A7979AA53
:10DD7000227BFF7A7979B7227BFF7A7979C4227B7B
:10DD8000FF7A7979D1227BFF7A7979DE227BFF7A5B
:10DD90007979EB227BFF7A7979F8227BFF7A7A799D
:10DDA00005227BFF7A7A7912227BFF7A7A791F2209
:10DDB0007BFF7A7A792C227BFF7A7A7939227BFF72
:10DDC0007A7A7946227BFF7A7A7953227BFF7A7AB4
:10DDD0007960227BFF7A7A796D227BFF7A7A797A71
:10DDE000227BFF7A7A7987227BFF7A7A7994227B69
:10DDF000FF7A7879E722E4900004F0A3F090068897
:10DE0000E0FE900006F0EF24FB607024FD7003023A
:10DE1000DEC124FD700302DEE724FD700302DF0B88
:10DE200024FD700302DF1B240F600302DF3BEED3EF
:10DE3000940174809480400F900688E014F0900064
:10DE4000047401F002DF3B9006C8E0D394017480B3
:10DE500094804012E014F09006887405F09000055C
:10DE60007401F002DF3B9006C87414F090068874C9
:10DE700005F09000057401F002DF3B900688E0C3D6
:10DE8000940574809480500CE004F09000047401B8
:10DE9000F002DF3B9006C8E0C39414748094805075
:10DEA00010E004F09006887401F0900005F002DFA5
:10DEB0003B9006C87401F0900688F0900005F08051
:10DEC0007A9006C8E0D3940174809480400BE014EB
:10DED000F09000057401F080629006C87414F09010
:10DEE00000057401F080549006C8E0C39414748057
:10DEF0009480500BE004F09000057401F0803C9099
:10DF000006C87401F0900005F08030900538741751
:10DF1000F01201A890053B7401F0229005387401BD
:10DF2000F0E4900689F090061D04F01201A8900517
:10DF30003B7401F09005457405F022900005E070F7
:10DF40000690068BE0600712E90512F46A22900041
:10DF500004E06014900006E0FFE4FD12D23B90065E
:10DF600088E0FF7D0112D23B2290077AE0FEA3E019
:10DF7000FF7C007D64120CAAC00790077CE0FFFBC9
:10DF8000E4FAF9F8D0071209E1900744120BA290C5
:10DF9000077DE0FEA3E0FF7C007D64120CAAC007B1
:10DFA00090077FE0FFFBE4FAF9F8D0071209E1904F
:10DFB0000748120BA2900780E0FEA3E0FF7C007DE3
:10DFC00064120CAAC007900782E0FFFBE4FAF9F89C
:10DFD000D0071209E190074C120BA2900783E0FED4
:10DFE000A3E0FF7C007D64120CAAC007900785E0C7
:10DFF000FFFBE4FAF9F8D0071209E1900750120B81
:10E00000A2E4900046F09007ACE0FF900046E0C329
:10E010009F400302E0C5E0FB75F00FA424C5F58224
:10E02000E43407F583E0FEA3E0FFE4FCFDEB25E02C
:10E0300025E02444F582E43407F583120B611209CC
:10E0400056900046E0FB25E025E02419F582E434F3
:10E0500007F583120BA2EB75F00FA424CAF582E436
:10E060003407F583E0FEA3E0FFE4FCFDEB25E025AB
:10E07000E02444F582E43407F583120B611209565B
:10E08000900046E0FB25E025E02409F582E4340712
:10E09000F583120BA2EB75F00FA424CFF582E434C4
:10E0A00007F583E0FEA3E0FFE4FCFDEB25E025E0BF
:10E0B0002429F582E43407F583120BA2900046E090
:10E0C00004F002E00622900003EFF078047C007D6B
:10E0D000017BFF7A7B791F7E007F0312068190000F
:10E0E00003E06411700F90053804F01201A8900548
:10E0F0003B7401F0227BFF7A7779F390003C741037
:10E10000F0E4A3F0FD7F54FE1201B27BFF7A787930
:10E11000DA90003C7410F0E4A3F07D14FFFE1201CD
:10E12000B27B017A00790490012DE4F0A37403F02E
:10E13000E4FFFE1247A0900004E0FF700302E1E854
:10E14000E4FCFDFE900022120BA29000267410F059
:10E15000A37402F0A374FFF0E4A3F0A304F07D1411
:10E160007F301201BC7BFF7A7879E090003C74101C
:10E17000F0E4A3F07D147F42FE1201B2900005E0AE
:10E18000FFE4FCFDFE900022120BA290002674100A
:10E19000F0A37402F0A374FFF0E4A3F0A304F07DF5
:10E1A000147F4B1201BC7BFF7A7879E090003C74BD
:10E1B00010F0E4A3F07D147F5DFE1201B290000622
:10E1C000E0FFE4FCFDFE900022120BA290002674FA
:10E1D00010F0A37402F0A374FFF0E4A3F0A304F022
:10E1E0007D147F661201BC227BFF7A7879E2900071
:10E1F0003C7410F0E4A3F07D147F30FE1201B222D3
:10E2000090006C120C4990006FEDF0FFE4900071EB
:10E21000F0FDFCA3F0A3F0A3F09007ABE090007535
:10E22000F0EF600A90006C120C29E94A70037F003D
:10E23000221206C9900073F0C39401748094804048
:10E240000E900075E0FF900073E0FED39F40037FC7
:10E250000022EE14FF900074F0900071EEF0EF7564
:10E26000F007A4240AF582E43408F583E0FCA3E077
:10E27000FD9000727401F090006FE0FF900072E07A
:10E28000FEC39F400302E31690006C120C298E829D
:10E290007583001206E2900073F0C39401748094B9
:10E2A00080406A900075E0FF900073E0FED39F50BD
:10E2B0005CEE14A3F0900070E0602A900074E075AA
:10E2C000F007A4240AF582E43408F583E0FEA3E015
:10E2D000FFC39DEE9C5036AC06AD07900073E090F6
:10E2E0000071F08028900074E075F007A4240AF50E
:10E2F00082E43408F583E0FEA3E0FFD39DEE9C406A
:10E300000CAC06AD07900073E0900071F0900072C5
:10E31000E004F002E277900071E0FFC394017480A2
:10E3200094804010900075E0FEEFD39E5006900060
:10E3300071E080027F002290005F120BA2E4900047
:10E3400068F0A3F0A374FEF09007B8E090006BF0C3
:10E35000E4900063F0A3F0A3F0A3F07B017A0079CE
:10E3600063FF12EAF9900067EFF070037FFE2290DE
:10E3700007697401F090006BE014602D146076144E
:10E38000605314600302E4487B017A0079639000D3
:10E3900067E0FDE4900070F012E200900068EFF09A
:10E3A00090006A7401F002E44E7B017A0079639078
:10E3B000005F120B45900070120BA2E4900074F005
:10E3C000900067E0FD12E59F900068EFF090006A12
:10E3D0007401F080797B017A007963900067E0FD39
:10E3E000E4900070F012ED2B900068EFF090006A5E
:10E3F0007401F0805990005F120B45900070120B71
:10E40000A27B017A007968900074120C497A0009A5
:10E41000900077120C49900067E0FD7A0079631252
:10E42000DAA1EF3395E0FEEF64014E7013900069BE
:10E43000E0900768F0A37402F090006A14F0800E78
:10E4400090006A74FEF0800690006A74FEF09000FE
:10E450006AE0FFFD3395E0FCED64014C700D900027
:10E4600068E0900767F0E4900772F02290005E1277
:10E470000BA2E4FFFEFDFC90005E120B61C3120ACA
:10E480008E400E90005E120B45900066120BA2802B
:10E490000F90005E120B45120A80900066120BA2CC
:10E4A000E4FFFEFDFC900062120B61C3120A8E4075
:10E4B0000E900062120B4590006A120BA2800F9022
:10E4C0000062120B45120A8090006A120BA29000A3
:10E4D00066120B45A804A905AA06AB0712095690B7
:10E4E000006E120BA290006A120B45A804A905AA9F
:10E4F00006AB0712095690006E120B6112093B120F
:10E50000F113900072EEF0A3EFF04E7003FEFF22C5
:10E51000900066120B45E47BE87A03F9F81209567D
:10E52000C006C007900072E0FEA3E0FFFBAA06E46D
:10E53000F9F8D007D006126DDF900074EEF0A3EF6B
:10E54000F0E4FFFEFDFC900062120B61D3120A8E14
:10E550004014900074E0FEA3E0FFE49FFFE49E906F
:10E560000074F0A3EFF0D3900075E094E89000748D
:10E57000E06480948340077403F0A374E8F0C390D0
:10E580000075E09418900074E06480947C500774E7
:10E59000FCF0A37418F0900074E0FEA3E0FF22905A
:10E5A000006C120C4990006FEDF0FBE4900075F0E8
:10E5B000A3120BAE00000000E490007AF0A3F0A3D9
:10E5C000F0A3120BAE00000000EB600A90006C128A
:10E5D0000C29E94A70037F00221206C9FF90007BD4
:10E5E000F07E00C3940174809480400AD3EF9404B9
:10E5F0007480948040037F002290007BE0FF14FE33
:10E60000A3F0900075EFF0EE75F007A42407F582F3
:10E61000E43408F583E0FEA3E0FFE4FCFD90007025
:10E62000120B6112094812739D900076120BA29092
:10E63000007A7401F090006FE0FF90007AE0FEC372
:10E640009F400302E6C890006C120C298E827583ED
:10E65000001206E2FF90007BF07E00C394017480FC
:10E660009480405BD3EF9404748094805051E01404
:10E67000A3F075F007A42407F582E43408F583E0DD
:10E68000FEA3E0FFE4FCFD900070120B611209484C
:10E6900012739D90007D120BA2900076120B459094
:10E6A000007D120B61C3120A8E501490007D120B74
:10E6B00045900076120BA290007BE0900075F090E0
:10E6C000007AE004F002E635900075E0FF22900247
:10E6D0006DE0600302E7EA90026CE064026003020E
:10E6E000E7EAFF900269E0FEEFC39E501B74492FDA
:10E6F000F582E43401F583E0FE74062FF582E434FC
:10E7000000F583EEF00F80DB90079CE0FF900006A1
:10E71000E06F600AE490026CF0900269F022C2B6E9
:10E72000D205900A94740AF0900269E02404F582FC
:10E73000E43400F583E0FE900269E02405F582E40C
:10E740003400F583E0FDEEEDFF900003EEF0A3EF63
:10E75000F07B017A007906900269E024FEFD12F553
:10E7600057900003E06E7003A3E06F600AE490022C
:10E770006CF0900269F022900007E0FF900002F038
:10E780009000057401F0EF24FD602714601424024A
:10E7900070307B017A00790612F27F900005EFF06D
:10E7A000802F7B017A00790612D8AE900005EFF039
:10E7B000801F7B017A00790612BE4D900005EFF0B4
:10E7C000800F900002E0FF7D0112F6B0E49000059A
:10E7D000F0900005E0600A900002E0FF7D0212F672
:10E7E000B0E490026CF0900269F0229009A9120B3B
:10E7F000A29009AF120BAE00000000E4FFFEFDFC8A
:10E800009009A9120B61C3120A8E50047F01800285
:10E810007F009009B3EFF0600B9009A9120B45122D
:10E820000A8080069009A9120B459009B4120BA228
:10E830009009B4120B45EFEEE4AB07AA069009B4B9
:10E84000120B457810120AB5EFEEE4AD07AC069056
:10E8500009B8E584F075840375C309E4F5C0F5C310
:10E86000EAF5C2AF03EFF5C19009ADE0FAA3E0FB12
:10E87000EAF592EBF591ECF5C2AF05EFF5C18B919E
:10E88000000000AF96E4FCFDFE7818120AC8A3123F
:10E890000BA29009AF120B61C000AF95E4FCFDFE26
:10E8A0007810120AC8D000120A739009AF120BA296
:10E8B0009009AF120B61C000AF94E4FCFDFE780834
:10E8C000120AC8D000120A739009AF120BA2900965
:10E8D000AF120B61AF93E4FCFDFE120A739009AF17
:10E8E000120BA29009B8E0F5849009B3E0600F9094
:10E8F00009AF120B45120A809009AF120BA29009C2
:10E90000AF120B45229006C8E075F005A424FC90D8
:10E910000683F0E4900008F0900008E0FFC394053F
:10E9200074809480400302E9F7900683E02F900002
:10E9300007F0D394647480948040467E007F0CC0BE
:10E9400006C0077D00A3E075F00CA4248CF97406C2
:10E9500035F0FA7B01D007D006120E817E007F14BD
:10E96000C006C0077D00900008E075F014A4241EC6
:10E97000F9740635F0FA7B01D007D006120E8180BB
:10E980006D900007E0FF12F5CAEF75F00CA4244467
:10E99000FDE5F03428FC900008E075F00CA4248C10
:10E9A000F9740635F0FA7B0190012DE4F0A3740CA4
:10E9B000F0AF05AE041247A0900008E075F00CA47B
:10E9C000248CF9740635F0FA7B01C002C001900076
:10E9D00007E0FDA3E075F014A4241EF9740635F0D9
:10E9E000FA90000D120C49D001D00212EC76900082
:10E9F00008E004F002E9189006897401F0A3F022FF
:10EA000090005F120BA278637C007D017BFF7A7D12
:10EA100079227E007F04120681E4900067F0A3F063
:10EA20007B017A0079637F0112EAF9900069EFF0C7
:10EA30009007B8E0FEEF70037FFE22900769740133
:10EA4000F0EE14602714605514604814600302EA65
:10EA5000E67B017A007963900069E0FD90007074B4
:10EA600001F012E200900067EFF0807D7B017A00F8
:10EA7000796390005F120B45900070120BA290001A
:10EA8000747401F0900069E0FD12E59F900067EF5B
:10EA9000F08056900063E0900067F0804C90005F3B
:10EAA000120B45900070120BA27B017A00796790DF
:10EAB0000074120C497A0009900077120C499000FA
:10EAC00069E0FD7A00796312DAA1EF3395E0FEEF99
:10EAD00064014E700E900068E0900768F0A3740225
:10EAE000F080067FFE227FFE22900067E09007679D
:10EAF000F0E4900772F07F012290006CEFF0A31217
:10EB00000C49E4FF9007ABE0900070F0E4FEEEC328
:10EB1000940474809480501290006D120C298E829F
:10EB2000758300E41207540E80E4E4FE900070E068
:10EB3000FDEEC39D400302EBBBEE75F007A4240677
:10EB4000F582E43408F583E06401706B74762EF589
:10EB500082E43407F583E0705EEE75F007A4240CC0
:10EB6000F582E43408F583E0704D90006CE0FD60C0
:10EB700011EE75F007A42409F582E43408F583E06A
:10EB80006016ED7032EE75F007A42409F582E434C6
:10EB900008F583E06401701FEE04FD90006D120C17
:10EBA00029AC070F8C82758300ED120754EFC394D4
:10EBB000047480948050040E02EB2C22EF24F56044
:10EBC0000C24FD602024FD603B2409704690054024
:10EBD000E0FF3395E0FEEF4E700404F08035E490E2
:10EBE0000540F0802EE4900538F01201A890053B16
:10EBF0007401F0900540E0FF3395E0FEEF4E707534
:10EC000012F20E22E4900538F01201A890053B7430
:10EC100001F0227BFF7A7879C290003C7410F0E416
:10EC2000A3F07D24FFFE1201B27BFF7A7879D490A5
:10EC3000003C7410F0900540E060047F0080027F8B
:10EC40000190003DEFF07D387F547E001201B27BD1
:10EC5000FF7A7879D790003C7410F0900540E0601E
:10EC6000047F0180027F0090003DEFF07D387FA29D
:10EC70007E001201B222900009120C49E4FE120833
:10EC80003FFF12DC67900010120C49900009120C33
:10EC900029E94A700302ED2A90000D120C29E94A75
:10ECA000700302ED2AAF057B017A06798412F59292
:10ECB000900684E0FF90000D120C290E900000EFEA
:10ECC000120754900685E00E90000112075490063A
:10ECD00086E00E9000021207540E9000037420127A
:10ECE0000754900010120C291206C9602CEEC39430
:10ECF00013748094805022900010E475F001120C7F
:10ED0000321206C9FF90000D120C29AD060E8D823D
:10ED1000758300EF12075480C990000D120C29AFC3
:10ED2000068F82758300E412075422E4FFFE9000F0
:10ED300071F09007ABE0900072F0ED6004E94A706A
:10ED4000037F0022900070E0603EE4FE900072E0DD
:10ED5000FDEEC39D501CEE75F007A42409F582E476
:10ED60003408F583E07008EE04900071F080030E23
:10ED700080DA900071E0FE60431206C9FDEE6D700E
:10ED80003B900071E0FF80341206C9900073F0C31D
:10ED90009401748094804024900072E0FEA3E0FD12
:10EDA000D39E5018ED75F007A42402F582E43408D0
:10EDB000F583E064017005900073E0FFEFC39401F8
:10EDC00074809480400E900072E0FEEFD39E500459
:10EDD000AD0780047F007D00AF0522900062120B1A
:10EDE000A2E4FFFEFDFC900062120B61D3120A8EBA
:10EDF000400E900066E06008D39464E494004006FE
:10EE0000E4FFFEFDFC22900066E0FB7A00C3946400
:10EE1000EA94004006E4FFFEFDFC22900068EAF060
:10EE2000A3EBF0900068E0FCA3E0FDFFAE04120746
:10EE300076C374109FFF74279EFEE4FCFD12F1134D
:10EE4000E4FCFD900062120B6112095690006A12F8
:10EE50000BA2900068E0FEA3E0FFFBAA06E4F9F82D
:10EE6000A3120B45126DDF90006E120BA29000678B
:10EE7000E0600F90006E120B45120A8090006E1237
:10EE80000BA290006E120B4522E4FF900766E0147F
:10EE9000600E14600B14602624037026E4FF8028A3
:10EEA000D390076BE0940090076AE09400400B74E5
:10EEB000FFF5F0120813E4FF800E7F01800AE4FFE3
:10EEC0008006E4900766F0FFE4FEEEC394047480CD
:10EED00094805060EE25E025E02454F582E4340768
:10EEE000F583E06401704AEE25E025E02455F582C3
:10EEF000E43407F583E004F0EE25E025E02455F541
:10EF000082E43407F583E0C3940274809480402146
:10EF1000EE25E025E02454F582E43407F5837402FD
:10EF2000F0EE25E025E02455F582E43407F583E48E
:10EF3000F00E809622EF700302EFC39007ADE0FB66
:10EF400024C36016243D7027900764E054DFF090DE
:10EF50000740120BAE0000000022900764E044203E
:10EF6000F0A3E0F0900740120BAE0000000022EB8F
:10EF7000FF3395E0FEC3EF9401EE6480948040304F
:10EF8000D3EF943CEE648094805025900764E04475
:10EF900020F0A3E0F09007ADE0FF3395E0FEFDFC2C
:10EFA000E47B3CFAF9F8120956900740120BA222B2
:10EFB000900764E054DFF0900740120BAE000000B1
:10EFC000002222900764E054DFF0900740120BAE5D
:10EFD00000000000900764E054BFF022900004128B
:10EFE0000C49900007120C291206C9FF9000041268
:10EFF0000C291206C96F600302F07B900007120C07
:10F00000299000011206E2FF900004120C299000E2
:10F01000011206E26F7064900007120C2990000242
:10F020001206E265E070549000031206E2FF9000C1
:10F0300004120C299000031206E26F703E90000744
:10F04000120C299000041206E2FF900004120C2911
:10F050009000041206E2B50722900007120C2990D6
:10F0600000051206E2FF900004120C299000051220
:10F0700006E2B507067E007F0180047E007F002245
:10F08000E4FE9006C8E0FF7B017A06798412F6213F
:10F09000900684E0FF7D000EED2409F582E4340043
:10F0A000F583EFF0900685E0FF0D0E74092DF582D3
:10F0B000E43400F583EFF00E74092402F582E434A1
:10F0C00000F583742FF07F1412F621900684E0FF80
:10F0D0000E74092403F582E43400F583EFF0900602
:10F0E00085E0FF0E74092404F582E43400F583EF13
:10F0F000F074092405F582E43400F583E4F07A0025
:10F10000790990003C7410F0E4A3F01D7FC3FE1257
:10F1100001B222900076120BA2E4FFFEFDFC9000EB
:10F1200076120B61C3120AA47003FEFF2290007ACC
:10F13000E4F0A304F0E4A3F0A3F0A3F090007EE0D9
:10F14000C3940874809480504590007AE0FEA3E058
:10F15000FFA3EEF0A3EFF0FBAA06E4F9F890007627
:10F16000120B451209E190007BE02FFF90007AE03E
:10F170003EC313FEEF13FFEEF0A3EFF0A3E06E70BB
:10F1800003A3E06F600890007EE004F080AE900082
:10F190007AE0FEA3E0FF2290005F120C499000622B
:10F1A000ECF0A3EDF0A374FFF0E4FDFCD39000635A
:10F1B000E09D900062E09C404F900064E0FF900072
:10F1C0005F120C298D828C831206E2FEEF6E900096
:10F1D00064F0E4FFFEC3EF9408EE94005023900027
:10F1E00064E0FB30E70725E06431FB8008900064B1
:10F1F000E0FB25E0FB900064EBF00FEF70010E8068
:10F20000D40DED70010C80A4900064E0FF22E49026
:10F210000003F0900003E0C39406748094805021B2
:10F22000E0FF24D7F582E43406F583E4F0743A2F46
:10F23000F582E43407F583E4F0900003E004F08005
:10F24000D2C201E4FF12EF357E007F2C7D007B01EE
:10F250007A0679DD120E81E4900003F0900003E05D
:10F26000FFC3940474809480501474762FF582E464
:10F270003407F583E4F0900003E004F080DE229090
:10F280000269E0640860037F01229000021206E236
:10F29000FF9000031206E2FF900026E4F0A3EFF0D7
:10F2A0009000041206E2FF9000051206E2FF7E00C5
:10F2B000900026E07002A3E07006EF640E4E60033B
:10F2C0007F012290079CE0900169F0A37402F0A3F3
:10F2D000F09006C9E090016CF09006C9E0A3E090C0
:10F2E000016DF07F0512F3507F00221206C9FF3333
:10F2F00095E0FEEF64024E70529000011206E2FFAC
:10F300003395E04F70459000021206E2FF3395E01E
:10F31000FEEF64024E70349000031206E2FF339554
:10F32000E0FEEF64034E70239000041206E2FF3308
:10F3300095E0FEEF64024E70129000051206E2FFA7
:10F340003395E04F7005FE7F0180047E007F002230
:10F35000900128EFF0A3E584F090026DE0705190E9
:10F360000128E0FF2402D39400E494015042EF60AE
:10F370003FE4F584C2AF7B017A017969E0FD12F5C3
:10F3800057AD07AC06ECFF900128E0FE2469F5823A
:10F39000E43401F583EFF0ED746A2EF582E4340174
:10F3A000F583EDF0D2AF900128E02402FF126D0644
:10F3B000221206C9FF3395E0FEEF64014E704A90B9
:10F3C00000011206E2FF3395E0FEEF64014E703952
:10F3D0009000021206E2FF3395E04F702C9000037C
:10F3E0001206E2FF3395E04F701F9000041206E210
:10F3F000FF3395E04F70129000051206E2FF33953F
:10F40000E04F7005FE7F0180047E007F00229000A7
:10F410005E120BA2900062120BAE00800000900002
:10F4200066120BAE0100000090005E120B45EFEE7D
:10F43000EDE4FC90006A120BA2900062120B459062
:10F44000006A120B61C3120AA44018900066120BE6
:10F4500045AB07AA06A905A80490006A120B45123D
:10F4600009482290006A120B4522900689E06052FA
:10F470007BFF7A7A79AC90003C7410F0E4A3F0FD45
:10F480007F51FE1201B212F080E4900007F090006C
:10F4900007E0FFC39405748094805021EF04FF902F
:10F4A0000688E0B507047E0180027E00900008EE29
:10F4B000F0FD12D23B900007E004F080D1E490060A
:10F4C0008AF022E47F64FEFDFC9005C8120B61D334
:10F4D000120A8E50037F04229007AFE0FEA3E0FFE4
:10F4E0007C007D0A120776E4FD9005C8120B61D3FB
:10F4F000120A8E40037F03229007B1E0FEA3E0FFD3
:10F500007C007D0A120776E4FD9005C8120B61C3EA
:10F51000120A8E50037F02227F0122E4FFFEFDFCCF
:10F52000900740120B61D3120AA4402A90074012A0
:10F530000B4574FFFBFAF9F812093B900740120BD8
:10F54000A2E4FFFEFDFC900740120B61C3120AA467
:10F550007004FF12EF352290012A120C4990012D00
:10F56000EDF07FFF7DFF90012DE0FE14F0EE601DB9
:10F5700090012AE475F001120C321206C96FFE9058
:10F580007B22936DFFEE907C2293FD80D9EFFEED00
:10F59000FF22E94A6033EF75F06484243012074299
:10F5A000EF75F06484E5F075F00A84243090000172
:10F5B000120754EF75F00A84E5F02430900002122F
:10F5C0000754900003E412075422AE07EEFD7C00BE
:10F5D000C3940174809480400AD3ED946474809441
:10F5E0008040037F0022AF06900682E0C39F24651F
:10F5F00075F06484AFF022900003EFF090061DE0F8
:10F60000600912F646E490061DF022900003E0FF28
:10F61000700690068BE0600812DDF6E490068BF031
:10F6200022E94A6020EF75F00A842430120742EF85
:10F6300075F00A84E5F02430900001120754900020
:10F6400002E4120754229006C87401F0900688F074
:10F65000E4A3F012F6D9900682EFF012E90512F455
:10F660006A22E4900766F090076AF0A3F0900773AF
:10F67000F0900775F0900769F0900767F022EF644B
:10F680001170139005387406F01201A890068B745F
:10F6900001F090053BF022900A91EFF0E4900766AC
:10F6A000F0A3F0A3F0A3F0A3F0A3F0900772F02270
:10F6B00090079CE0900169F0EF4480A3F0A3EDF087
:10F6C0007F0312F35022900003EFF012C4F4900075
:10F6D00003E0FF600312F67E22126F91EF70067E48
:09F6E000637F638003EF14FF2235
:020000040003F7
:10000000025D2E7D147F0A12603F22025847AF84A2
:1000100075840F758C67E58C30E7FB7597018F84CD
:0100200022BD
:0700230002557975FF072269
:10002B00026EE2900A71120C49900A71120C29129D
:10003B0006C9FFEF04FFEF75F06484AFF0900A710F
:10004B00120C29EF120742900A71120C29900064CE
:10005B00E4F0A37401F07F027E20124D3F900A74EE
:0F006B00EFF0900A74E0FF220273B175FFA52237
:10007B00024C379009DD120C499009DD120C29AEA8
:10008B0002AF01EF4E70037F0222126F919009E0D5
:10009B00EFF09009E2E4F09009E2E0FF7E00C3EF9D
:1000AB009414EE6480948050489009E2E0FF90092C
:1000BB00E0E0FEC3EE9FFFEF2463FFEF75F0648477
:1000CB00AFF09009E1EFF09009E2E0FF7E0CEF8ECC
:1000DB00F0A4FFAEF09009DD120C29E92FF9EA3EEE
:1000EB00FA9009E1E0FF125E469009E2E004F0802D
:0400FB00A67F0822B2
:10010000C0087401C0E0C082C08375080A75B100E0
:1001100022C0087401C0E0C082C08375081B75B19D
:100120001122C0087401C0E0C082C08375082C751C
:10013000B12222C0087401C0E0C082C08375083DAE
:1001400075B1332290F83F211190E99F211190F66B
:10015000F0211190CA95212290CFB6212290945D72
:10016000212290B5A2212290EBBC212290E0C62151
:100170002290F5F7212290F6C6212290F1972122B4
:1001800090F51B2122908000212290C7E02122902F
:10019000AA5E212290B06E212290EE89212290E861
:1001A00097213390EBB9213390EBC6213390DE21B8
:1001B000213390E4D3213390E624213390E360216E
:1001C0003390E775213390E171213390E96A21334F
:1001D00090EA13213390E6CE21220002059CE864C8
:1001E00080F8E933E83360110460F0ED33EC3370EC
:1001F00009E8FCE9FDEAFEEBFF220460DED3EB9F99
:10020000EA9EE99DE8C2E78CF0C2F795F0400CE861
:10021000CCF8E9CDF9EACEFAEBCFFB12056785D031
:10022000F05804700320D5B3E80470075002B2D52B
:100230000205A692D5EC0460F7E4CCC0E0C398F8C0
:10024000603B94186008400DD0E0FB02057EE4FBA3
:10025000FAC9FC8028E830E406E4C9FBE4CAFCE8FB
:1002600030E305E4C9CACBFCE854076010F8C3E9E1
:1002700013F9EA13FAEB13FBEC13FCD8F130F52F6A
:10028000C3E49CFCEF9BFFEE9AFEED99FDD0E0FBF2
:10029000EF4E4D4C701222DB030205A3EC2CFCEF59
:1002A00033FFEE33FEED33FDED30E7EB02057EEF7D
:1002B0002BFFEE3AFEED39FDD0E0FB50130BBB00F7
:1002C000030205A6ED13FDEE13FEEF13FFEC13FC86
:1002D00002057EEC4D6011E8497017ED33EC3304F4
:1002E000600DE4FCFFFEFD22E933E8330470F80200
:1002F000059C12056758046009E4CC248150062847
:1003000050090205A62840030205A3C0E0EB4A708D
:1003100044B98006D0E0FB020592EF4E701CBD8010
:1003200008EBFFEAFEE9FD80EBE98DF0A4FEE5F0C5
:100330000203BCE9CDF9EAFEEBFFEF89F0A4FCE58E
:10034000F0CE89F0A42EFFE435F0CD89F0A42DFE87
:10035000E435F08067EF4E7005BD80D780C3EF8B2A
:10036000F0A4ACF0EE8BF0A42CFCE435F0F8EF8AAE
:10037000F0A42CE5F038FCE433CB8DF0A42CFCE5A4
:10038000F03BF8EE8AF0A42CFCE5F038F8E433CF2B
:1003900089F0A42CFCE5F038CF3400CE89F0A42FEE
:1003A000FFE5F03EFEE433C98DF0A42EFEE5F03902
:1003B000CD8AF0A42FFFE5F03EFEE43DFD33D0E012
:1003C000FB50070BBB000F0205A6EC2CFCEF33FF24
:1003D000EE33FEED33FD02057E0205A6EC5D046002
:1003E00005E85904700302059C120567580460F67D
:1003F000EC4860F2EC7004FDFEFF22C860DB248153
:10040000C85009C398600250060205A39850CAF567
:1004100082E9294B4A7005AB8202059275F0007C97
:100420001A7880C3EF9BEE9AED99400DC3EF9BFFC6
:10043000EE9AFEED99FDE842F0DC23ACF0D0E0FF4F
:10044000D0E0FED0E0FDAB8220E7101BEB60BAEC01
:100450002CFCEF33FFEE33FEED33FD02057EE803A7
:10046000F830E705C0F075F000EF2FFFEE33FEED3A
:1004700033FD40B830E7C280AA74F8CC6480CCC8A1
:100480006480C8F58204604FC3EB9FF5F0EA9E429A
:10049000F0E99D42F0E89C45F0603C501DE5825F2C
:1004A000FFE582D313CB5BCBF42B5582FB50280A9C
:1004B000BA002409B9002008801DE5825BFBE582B3
:1004C000D313CF5FCFF4C3132F5582FF50090EBE55
:1004D00000050DBD00010CC3EB9FF5F0EA9E42F054
:1004E000E99D42F0E89C45F06007CC4820E701B365
:1004F000EC2275F020800E75F010800575F0087DF7
:10050000007E007F003392D530D503120A80EC3391
:100510004010EF33FFEE33FEED33FDEC33FCD5F04E
:10052000ED22E5F0247EA2D513CC92E7CDCEFF22BA
:10053000EDD2E7CD33EC3392D524814006E4FFFEC3
:10054000FDFC22FCE4CFCECDCC24E0501174FF8022
:10055000EDC3CC13CCCD13CDCE13CECF13CF0470BF
:10056000F030D5DE020A80E9D2E7C933E833F892E9
:10057000D5EDD2E7CD33EC33FC5002B2D522EC30CE
:10058000E7100FBF000C0EBE00080DBD00040BEB02
:100590006014A2D5EB13FCED92E7FD2274FFFCFD85
:1005A000FEFF22E480F8A2D574FF13FC7D80E48076
:1005B000EFE709F608DFFA8046E709F208DFFA807C
:1005C0003E88828C83E709F0A3DFFA8032E309F6E4
:1005D00008DFFA8078E309F208DFFA807088828CFD
:1005E00083E309F0A3DFFA806489828A83E0A3F6BB
:1005F00008DFFA805889828A83E0A3F208DFFA8054
:100600004C80D280FA80C680D4806980F2803380AA
:100610001080A680EA809A80A880DA80E280CA8072
:100620003389828A83ECFAE493A3C8C582C8CCC517
:1006300083CCF0A3C8C582C8CCC583CCDFE9DEE794
:10064000800D89828A83E493A3F608DFF9ECFAA986
:10065000F0EDFB2289828A83ECFAE0A3C8C582C848
:10066000CCC583CCF0A3C8C582C8CCC583CCDFEA97
:10067000DEE880DB89828A83E493A3F208DFF980D5
:10068000CC88F0EF60010E4E60C388F0ED2402B418
:10069000040050B9F582EB2402B4040050AF2323C8
:1006A00045822390060173C2D530F707B2D563F0B7
:1006B000FF05F030E70CB2D5F4048463F0FF05F0D9
:1006C00080018430D502F40422BB010689828A832A
:1006D000E0225002E722BBFE02E32289828A83E401
:1006E0009322BB010CE58229F582E5833AF583E08C
:1006F000225006E92582F8E622BBFE06E92582F8AB
:10070000E222E58229F582E5833AF583E49322BB70
:10071000010FF8E58229F582E5833AF583E028F0B8
:10072000225009C58229F8E58226F622BBFE09C5BA
:100730008229F8E22582F222F8EA2583F583E993FB
:100740002822BB010689828A83F0225002F722BB4D
:10075000FE01F322F8BB010DE58229F582E5833A1B
:10076000F583E8F0225006E92582C8F622BBFE0593
:10077000E92582C8F222EF8DF0A4A8F0CF8CF0A476
:1007800028CE8DF0A42EFE22BC000BBE0029EF8DDA
:10079000F084FFADF022E4CCF875F008EF2FFFEE07
:1007A00033FEEC33FCEE9DEC984005FCEE9DFE0F15
:1007B000D5F0E9E4CEFD22EDF8F5F0EE8420D21C70
:1007C000FEADF075F008EF2FFFED33FD40079850B8
:1007D00006D5F0F222C398FD0FD5F0EA22C2D5EC7F
:1007E00030E709B2D5E4C39DFDE49CFCEE30E7158B
:1007F000B2D5E4C39FFFE49EFE120788C3E49DFDCB
:10080000E49CFC800312078830D507C3E49FFFE413
:100810009EFE22C5F0F8A3E028F0C5F0F8E58215A9
:100820008270021583E038F022A3F8E0C5F025F0CD
:10083000F0E582158270021583E0C838F0E822BB2B
:10084000010A89828A83E0F5F0A3E022500687F04E
:1008500009E71922BBFE07E3F5F009E319228982B3
:100860008A83E493F5F074019322BB0110E5822999
:10087000F582E5833AF583E0F5F0A3E0225009E93B
:100880002582F886F008E622BBFE0AE92582F8E216
:10089000F5F008E222E5832AF583E993F5F0A3E970
:1008A0009322BB010DC58229C582C5833AC5830247
:1008B00008135011C58229F808E5F026F618F5F05E
:1008C000E58236F622BBFE11C58229F808E225F042
:1008D000F5F0F218E23582F222F8E58229F582E598
:1008E000832AF58374019325F0F5F0E4933822BB55
:1008F000010A89828A83F0E5F0A3F0225006F70905
:10090000A7F01922BBFE06F3E5F009F31922F8BBA4
:100910000111E58229F582E5833AF583E8F0E5F0F7
:10092000A3F0225009E92582C8F608A6F022BBFEF2
:1009300009E92582C8F2E5F008F222EF2BFFEE3A32
:10094000FEED39FDEC38FC22C3EF9BFFEE9AFEED85
:1009500099FDEC98FC22E88FF0A4CC8BF0A42CFC41
:10096000E98EF0A42CFC8AF0EDA42CFCEA8EF0A415
:10097000CDA8F08BF0A42DCC3825F0FDE98FF0A4A4
:100980002CCD35F0FCEB8EF0A4FEA9F0EB8FF0A49B
:10099000CFC5F02ECD39FEE43CFCEAA42DCE35F0D7
:1009A000FDE43CFC2275F008758200EF2FFFEE336A
:1009B000FECD33CDCC33CCC58233C5829BED9AECD2
:1009C00099E58298400CF582EE9BFEED9AFDEC993C
:1009D000FC0FD5F0D6E4CEFBE4CDFAE4CCF9A88246
:1009E00022B800C1B90059BA002DEC8BF084CFCEEB
:1009F000CDFCE5F0CBF97818EF2FFFEE33FEED33A9
:100A0000FDEC33FCEB33FB10D703994004EB99FB6F
:100A10000FD8E5E4F9FA227818EF2FFFEE33FEED58
:100A200033FDEC33FCC933C910D7059BE99A400765
:100A3000EC9BFCE99AF90FD8E0E4C9FAE4CCFB227C
:100A400075F010EF2FFFEE33FEED33FDCC33CCC845
:100A500033C810D7079BEC9AE899400AED9BFDEC50
:100A60009AFCE899F80FD5F0DAE4CDFBE4CCFAE48F
:100A7000C8F922EF4BFFEE4AFEED49FDEC48FC229F
:100A8000C3E49FFFE49EFEE49DFDE49CFC22EB9FFB
:100A9000F5F0EA9E42F0E99D42F0EC6480C8648083
:100AA0009845F022EB9FF5F0EA9E42F0E99D42F076
:100AB000E89C45F022E8600FECC313FCED13FDEE5B
:100AC00013FEEF13FFD8F122E8600FEFC333FFEE00
:100AD00033FEED33FDEC33FCD8F122BB01078982F4
:100AE0008A83020B455005E9F8020EADBBFE05E90D
:100AF000F8020EB989828A83020B51BB010DE5828F
:100B000029F582E5833AF583020B455007E92582F2
:100B1000F8020EADBBFE07E92582F8020EB9E582A8
:100B200029F582E5833AF583020B51BB01078982DF
:100B30008A83020BA25005E9F8020EC5BBFE05E947
:100B4000F8020ED122E0FCA3E0FDA3E0FEA3E0FF4B
:100B500022E493FC740193FD740293FE740393FFEB
:100B600022E0F8A3E0F9A3E0FAA3E0FB227401FF7E
:100B70003395E0FEFDFCA3A3A3E0CF2FF0E58215A3
:100B80008270021583E0CE3EF0E582158270021578
:100B900083E0CD3DF0E582158270021583E0CC3C08
:100BA000F022ECF0A3EDF0A3EEF0A3EFF022A88288
:100BB0008583F0D083D082120BC5120BC5120BC5F2
:100BC000120BC5E473E493A3C583C5F0C583C8C500
:100BD00082C8F0A3C583C5F0C583C8C582C822BB3F
:100BE000010789828A83020BAE5005E9F8020EDD07
:100BF000BBFE05E9F8020EF622BB010DE58229F5E0
:100C000082E5833AF583020BAE5007E92582F802AC
:100C10000EDDBBFE07E92582F8020EF622A425822E
:100C2000F582E5F03583F58322E0FBA3E0FAA3E04B
:100C3000F922F8E0FBA3A3E0F925F0F0E5821582A4
:100C400070021583E0FA38F022EBF0A3EAF0A3E992
:100C5000F022E493FB740193FA740293F922BB012E
:100C60000789828A83020C295005E9F8020F0FBB1D
:100C7000FE05E9F8020F1889828A83020C52D0839C
:100C8000D082F8E4937012740193700DA3A393F8CB
:100C9000740193F5828883E4737402936860EFA310
:100CA000A3A380DF8A838982E473EC8EF0A4CCC591
:100CB000F0CCCDF8EFA4CEC5F02DFDE43CFCE8A4CB
:100CC0002EC8C5F03DFDE43CFCEFA4FFE5F028FE96
:100CD000E43DFDE43CFC22E3F5F009E208B5F06BED
:100CE000DFF58067E3F5F009E608B5F05EDFF58033
:100CF0005A87F009E608B5F052DFF6804E87F00912
:100D0000E208B5F046DFF6804288828C8387F009DE
:100D1000E0A3B5F036DFF6803288828C8387F00955
:100D2000E493A3B5F025DFF5802188828C83E3F579
:100D3000F009E0A3B5F014DFF5801088828C83E31E
:100D4000F5F009E493A3B5F002DFF4020E06808704
:100D500080E9809080D4803E8015806E807E809D6A
:100D600080B7808D80A380518074803C020E1289F0
:100D7000828A83ECFAE493F5F0A3C8C582C8CCC597
:100D800083CCE493A3C8C582C8CCC583CCB5F07628
:100D9000DFE3DEE1807089828A83E493F5F0A3E2E9
:100DA00008B5F062DFF4805E89828A83E0F5F0A303
:100DB000E608B5F051DFF5804D89828A83E0F5F0D1
:100DC000A3E208B5F040DFF5803C89828A83E49392
:100DD000F5F0A3E608B5F02EDFF4802A80028057F4
:100DE00089828A83ECFAE493F5F0A3C8C582C8CC63
:100DF000C583CCE0A3C8C582C8CCC583CCB5F006FA
:100E0000DFE4DEE280007FFFB5F0020F2240027FC8
:100E1000012289828A83ECFAE0F5F0A3C8C582C872
:100E2000CCC583CCE0A3C8C582C8CCC583CCB5F003
:100E3000D5DFE5DEE380CF89828A83ECFAE0F5F046
:100E4000A3C8C582C8CCC583CCE493A3C8C582C857
:100E5000CCC583CCB5F0AFDFE4DEE280A988F0EF4B
:100E600060010E4E60ABED2402B404005098F58290
:100E7000EB2402B40400508E2323458223900D4EB0
:100E800073EF4E6012EF60010EEDBB010B89828A99
:100E900083F0A3DFFCDEFA2289F05007F709DFFCBC
:100EA000A9F022BBFEFCF309DFFCA9F022E6FC0856
:100EB000E6FD08E6FE08E6FF22E2FC08E2FD08E2A5
:100EC000FE08E2FF22ECF608EDF608EEF608EFF673
:100ED00022ECF208EDF208EEF208EFF222D083D015
:100EE00082E493F608740193F608740293F608748A
:100EF0000393F6740473D083D082E493F2087401F0
:100F000093F208740293F208740393F2740473E684
:100F1000FB08E6FA08E6F922E2FB08E2FA08E2F941
:100F200022E4900033F09007ABE0D39402748094F5
:100F30008040089000317403F08006900031740204
:100F4000F0900033E0FEC006E4FF127130D0E04FB5
:100F5000900033F09000307401F0900031E0FE908A
:100F60000030E0FFC39E40030214F9E4900032F029
:100F7000A3E0FEC006C007900058120BAE000000B0
:100F80005AD0077DC61248E4D0E04F900033F0E01D
:100F9000FEC006900030E0FF7B017A0079047D24DA
:100FA000125C07D0E04F900033F0900004120B4524
:100FB0007808120AB5900032E0FE04F074082EF5AD
:100FC00082E43400F583EFF0900004120B459000AA
:100FD00032E0FE04F074082EF582E43400F583EF6D
:100FE000F0900033E0FEC006900030E0FF7B017A15
:100FF0000079047D25125C07D0E04F900033F0901B
:101000000004120B457808120AB5900032E0FE0485
:10101000F074082EF582E43400F583EFF0900004BC
:10102000120B45900032E0FE04F074082EF582E4C5
:101030003400F583EFF0900033E0FEC006900030FE
:10104000E0FF7B017A0079047D26125C07D0E04F37
:10105000900033F0900004120B457808120AB59006
:101060000032E0FE04F074082EF582E43400F583CB
:10107000EFF0900004120B45900032E0FE04F07493
:10108000082EF582E43400F583EFF0900033E0FEA3
:10109000C006900030E0FF7B017A0079047D2712C2
:1010A0005C07D0E04F900033F0900004120B4578BD
:1010B00008120AB5900032E0FE04F074082EF582A2
:1010C000E43400F583EFF0900004120B45900032F9
:1010D000E0FE04F074082EF582E43400F583EFF0AE
:1010E000900033E0FEC006900030E0FF7B017A0004
:1010F00079047D28125C07D0E04F900033F0900017
:1011000004120B457808120AB5900032E0FE04F094
:1011100074082EF582E43400F583EFF09000041299
:101120000B45900032E0FE04F074082EF582E434A2
:1011300000F583EFF0900033E0FEC006900030E051
:10114000FF7B017A0079047D29125C07D0E04F9083
:101150000033F0900004120B457808120AB5900095
:1011600032E0FE04F074082EF582E43400F583EFDB
:10117000F0900004120B45900032E0FE04F0740879
:101180002EF582E43400F583EFF0900033E0FEC0EA
:1011900006900030E0FF7B017A0079047D17125C35
:1011A00007D0E04F900033F0900004120B45780810
:1011B000120AB5900032E0FE04F074082EF582E4C5
:1011C0003400F583EFF0900004120B45900032E0FC
:1011D000FE04F074082EF582E43400F583EFF090FD
:1011E0000033E0FEC006900030E0FF7B017A00791A
:1011F000047D18125C07D0E04F900033F09000049B
:10120000120B457808120AB5900032E0FE04F07423
:10121000082EF582E43400F583EFF0900004120B01
:1012200045900032E0FE04F074082EF582E43400AC
:10123000F583EFF0900033E0FEC006900030E0FF51
:101240007B017A0079047D19125C07D0E04F900091
:1012500033F0900004120B457808120AB590003262
:10126000E0FE04F074082EF582E43400F583EFF01C
:10127000900004120B45900032E0FE04F074082E3A
:10128000F582E43400F583EFF0900033E0FEC00611
:10129000900030E0FF7B017A0079047D1A125C0730
:1012A000D0E04F900033F0900004120B4578081204
:1012B0000AB5900032E0FE04F074082EF582E434A2
:1012C00000F583EFF0900004120B45900032E0FE31
:1012D00004F074082EF582E43400F583EFF09000FA
:1012E00033E0FEC006900030E0FF7B017A00790415
:1012F0007D1B125C07D0E04F900033F09000041289
:101300000B457808120AB5900032E0FE04F074082C
:101310002EF582E43400F583EFF0900004120B45C3
:10132000900032E0FE04F074082EF582E43400F5FB
:1013300083EFF0900033E0FEC006900030E0FF7BCA
:10134000017A0079047D1C125C07D0E04F900033D5
:10135000F0900004120B457808120AB5900032E0B4
:10136000FE04F074082EF582E43400F583EFF0906B
:101370000004120B45900032E0FE04F074082EF5D4
:1013800082E43400F583EFF0900033E0FEC0069075
:101390000030E0FF7B017A0079047D3E125C07D0CB
:1013A000E04F900033F0900004120B457810120AC1
:1013B000B5900032E0FE04F074082EF582E43400AB
:1013C000F583EFF0900004120B457808120AB590EF
:1013D0000032E0FE04F074082EF582E43400F58358
:1013E000EFF0900004120B45900032E0FE04F07420
:1013F000082EF582E43400F583EFF0900033E0FE30
:10140000C006900030E0FF7B017A0079047D5E1217
:101410005C07D0E04F900033F0900004120B457849
:1014200010120AB5900032E0FE04F074082EF58226
:10143000E43400F583EFF0900004120B45780812B5
:101440000AB5900032E0FE04F074082EF582E43410
:1014500000F583EFF0900004120B45900032E0FE9F
:1014600004F074082EF582E43400F583EFF07B017C
:101470007A0079087D1E7C0012017B900032E0FE2C
:1014800004F074082EF582E43400F583E4F07B0167
:101490007A0079087D1EFC12017B900032E0FE0488
:1014A000F074082EF582E43400F583EFF0900033F9
:1014B000E0FEC006900047120BAE00000001900055
:1014C00030E0FF7DC6125C9DD0E04F900033F0907D
:1014D0000030E0FF7B017A00790890089CE4F0A3DB
:1014E000741FF0123C0EEF6007900033E04401F0EF
:1014F000900030E004F0020F5AE4900032F0A3E0D4
:10150000FEC0067B017A0079047D087F04125C0727
:10151000D0E04F900033F0900004120B45E4120429
:10152000F2A804A905AA06AB07E4FFFE7DC87C4229
:101530001203DC900034120BA2900034E0FF900004
:1015400032E0FE04F074082EF582E43400F583EFF7
:10155000F0900035E0FF900032E0FE04F074082EB9
:10156000F582E43400F583EFF0900036E0FF900060
:1015700032E0FE04F074082EF582E43400F583EFC7
:10158000F0900037E0FF900032E0FE04F074082E87
:10159000F582E43400F583EFF0900033E0FEC006FE
:1015A0007B017A0079047D067F04125C07D0E04F4E
:1015B000900033F0900004120B45E41204F2A804EA
:1015C000A905AA06AB07E4FFFE7DA07C401203DC60
:1015D000900034120BA2900034E0FF900032E0FE45
:1015E00004F074082EF582E43400F583EFF09000E7
:1015F00035E0FF900032E0FE04F074082EF582E43E
:101600003400F583EFF0900036E0FF900032E0FE0A
:1016100004F074082EF582E43400F583EFF09000B6
:1016200037E0FF900032E0FE04F074082EF582E40B
:101630003400F583EFF0900033E0FEC0067B017AC2
:101640000079047D0A7F04125C07D0E04F900033DC
:10165000F0900004120B45E41204F2A804A905AAB4
:1016600006AB07E4FFFE7DFA7C431203DC900034F6
:10167000120BA2900034E0FF900032E0FE04F07400
:10168000082EF582E43400F583EFF0900035E0FF9A
:10169000900032E0FE04F074082EF582E43400F588
:1016A00083EFF0900036E0FF900032E0FE04F0742B
:1016B000082EF582E43400F583EFF0900037E0FF68
:1016C000900032E0FE04F074082EF582E43400F558
:1016D00083EFF0900033E0FEC0067B017A007904CE
:1016E0007D187F04125C07D0E04F900033F090002B
:1016F00004120B457810120AB5900032E0FE04F097
:1017000074082EF582E43400F583EFF090000412A3
:101710000B457808120AB5900032E0FE04F0740818
:101720002EF582E43400F583EFF0900004120B45AF
:10173000900032E0FE04F074082EF582E43400F5E7
:1017400083EFF07B017A00790890089CE4F0A374A1
:1017500010F07F04123C0EEF6007900033E044016C
:10176000F09005D0E0900008F09005D1E0900009DD
:10177000F09005D2E090000AF0900033E0FEC00641
:101780007B017A007908900064E4F0A37403F0E42C
:10179000FFFE124D3FD0E04F900033F0E0FEC00658
:1017A0007F01127130D0E04FFF900033F0229000A3
:1017B00006EFF0E490002FF07A00794178417C0048
:1017C0007D017BFF7A7E7906FE7F04120681900000
:1017D00006E0FFC394037480948050089000407426
:1017E0001FF080069000407410F090002FE0FEC0C3
:1017F00006900040E0FD900826E4F0A3EDF07B01A8
:101800007A007930A3120C497A00793490082B12AF
:101810000C497A00790712244FD0E04F90002FF046
:10182000900006E0FFC39403748094804003021C80
:101830002090002FE0FEC006C007900047120BAEBC
:101840000000005AD0077DC9125C9DD0E04F900087
:101850002FF0E0FEC006900047120BAE0000A87EFD
:10186000900006E0FF7D01125C9DD0E04F90002FBC
:10187000F0E0FEC006900047120BAE0000000090A2
:101880000006E0FF7D70125C9DD0E04F90002FF0CD
:10189000E0FEC006900047120BAE00000904900065
:1018A00006E0FF7D03125C9DD0E04F90002FF0E03A
:1018B000FEC006900047120BAE0000000390000629
:1018C000E0FF7D30125C9DD0E04F90002FF0E0FEF5
:1018D000C006900047120BAE00003C27900006E0C7
:1018E000FF7D31125C9DD0E04F90002FF0E0FEC0F4
:1018F00006900047120BAE00000000900006E0FFCB
:101900007D02125C9DD0E04F90002FF0E0FEC006FB
:10191000900047120BAE0000002C900006E0FF7D07
:101920001E125C9DD0E04F90002FF0E0FEC00690AC
:101930000047120BAE0000FF00900006E0FF7D6D37
:10194000125C9DD0E04F90002FF0E0FEC0069000AA
:1019500047120BAE00000DB8900006E0FF7D6E123E
:101960005C9DD0E04F90002FF0E0FEC00690004755
:10197000120BAE0000D1DA900006E0FF7D6F125C22
:101980009DD0E04F90002FF0E0FEC006900007E0F1
:10199000FEA3E0FDEEEDFFE4FCFD900058120BA26B
:1019A000900006E0FF7D241248E4D0E04F90002F25
:1019B000F0E0FEC006900009E0FEA3E0FDEEEDFFC2
:1019C000E4FCFD900058120BA2900006E0FF7D257C
:1019D0001248E4D0E04F90002FF0E0FEC0069000E7
:1019E0000BE0FEA3E0FDEEEDFFE4FCFD90005812DD
:1019F0000BA2900006E0FF7D261248E4D0E04F9055
:101A0000002FF0E0FEC00690000DE0FEA3E0FDEE2A
:101A1000EDFFE4FCFD900058120BA2900006E0FFE1
:101A20007D271248E4D0E04F90002FF0E0FEC00682
:101A300090000FE0FEA3E0FDEEEDFFE4FCFD900062
:101A400058120BA2900006E0FF7D281248E4D0E077
:101A50004F90002FF0E0FEC006900011E0FEA3E0E2
:101A6000FDEEEDFFE4FCFD900058120BA290000685
:101A7000E0FF7D291248E4D0E04F90002FF0E0FE17
:101A8000C006900013E0FEA3E0FDEEEDFFE4FCFDD8
:101A9000900058120BA2900006E0FF7D171248E458
:101AA000D0E04F90002FF0E0FEC006900015E0FE61
:101AB000A3E0FDEEEDFFE4FCFD900058120BA290B8
:101AC0000006E0FF7D181248E4D0E04F90002FF0B0
:101AD000E0FEC006900017E0FEA3E0FDEEEDFFE49F
:101AE000FCFD900058120BA2900006E0FF7D191239
:101AF00048E4D0E04F90002FF0E0FEC006900019BF
:101B0000E0FEA3E0FDEEEDFFE4FCFD900058120BBB
:101B1000A2900006E0FF7D1A1248E4D0E04F90004A
:101B20002FF0E0FEC00690001BE0FEA3E0FDEEED0E
:101B3000FFE4FCFD900058120BA2900006E0FF7D30
:101B40001B1248E4D0E04F90002FF0E0FEC006905A
:101B5000001DE0FEA3E0FDEEEDFFE4FCFD9000586B
:101B6000120BA2900006E0FF7D1C1248E4D0E04F6B
:101B700090002FF0E0FEC006900047120BAE000070
:101B80000001900006E0FF7DC9125C9DD0E04F90FF
:101B9000002FF0E0FEC006900006E0FF7B017A0017
:101BA00079387D3E125C07D0E04F90002FF0E0FEC8
:101BB000C006900006E0FF7B017A00793C7D5E1252
:101BC0005C07D0E04F90002FF0A3120B4590003837
:101BD000120B61C3120AA4601A900034120B4590D4
:101BE000003C120B61C3120AA4600890002FE0446D
:101BF00010FF22900030120B45900006E0FB75F0BC
:101C00003A900347120C1D120BA2900034120B45A0
:101C100075F03AEB90034B120C1D120BA2021E4DF5
:101C200090002FE0FEC006900047120BAE000008A7
:101C300000900006E0FF7D30125C9DD0E04F9000E8
:101C40002FF0E0FEC006900047120BAE000000BC73
:101C5000900006E0FF7D32125C9DD0E04F90002F97
:101C6000F0E0FEC006900047120BAE00002000908E
:101C70000006E0FF7D40125C9DD0E04F90002FF009
:101C8000E0FEC006900047120BAE0000003B900043
:101C900006E0FF7D41125C9DD0E04F90002FF0E008
:101CA000FEC006900047120BAE0000007E900006BA
:101CB000E0FF7D42125C9DD0E04F90002FF0E0FEEF
:101CC000C006900047120BAE0000003B900006E0FB
:101CD000FF7D43125C9DD0E04F90002FF0E0FEC0EE
:101CE00006900047120BAE00000000900006E0FFD7
:101CF0007D59125C9DD0E04F90002FF0E0FEC006B1
:101D0000900047120BAE000000A6900006E0FF7D99
:101D100032125C9DD0E04F90002FF0E0FEC00690A4
:101D20000047120BAE00000040900006E0FF7D610E
:101D3000125C9DD0E04F90002FF0E0FEC0069000B6
:101D400047120BAE00000000900006E0FF7D32124B
:101D50005C9DD0E04F90002FF0E0FEC006900006A2
:101D6000E0FF7B017A0079387D18125C07D0E04FE4
:101D700090002FF0900007E0900041F0900008E004
:101D8000900042F0900009E0900043F090000AE0DB
:101D9000900044F0900041120B45900006E0FB7566
:101DA000F03AA42477F582E43403F583120BA29071
:101DB000000BE0900041F090000CE0900042F090A9
:101DC000000DE0900043F090000EE0900044F09091
:101DD0000041120B45EB75F03AA4247BF582E43404
:101DE00003F583120BA290000FE0900041F09000E9
:101DF00010E0900042F0900011E0900043F090005D
:101E000012E0900044F0900041120B45EB75F03A5F
:101E1000A42473F582E43403F583120BA2900034FA
:101E2000120B45900038120B61C3120AA46008908F
:101E3000002FE04410FF22900034120B4590000662
:101E4000E075F03A90034B120C1D120BA27F00229A
:101E50007B017A0079047D107F01125C07900004F9
:101E6000120B45E41204F2E4FBFAF978461203DCA3
:101E7000E4FBFA79C078401203DC900008120BA250
:101E8000E4FFFE7DA07CC0900008120B611201E20D
:101E9000E4FBFA79A078401203DC7B0A7AD779A3B5
:101EA000783B1204794029E4FFFE7DA07CC09000BD
:101EB00008120B611201E2E4FBFA79A078401203E8
:101EC000DC7B0A7AD779A378BB12047960054003DA
:101ED0007F01227B017A0079047D117F01125C076A
:101EE000900004120B45E41204F2E4FBFAF9784680
:101EF0001203DCE4FBFA79C078401203DC9000089E
:101F0000120BA2E4FFFE7DA07CC0900008120B61C2
:101F10001201E2E4FBFA79A078401203DC7B0A7A32
:101F2000D779A3783B1204794029E4FFFE7DA07C99
:101F3000C0900008120B611201E2E4FBFA79A0786C
:101F4000401203DC7B0A7AD779A378BB120479604C
:101F50000540037F02227B017A0079047D0D7F0119
:101F6000125C07900004120B45E41204F2E4FBFA41
:101F7000F978461203DC900008120BA2E4FFFE7D04
:101F8000C87CC2900008120B611201E2E4FBFA79EE
:101F9000C878421203DC7B0A7AD779A3783B120413
:101FA000794029E4FFFE7DC87CC2900008120B61D5
:101FB0001201E2E4FBFA79C878421203DC7B0A7A68
:101FC000D779A378BB120479600540037F03227B95
:101FD000017A0079047D127F01125C0790000412DF
:101FE0000B45E41204F2E4FBFAF978461203DCE450
:101FF000FBFA79C078401203DC900008120BA2E4CF
:10200000FFFE7DA07CC0900008120B611201E2E48B
:10201000FBFA79A078401203DC7B0A7AD779A3789F
:102020003B1204794029E4FFFE7DA07CC0900008AB
:10203000120B611201E2E4FBFA79A078401203DC92
:102040007B0A7AD779A378BB120479600540037FB5
:1020500004227B017A0079047D0F7F01125C0790D6
:102060000004120B45E41204F2E4FBFAF97846127C
:1020700003DCE4FBFA79C078401203DC900008121C
:102080000BA2E4FFFE7DA07CC0900008120B611241
:1020900001E2E4FBFA79A078401203DC7B0A7AD7EC
:1020A00079A3783B1204794029E4FFFE7DA07CC02F
:1020B000900008120B611201E2E4FBFA79A078406B
:1020C0001203DC7B0A7AD779A378BB120479600506
:1020D00040037F05227B017A0079047D0E7F011287
:1020E0005C07900004120B45E41204F2E4FBFAF9D9
:1020F00078461203DC900008120BA2E4FFFE7DC8B4
:102100007CC2900008120B611201E2E4FBFA79C86C
:1021100078421203DC7B0A7AD779A3783B120479E0
:102120004029E4FFFE7DC87CC2900008120B6112BA
:1021300001E2E4FBFA79C878421203DC7B0A7AD721
:1021400079A378BB120479600540037F06227B01E6
:102150007A0079047D107F02125C07900004120B54
:1021600045E41204F2E4FBFAF978461203DCE4FBDE
:10217000FA79C078401203DC900008120BA2E4FF49
:10218000FE7DA07CC0900008120B611201E2E4FB0E
:10219000FA79A078401203DC7B0A7AD779A3783BDE
:1021A0001204794029E4FFFE7DA07CC09000081253
:1021B0000B611201E2E4FBFA79A078401203DC7BA8
:1021C0000A7AD779A378BB120479600540037F07A8
:1021D000227B017A0079047D117F02125C07900056
:1021E00004120B45E41204F2E4FBFAF978461203F8
:1021F000DCE4FBFA79C078401203DC900008120B93
:10220000A2E4FFFE7DA07CC0900008120B611201C9
:10221000E2E4FBFA79A078401203DC7B0A7AD779F2
:10222000A3783B1204794029E4FFFE7DA07CC09096
:102230000008120B611201E2E4FBFA79A078401267
:1022400003DC7B0A7AD779A378BB12047960054056
:10225000037F08227B017A0079047D0D7F01125CE7
:1022600007900004120B45E41204F2E4FBFAF9783B
:10227000461203DC900008120BA2E4FFFE7DC87C2E
:10228000C2900008120B611201E2E4FBFA79C878EF
:10229000421203DC7B0A7AD779A3783B1204794097
:1022A00029E4FFFE7DC87CC2900008120B61120178
:1022B000E2E4FBFA79C878421203DC7B0A7AD77928
:1022C000A378BB120479600540037F09227B017A61
:1022D0000079047D127F01125C07900004120B4507
:1022E000E41204F2E4FBFAF978461203DCE4FBFAA8
:1022F00079C078401203DC900008120BA2E4FFFEC4
:102300007DA07CC0900008120B611201E2E4FBFA90
:1023100079A078401203DC7B0A7AD779A3783B1244
:1023200004794029E4FFFE7DA07CC0900008120BD8
:10233000611201E2E4FBFA79A078401203DC7B0A27
:102340007AD779A378BB120479600540037F0A220B
:102350007B017A0079047D0F7F01125C07900004F5
:10236000120B45E41204F2E4FBFAF978461203DC9E
:10237000E4FBFA79C078401203DC900008120BA24B
:10238000E4FFFE7DA07CC0900008120B611201E208
:10239000E4FBFA79A078401203DC7B0A7AD779A3B0
:1023A000783B1204794029E4FFFE7DA07CC09000B8
:1023B00008120B611201E2E4FBFA79A078401203E3
:1023C000DC7B0A7AD779A378BB12047960054003D5
:1023D0007F0B227B017A0079047D0E7F01125C075E
:1023E000900004120B45E41204F2E4FBFAF978467B
:1023F0001203DC900008120BA2E4FFFE7DC87CC231
:10240000900008120B611201E2E4FBFA79C87842ED
:102410001203DC7B0A7AD779A3783B12047940292E
:10242000E4FFFE7DC87CC2900008120B611201E23D
:10243000E4FBFA79C878421203DC7B0A7AD779A3E5
:1024400078BB120479600540037F0C227F00229044
:102450000822EFF0900823120C4990082EE4F0A314
:10246000E4F0900830E4F0A3E4F07BFF7A7D792675
:10247000C003C002C0017B017A087932A801AC0216
:10248000AD03D001D002D0037E007F64120681909C
:102490000823120C29AE02AF01EF4E602D900828E0
:1024A000120C29AE02AF01EF4E601F90082B120CE8
:1024B00029AE02AF01EF4E6011900826E0FEA3E0C6
:1024C000FFC3EF9407EE940050037F05229008228B
:1024D000E0FFEF120C7E24E60124FB022510032509
:1024E00025040000253890082EE4F0A37403F09032
:1024F00008307410F0A37403F0803D90082EE4F0CF
:10250000A37422F09008307410F0A37422F0802895
:1025100090082EE4F0A37432F09008307410F0A309
:102520007432F0801390082EE4F0A37451F09008F8
:10253000307410F0A37451F0900826E0FEA3E0FF81
:10254000D3EF9464EE940040037F052290082EE0C0
:10255000FEA3E0FF7B017A087932900826E0FCA315
:10256000E0FD90012DECF0A3EDF01247A07E00EF0E
:102570004E60030226EC7B017A087932900826E04F
:10258000FEA3E0FFEF24FFFDEE34FFFC12017B9081
:102590000896EFF0900826E0FEA3E0FF74312FF5D7
:1025A0008274083EF583E0FF900897EFF09008975B
:1025B000E0FF900896E0FEEE6F60030226EC9008C4
:1025C00026E0FEA3E0FF742C2FF58274083EF5830D
:1025D000E0FFE4FCFDFE7808120AC8C004C005C094
:1025E00006C007900826E0FEA3E0FF742B2FF582BB
:1025F00074083EF583E0FFE4FCFDFE7810120AC883
:10260000A804A905AA06AB07D007D006D005D004B8
:10261000120A73A804A905AA06AB07900826E0FED3
:10262000A3E0FF742D2FF58274083EF583E0FFE4EC
:10263000FCFDFE120A73900828120C29120B2B9035
:102640000826E0FEA3E0FF742F2FF58274083EF504
:1026500083E0FFE4FCFDFE7808120AC8C004C00550
:10266000C006C007900826E0FEA3E0FF742E2FF5F9
:102670008274083EF583E0FFE4FCFDFE7810120A48
:10268000C8A804A905AA06AB07D007D006D005D074
:1026900004120A73A804A905AA06AB07900826E04D
:1026A000FEA3E0FF74302FF58274083EF583E0FF4F
:1026B000E4FCFDFE120A7390082B120C29120B2B5E
:1026C000900826E0FEA3E0FF7B017A087932C00380
:1026D000C002C001900823120C29A801AC02AD036E
:1026E000D001D002D0031206817F0022900830E092
:1026F000FEA3E0FF7B017A087932900826E0FCA374
:10270000E0FD90012DECF0A3EDF01247A07E00EF6C
:102710004E600302288C7B017A087932900826E00B
:10272000FEA3E0FFEF24FFFDEE34FFFC12017B90DF
:102730000896EFF0900826E0FEA3E0FF74312FF535
:102740008274083EF583E0FF900897EFF0900897B9
:10275000E0FF900896E0FEEE6F600302288C900880
:1027600026E0FEA3E0FF742C2FF58274083EF5836B
:10277000E0FFE4FCFDFE7808120AC8C004C005C0F2
:1027800006C007900826E0FEA3E0FF742B2FF58219
:1027900074083EF583E0FFE4FCFDFE7810120AC8E1
:1027A000A804A905AA06AB07D007D006D005D00417
:1027B000120A73A804A905AA06AB07900826E0FE32
:1027C000A3E0FF742D2FF58274083EF583E0FFE44B
:1027D000FCFDFE120A73900828120C29120B2B9094
:1027E0000826E0FEA3E0FF742F2FF58274083EF563
:1027F00083E0FFE4FCFDFE7808120AC8C004C005AF
:10280000C006C007900826E0FEA3E0FF742E2FF557
:102810008274083EF583E0FFE4FCFDFE7810120AA6
:10282000C8A804A905AA06AB07D007D006D005D0D2
:1028300004120A73A804A905AA06AB07900826E0AB
:10284000FEA3E0FF74302FF58274083EF583E0FFAD
:10285000E4FCFDFE120A7390082B120C29120B2BBC
:10286000900826E0FEA3E0FF7B017A087932C003DE
:10287000C002C001900823120C29A801AC02AD03CC
:10288000D001D002D0031206817F002290082EE0F2
:10289000FEA3E0FF7B017A087932900826E0FCA3D2
:1028A000E0FD90012DECF0A3EDF01247A07E00EFCB
:1028B0004E60047F01803E900830E0FEA3E0FF7B85
:1028C000017A087932900826E0FCA3E0FD90012D02
:1028D000ECF0A3EDF01247A07E00EF4E60047F0104
:1028E0008013900822E0FF7E00EF64014E70047FA9
:1028F0000380027F0422900046EFF0FBE4A3F0A3E4
:10290000120BAE0000000090004C120BAE00000055
:1029100000900050120BAE00000000EBFF3395E07A
:10292000FE7C007D3A12077674452FF974033EFA57
:102930007B01900054120C49900001E4120754905E
:102940000046E0FF3395E0FEC3EF9401EE6480940F
:10295000805003022D04D3EF9404EE6480948040F1
:1029600003022D04C3EF9403EE64809480400302BD
:102970002B96A3E0FEC006900046E07A00794C7DDD
:102980003E125C07D0E04F900047F0600F9000547B
:10299000120C291206C9440112074222900047E096
:1029A000FEC006900046E0FF7B017A0079507D5E14
:1029B000125C07D0E04F900047F0600F9000541277
:1029C0000C291206C9440112074222900054120C2D
:1029D00029900002120AFB90004C120B61C3120AEC
:1029E000A47018900054120C29900006120AFB9053
:1029F0000050120B61C3120AA4600E900054120C16
:102A0000291206C94402120742900047E0FEC006A0
:102A1000900046E0FF7B017A0079487D1B125C073D
:102A2000D0E04F900047F0600F900054120C291234
:102A300006C9440112074222900048120B45EF5488
:102A400001FFE4FEFDFCEF600E900054120C291211
:102A500006C94402120742900048120B45EF540287
:102A6000FFE4FEFDFCEF7003022D04900054120CF5
:102A70002990000E120BF900000000900012120BBA
:102A8000F900000000900016120BF9000000009001
:102A9000001A120BF90000000090001E120BF90042
:102AA000000000900022120BF90000000090004787
:102AB000E0FEC006900046E0FFE9240EF9E43AFA91
:102AC0007D0D125C07D0E04F900047F0E0FEC0069D
:102AD000900046E0FF900054120C29E92412F9E41A
:102AE0003AFA7D0E125C07D0E04F900047F0E0FE0E
:102AF000C006900046E0FF900054120C29E924160D
:102B0000F9E43AFA7D0F125C07D0E04F900047F0ED
:102B1000E0FEC006900046E0FF900054120C29E948
:102B2000241AF9E43AFA7D10125C07D0E04F9000C5
:102B300047F0E0FEC006900046E0FF900054120C03
:102B400029E9241EF9E43AFA7D11125C07D0E04F1E
:102B5000900047F0E0FEC006900046E0FF90005471
:102B6000120C29E92422F9E43AFA7D12125C07D00A
:102B7000E04F900047F0600F900054120C291206AD
:102B8000C9440112074222900054120C29900001FE
:102B9000740112075422900047E0FEC006900046E0
:102BA000E0FF7B017A00794C7D18125C07D0E04F82
:102BB000900047F030E00F900054120C291206C923
:102BC000440112074222900054120C299000061270
:102BD0000AFB90004C120B61C3120AA4600E900015
:102BE00054120C291206C94402120742900047E011
:102BF000FEC006900046E0FF7B017A0079487D31F7
:102C0000125C07D0E04F900047F030E00F90005486
:102C1000120C291206C944011207422290004812E0
:102C20000B45E4FFEE5408FEE4FDFCEE7003022DBC
:102C300004900054120C2990000E120BF9000000B1
:102C40000090001A120BF900000000900026120BF1
:102C5000F90000000090002A120BF900000000901B
:102C60000047E0FEC006900046E0FFE9241AF9E4C0
:102C70003AFA7D06125C07D0E04F900047F0E0FE84
:102C8000C006900046E0FF900054120C29E9240E83
:102C9000F9E43AFA7D08125C07D0E04F900047F063
:102CA000E0FEC006900046E0FF900054120C29E9B7
:102CB0002426F9E43AFA7D0A125C07D0E04F90002E
:102CC00047F0E0FEC006900046E0FF900054120C72
:102CD00029E9242AF9E43AFA7D0B125C07D0E04F87
:102CE000900047F030E00F900054120C291206C9F2
:102CF000440112074222900054120C2990000174E2
:102D00000112075422440549000000005005AA00A2
:102D10000000000000000000000000000000004271
:102D200005E00000C1004105BA004105BB004205B5
:102D3000E200004205D600006037055D000000009B
:102D40000000000000000000000000000000000083
:102D50000000000000000000000000000000000073
:102D60000000000000000000000000000000000063
:102D70000000004B0594000000000000000000006F
:102D8000004B059F00000000000000000000004113
:102D9000053200410548004C04670001000A006448
:102DA00003E8271086A046047900000000000041D7
:102DB000047F004104800044052C0000000042050F
:102DC00030000046061400000000000041061A0012
:102DD00041061C004106C8014106880141068A01DE
:102DE00041061D0141068B00410689004606D700B9
:102DF000000000000042076400004107390044075A
:102E000076000000005007540000000000000000A1
:102E100000000000000000004206C90000C101508F
:102E20000766000000000000000000000000000035
:102E300000004407400000000046073A0000000080
:102E400000005007440000000000000000000000E7
:102E50000000000000500719000000000000000002
:102E60000000000000000000500709000000000002
:102E700000000000000000000000005007290000D2
:102E80000000000000000000000000000000C1027F
:102E9000440A7500000000C103C104410A920041C8
:102EA000090A00420908FFFF410959224109722D10
:102EB000420973008058095A000000010000001008
:102EC00000000100000010000001000000100000E0
:102ED00060E8037F00000000000000000000000028
:102EE00000000000000000000000000000000000E2
:102EF00000000000000000000000000000000000D2
:102F000000000000000000000000000000000000C1
:102F100000000000000000000000000000000000B1
:102F200000000000000000000000000000000000A1
:102F30000000000000000000000000000000000091
:102F40000000000000000000000000000000000081
:102F50000000000000000000000000000000000071
:102F60000000000000000000000000000000000061
:102F70000000000000000000000000000000000051
:102F80000000000000000000000000000000000041
:102F90000000000000000000000000000000000031
:102FA0000000000000000000000000000000000021
:102FB000000000000000000000000000C105410A00
:102FC000940000900A8BE4F07B017A07799C1265EB
:102FD00086900A8BEFF0900A8BE0FFC0077B017AA6
:102FE0000779BF126626AE07D007EF4EFF900A8B17
:102FF000EFF0900A8BE0FFC0077B017A087900129E
:1030000066C6AE07D007EF4EFF900A8BEFF0900A2E
:103010008BE0FFC0077B017A0779AF126766AE07C6
:10302000D007EF4EFF900A8BEFF0900A8CE4F090FF
:103030000A8CE0FF7E00C3EF9404EE64809480501D
:103040003B900A8BE0FFC007900A8CE0FF7E07EF01
:103050008EF0A4FFAEF074062FF974083EFA7B01DF
:10306000900A8CE0FF1251A0AE07D007EF4EFF9000
:103070000A8BEFF0900A8CE004F080B3900A8BE0AA
:10308000FFC0077B017A0779A0126806AE07D00758
:10309000EF4EFF900A8BEFF0900A8BE0FFC0077BAA
:1030A000017A0779A5126946AE07D007EF4EFF9067
:1030B0000A8BEFF0900A8BE0FFC0077B017A08795A
:1030C000051269E6AE07D007EF4EFF900A8BEFF0CE
:1030D000900A8BE0FFC0077B017A0779AE126A86FF
:1030E000AE07D007EF4EFF900A8BEFF0900A8BE00F
:1030F000FFC0077B017A0779AD126B26AE07D007B8
:10310000EF4EFF900A8BEFF0900A8CE4F0900A8C5F
:10311000E0FF7E00C3EF9404EE64809480503B9007
:103120000A8BE0FFC007900A8CE0FF7E0FEF8EF065
:10313000A4FFAEF074C42FF974073EFA7B01900A25
:103140008CE0FF125265AE07D007EF4EFF900A8B5E
:10315000EFF0900A8CE004F080B3900A8CE4F090D9
:103160000A8CE0FF7E00C3EF9404EE6480948050EC
:103170003B900A8BE0FFC007900A8CE0FF7E03EFD4
:103180008EF0A4FFAEF0747A2FF974073EFA7B013B
:10319000900A8CE0FF1253EFAE07D007EF4EFF907E
:1031A0000A8BEFF0900A8CE004F080B3900A8BE079
:1031B000FFC0077B017A0779AB126BC6AE07D00759
:1031C000EF4EFF900A8BEFF0900A8BE0FFC0077B79
:1031D000017A077986126C66AE07D007EF4EFF9032
:1031E0000A8BEFF0900A8BE0FF22900988EEF0A3A3
:1031F000EFF090098AECF0A3EDF090098CEAF0A3CF
:10320000EBF0900990120C29AE02AF01EF4E700363
:103210007F02229009987402F0900988E0FEA3E0F2
:10322000FF900990120C29900993E0FCA3E0FD9017
:10323000012DECF0A3EDF01247A0900997EFF0906C
:103240000997E0FF7E00EF4E602E900998E014F0A1
:10325000900998E0FF7E00D3EF9400EE64809480A4
:10326000401680028012900998E0FF7E00D3EF9410
:1032700000EE6480948050A1900997E0FF7E00EFFB
:103280004E70709009987402F090098AE0FEA3E0F5
:10329000FF7B017A09799590012DE4F0A37401F088
:1032A0001247A0900997EFF0900997E0FF7E00EF9A
:1032B0004E6018900998E014F0900998E0FF7E00A5
:1032C000D3EF9400EE6480948050BE900997E0FFA5
:1032D0007E00EF4E701D900990120C29900993E02A
:1032E000FCA3E0FD12017B900995E0FEEFB506031B
:1032F0007F00229009987402F090098CE0FEA3E010
:10330000FF900990120C29900993E0FCA3E0FD9036
:10331000012DECF0A3EDF01247A0900997EFF0908B
:103320000997E0FF7E00EF4E6018900998E014F0D6
:10333000900998E0FF7E00D3EF9400EE64809480C3
:1033400050B7900997E0FF7E00EF4E60030233FB19
:103350009009987402F090098EE0FEA3E0FF7B01D3
:103360007A09799690012DE4F0A37401F01247A038
:10337000900997EFF0900997E0FF7E00EF4E6018FC
:10338000900998E014F0900998E0FF7E00D3EF9444
:1033900000EE6480948050BE900997E0FF7E00EFBD
:1033A0004E7058900990120C29900993E0FCA3E00C
:1033B000FD12017B900996E0FEEF6E703E90098849
:1033C000E0FEA3E0FF900990120C29900993E0FC25
:1033D000A3E0FD900064ECF0A3EDF0124D3F9009E6
:1033E0008AE0FEA3E0FF7B017A097996900064E40D
:1033F000F0A37401F0124D3F7F0322900997E0FF84
:103400007E00EF64014E70047F0180027F042290F1
:10341000026EEEF0A3EFF0900270ECF0A3EDF090EE
:103420000272EAF0A3EBF090037D7401F090027653
:10343000120C29AE02AF01EF4E70037F0222900200
:1034400079E0FEA3E0FFEF4E6011900279E0FEA369
:10345000E0FFD3EF9400EE940140037F0522900239
:1034600076120C29900279E0FCA3E0FD12017B901A
:10347000027BEFF090026EE0FEA3E0FF9002761276
:103480000C29900279E0FCA3E0FD900064ECF0A32D
:10349000EDF0124D3F90037EEFF090037EE0FFC011
:1034A00007900270E0FEA3E0FF7B017A02797B9037
:1034B0000064E4F0A37401F0124D3FAE07D007EFB3
:1034C0004EFF90037EEFF07E017F007D007B017A4E
:1034D00002797C120E8190026EE0FEA3E0FF7B0178
:1034E0007A02797C900279E0FCA3E0FD90012DEC5A
:1034F000F0A3EDF01247A0900279E0FEA3E0FF9068
:103500000276120C29C003C002C0017B017A027945
:103510007CA801AC02AD03D001D002D003120E5D35
:10352000EF3395E0FEEF4E600590037DE4F09002EE
:1035300070E0FEA3E0FF7B017A03797C90012DE42B
:10354000F0A37401F01247A090027BE0FF90037C8F
:10355000E0FEEE6F600590037DE4F0900272E0FE05
:10356000A3E0FF900276120C29900279E0FCA3E020
:10357000FD900064ECF0A3EDF0124D3F900274E07A
:10358000FEA3E0FF7B017A02797B900064E4F0A364
:103590007401F0124D3F7E017F007D007B017A02B5
:1035A000797C120E81900272E0FEA3E0FF7B017A2B
:1035B00002797C900279E0FCA3E0FD90012DECF013
:1035C000A3EDF01247A0900279E0FEA3E0FF900285
:1035D00076120C29C003C002C0017B017A02797CFB
:1035E000A801AC02AD03D001D002D003120E5DEFF2
:1035F0003395E0FEEF4E600590037DE4F090027499
:10360000E0FEA3E0FF7B017A03797C90012DE4F0DA
:10361000A37401F01247A090027BE0FF90037CE0CE
:10362000FEEE6F600590037DE4F07F00227B017A5F
:103630000079047D107F01125C07E4FF7E05FDFC2C
:10364000900004120B61D3120AA440037F01227B75
:10365000017A0079047D117F01125C07E4FF7E0589
:10366000FDFC900004120B61D3120AA440037F02F8
:10367000227B017A0079047D0D7F01125C07E4FF53
:103680007E05FDFC900004120B61D3120AA44003D6
:103690007F03227B017A0079047D127F01125C078F
:1036A000E4FF7E05FDFC900004120B61D3120AA416
:1036B00040037F04227B017A0079047D0F7F011291
:1036C0005C07E4FF7E05FDFC900004120B61D31241
:1036D0000AA440037F05227B017A0079047D0E7FD6
:1036E00001125C07E4FF7E05FDFC900004120B61F3
:1036F000D3120AA440037F06229007ABE0D39402C2
:103700007480948050030237DF7B017A0079047D56
:10371000107F02125C07E4FF7E05FDFC900004129E
:103720000B61D3120AA440037F07227B017A007940
:10373000047D117F02125C07E4FF7E05FDFC900012
:1037400004120B61D3120AA440037F08227B017A82
:103750000079047D0D7F02125C07E4FF7E05FDFC0D
:10376000900004120B61D3120AA440037F09227B4C
:10377000017A0079047D127F02125C07E4FF7E0566
:10378000FDFC900004120B61D3120AA440037F0ACF
:10379000227B017A0079047D0F7F02125C07E4FF2F
:1037A0007E05FDFC900004120B61D3120AA44003B5
:1037B0007F0B227B017A0079047D0E7F02125C0769
:1037C000E4FCFDFE900004120BA2E4FF7E05FDFC6C
:1037D000900004120B61D3120AA440037F0C227BD9
:1037E000017A0079047D087F04125C07E4FF7E05FE
:1037F000FDFC900004120B61D3120AA440037F0D5C
:10380000227B017A0079047D067F04125C07E4FFC5
:103810007E05FDFC900004120B61D3120AA4400344
:103820007F0E227F002278027C007D017BFF7A7D63
:1038300079FB7E007F0B120681AE84E490000DF0D0
:10384000A3F075840F20CC03FF80027F019000025B
:10385000EFF020CD047F0080027F01900003EFF0A5
:1038600020A0047F0080027F01900004EFF020A1DF
:10387000047F0080027F01900005EFF020A2047F0A
:103880000080027F01900006EFF020A3047F0080FB
:10389000027F01900007EFF020A4047F0080027FE8
:1038A00001900008EFF020A5047F0080027F0190C6
:1038B0000009EFF020A6047F0080027F0190000A3B
:1038C000EFF020A7047F0080027F0190000BEFF053
:1038D0002093047F0080027F0190000CEFF0AF0680
:1038E0008F84E4FBEBC3940B748094804003023A12
:1038F0001C74022BF582E43400F583E0FF74942BF2
:10390000F582E43405F583E0FEEB75F005A4245D53
:10391000F582E43405F583E5822EF582E43583F5FE
:1039200083EFF074942BF582E43405F583E004759D
:10393000F0058474942BF582E43405F583E5F0F00A
:1039400074942BF582E43405F583E0701A749F2B90
:10395000F582E43405F583E0700D749F2BF582E465
:103960003405F5837401F0749F2BF582E43405F57A
:1039700083E07003023A18E4FAFCFDEDC394057489
:103980008094805024EB75F005A4245DF582E43426
:1039900005F583E5822DF582E43583F583E0640146
:1039A00070030A80010C0D80D27E007401A8030808
:1039B0008005C333CE33CED8F9FF90000DEEF0A3CF
:1039C000EFF0C3EC94037480948040209005D6E01F
:1039D000FEA3E0FF90000DE0FCA3E0FDEE4CFEEF47
:1039E0004DFF9005D6EEF0A3EFF0802CC3EA9403D0
:1039F0007480948040229005D6E0FEA3E0FF900002
:103A00000DE0FCA3E0F4FDECF4FCEE5CFEEF5DFFEA
:103A10009005D6EEF0A3EFF00B0238E4229009B93E
:103A2000120C499009BF120BAE000000009009B9BA
:103A3000120C291206C9FF7E00EF24D0FFEE3407D6
:103A4000FE9009C3EEF0A3EFF09009C57407F0A350
:103A500074D0F09009C3E0FEA3E0FF9009C5E0FC3C
:103A6000A3E0FDC3ED9FEC9E505B9009BF120B4598
:103A7000C004C005C006C0079009C5E0FEA3E0FF72
:103A8000126D53EF60127F007E857DE27C01AB07F3
:103A9000AA06A905A80480107F807E337DE17C0101
:103AA000AB07AA06A905A804D007D006D005D00404
:103AB00012093B9009BF120BA29009C5E475F001F1
:103AC000120813808E9009C77401F09009B9120C86
:103AD000297582017583001206E2FF9009C7E0FE96
:103AE000EEC39F504E9009BF120B45C004C005C0E5
:103AF00006C0079009C3E0FEA3E0FF9009C7E0FD00
:103B000012636FE4FCFDFE7B807A5179017800122C
:103B10000956A804A905AA06AB07D007D006D00508
:103B2000D00412093B9009BF120BA29009C7E00410
:103B3000F080989009BF120B45C004C005C006C0B4
:103B4000079009B9120C297582027583001206E2EA
:103B5000FFEF14FFE4FCFDFE7B807A5179017800D1
:103B6000120956C004C005C006C0079009BC120C5B
:103B7000291206C9FF7E007C0E7D10120CAAA80433
:103B8000A905AA06AB07D007D006D005D0041209B4
:103B90003BC004C005C006C0079009BC120C2975C3
:103BA00082017583001206E2FF7E007C007D3C12DC
:103BB0000CAAA804A905AA06AB07D007D006D00511
:103BC000D00412093BC004C005C006C0079009BC60
:103BD000120C297582027583001206E2FFAB07E41E
:103BE000FAF9F8D007D006D005D00412093BA80492
:103BF000A905AA06AB07D007D006D005D004120944
:103C00003B9009BF120BA29009BF120B45229008EE
:103C100098EFF0900899120C4990089EE4F0A3E404
:103C2000F07BFF7A7D798AC003C002C0017B017AF4
:103C30000879A0A801AC02AD03D001D002D0037E68
:103C4000007F641206819009047402F0900905E473
:103C5000F0900899120C29AE02AF01EF4E70037F6D
:103C60000222900898E0FFEF120C7E3C7B013C861C
:103C7000023C91033C9C0400003CA590089EE4F0AB
:103C8000A37403F0801F90089EE4F0A37422F080D8
:103C90001490089EE4F0A37432F0800990089EE42A
:103CA000F0A37451F0900904E0FF14F0EF700302E8
:103CB0003D9790089EE0FEA3E0FF900899120C2922
:103CC00090089CE0FCA3E0FD900064ECF0A3EDF014
:103CD000124D3F7E00EF4E70CC7E007F647D007BF6
:103CE000017A0879A0120E8190089EE0FEA3E0FF01
:103CF0007B017A0879A090089CE0FCA3E0FD90018C
:103D00002DECF0A3EDF01247A07E00EF4E709690E0
:103D1000089CE0FEA3E0FF900899120C29C003C0A4
:103D200002C0017B017A0879A0A801AC02AD03D0E2
:103D300001D002D003120E5DEF3395E0FEEF4E602E
:103D400003023CA57B017A0879A090089CE0FEA3C1
:103D5000E0FFEF24FFFDEE34FFFC12017B9009062B
:103D6000EFF090089CE0FEA3E0FF749F2FF58274B3
:103D7000083EF583E0FF900907EFF0900907E0FFA8
:103D8000900906E0FEEE6F6003023CA59009057401
:103D900001F08003023CA5900905E0FFEF60047F7D
:103DA0000080027F06229000047401F09007ABE0CF
:103DB000D394027480948040089000057403F080CE
:103DC000069000057402F09000047401F090000564
:103DD000E0FE900004E0FFC39E4003023E86C00761
:103DE000900047120BAE0000005AD0077DC9125C4C
:103DF0009D900047120BAE00000000900004E0FF11
:103E00007D24125C9D900047120BAE0000000090D4
:103E10000004E0FF7D25125C9D900047120BAE0070
:103E2000000000900004E0FF7D26125C9D9000479A
:103E3000120BAE00000000900004E0FF7D27125C32
:103E40009D900047120BAE00000000900004E0FFC0
:103E50007D28125C9D900047120BAE000000009080
:103E60000004E0FF7D29125C9D900047120BAE001C
:103E7000000001900004E0FF7DC9125C9D900004E9
:103E8000E004F0023DCD7F647E0012705490004744
:103E9000120BAE0000005A7DC97F01125C9D90009C
:103EA00047120BAE0000005A7DC97F02125C9D7D57
:103EB000017F01124E457D027F01124E457D037F39
:103EC00001124E457D047F01124E457D057F011292
:103ED0004E457D067F01124E457D017F02124E4503
:103EE0007D027F02124E457D037F02124E457D0406
:103EF0007F02124E457D057F02124E457D067F02F0
:103F0000124E45900047120BAE000000017DC97FA4
:103F100001125C9D900047120BAE000000017DC9AC
:103F20007F02125C9D229007ABE0D39402748094D0
:103F30008040089000057403F0800690000574022C
:103F4000F09000047401F0900005E0FE900004E0A1
:103F5000FFC39E4003024000C007900047120BAE13
:103F60000000005AD0077DC9125C9D900047120BDB
:103F7000AE00000000900004E0FF7D17125C9D90F1
:103F80000047120BAE00000000900004E0FF7D1817
:103F9000125C9D900047120BAE00000000900004E0
:103FA000E0FF7D19125C9D900047120BAE000000EF
:103FB00000900004E0FF7D1A125C9D900047120BF8
:103FC000AE00000000900004E0FF7D1B125C9D909D
:103FD0000047120BAE00000000900004E0FF7D1CC3
:103FE000125C9D900047120BAE000000019000048F
:103FF000E0FF7DC9125C9D900004E004F0023F47A1
:104000007F647E00127054900047120BAE000000D7
:104010005A7DC97F01125C9D900047120BAE0000D3
:10402000005A7DC97F02125C9D7D017F011244F11F
:104030007D027F011244F17D037F011244F17D0472
:104040007F011244F17D057F011244F17D067F015D
:104050001244F17D017F021244F17D027F0212447D
:10406000F17D037F021244F17D047F021244F17D51
:10407000057F021244F17D067F021244F190004751
:10408000120BAE000000017DC97F01125C9D900003
:1040900047120BAE000000017DC97F02125C9D2219
:1040A0009009C8120C499009C8120C29AE02AF0140
:1040B000EF4E7003024211C2AF9005D0E0FF9009AD
:1040C000CBEFF09005D1E0FF9009CCEFF09005D256
:1040D000E0FF9009CDEFF09005D3E0FF9009CEEF1F
:1040E000F09005D4E0FF9009CFEFF09005D5E0FF08
:1040F0009009D0EFF0D2AF9009CBE0FFEF75F00A56
:1041000084FFEFC454F0FF9009CBE0FEEE75F00A97
:1041100084AEF0EE4FFF9009C8120C297582067527
:104120008300EF1207549009CCE0FFEF75F00A848A
:10413000FFEFC454F0FF9009CCE0FEEE75F00A8466
:10414000AEF0EE4FFF9009C8120C297582077583F7
:1041500000EF1207549009CDE0FFEF75F00A84FFDD
:10416000EFC454F0FF9009CDE0FEEE75F00A84AE86
:10417000F0EE4FFF9009C8120C2975820875830074
:10418000EF1207549009CEE0FFEF75F00A84FFEFBD
:10419000C454F0FF9009CEE0FEEE75F00A84AEF054
:1041A000EE4FFF9009C8120C29758209758300EF44
:1041B0001207549009CFE0FFEF75F00A84FFEFC4B7
:1041C00054F0FF9009CFE0FEEE75F00A84AEF0EEF9
:1041D0004FFF9009C8120C2975820A758300EF12EF
:1041E00007549009D0E0FFEF75F00A84FFEFC45444
:1041F000F0FF9009D0E0FEEE75F00A84AEF0EE4FCD
:10420000FF9009C8120C2975820B758300EF120705
:104210005422900076EFF0A3120C49E490007AF05B
:10422000A3F0A3F0A3F0A3F0A3F0E94A601A900072
:1042300076E0FF7E00C3940174809480400AD3EF3F
:1042400094047480948040037F0122900077120CC4
:1042500029120BDF00000000900076E024FE600EC3
:1042600014600F1460102403700EC2B1800AC2B231
:104270008006C2B38002C2B4AF057B017A00797AAE
:10428000125DBD90007FEFF060030243607B017A16
:1042900000797A7FFF125DBD90007FEFF06003022E
:1042A00043607B017A00797B7FFF125DBD90007FC8
:1042B000EFF060030243607B017A00797C7FFF129C
:1042C0005DBD90007FEFF0600302436090007DF0E1
:1042D000A3F0E59A5480601990007DE475F0011216
:1042E0000829FED3E5F09464EE940040E580028056
:1042F000E190007BE0FFE4FCFDFE7808120AC8C0F4
:1043000004C005C006C00790007AE0FFE4FCFDFE93
:104310007810120AC8D003D002D001D000120A735C
:10432000A804A905AA06AB0790007CE0FFE4FCFD09
:10433000FE120A73900077120C29120B2B90007654
:10434000E024FE600E14600F1460102403700ED27F
:10435000B1800AD2B28006D2B38002D2B47F0022EA
:10436000900076E024FE600E14600F1460102403A9
:10437000700ED2B1800AD2B28006D2B38002D2B41B
:104380007F0122900144EFF0E075F00BA4240BF9BB
:10439000740935F0FA7B01A3120C49120C5E120C61
:1043A000A4EF7003024497900145120C299000037A
:1043B0001206E2C394037480948050089000037442
:1043C0000112070F9000031206E264036003024427
:1043D000F09000081206E2702490000804120754BE
:1043E000900004E4F5F012090E90000AE41207545C
:1043F000900144E075F003A404FF1271759001452B
:10440000120C2990000612086AFFAEF0D39400EE59
:10441000940050030244F0900004E475F001120887
:10442000A2FCC3E5F09FEC9E403590000612086A9E
:10443000FF900004E5F08FF012090E9000091206BB
:10444000E2600E900145120C2990000A1206E270FB
:104450000E900144E075F003A42403FF12717590DF
:104460000145120C299000091206E2FFD394007452
:10447000809480407B90000A740112070FC39F4014
:104480006F90000AE4120754900144E075F003A411
:104490002402FF12717522900145120C299000032D
:1044A0001206E2D394007480948040089000037454
:1044B000FF12070F9000031206E2703490000812FA
:1044C00006E264017014900008120754900144E061
:1044D00075F003A42402FF127175900145120C2996
:1044E000900004E4F5F012090E90000AE41207545B
:1044F00022900006EFF0A3EDF0FF7E006401700A49
:104500009000107410F0A3741AF0EF64024E700A59
:104510009000107411F0A3741BF0EF64034E700A46
:10452000900010740DF0A37417F0EF64044E700A3D
:104530009000107412F0A3741CF0EF64054E700A22
:10454000900010740FF0A37419F0EF64064E700A17
:10455000900010740EF0A37418F0900006E0FF9025
:104560000010E0FD7B017A007908125C07900008DA
:10457000120B45E41204F2E4FBFAF978461203DC6C
:1045800090000C120BA2900007E0FF6403603DEF67
:104590006406603890000C120B45E4FBFA79C07891
:1045A000401203DC90000C120BA290000C120B6165
:1045B000E4FFFE7DA07C401203DCE4FBFA79807806
:1045C000BF1201E290000C120BA2802090000C128E
:1045D0000B61E4FFFE7DC87C421203DCE4FBFA7948
:1045E0008078BF1201E290000C120BA2E4FFFEFDE6
:1045F000FC90000C120B61120479401AE4FFFEFDDE
:104600007C4790000C120B611202D312053090000F
:1046100008120BA28022E4FFFEFD7C4790000C12E2
:104620000B611202D3E4FBFA798078471201E2129F
:104630000530900008120BA2900008120B45900064
:1046400047120BA2900011E0FD900006E0FF125C03
:104650009D22E4900002F012722A7F647E001270A4
:1046600054122FC3900002EFF014601B14601C243E
:1046700002701A7B017A0579D0125A367B017A05CD
:1046800079D3125AD38006C2968002C2967F141242
:10469000729890079DE0FEA3E0FFE4FCFD1263002A
:1046A00012019E1273AD1261AC1201449005BC124E
:1046B0000BAE000000009005C0120BAE0000000021
:1046C0009005C4120BAE000000009005C8120BAE9E
:1046D000000000009005CC120BAE00000000900519
:1046E000E4120BAE000000009005E8120BAE0000D3
:1046F00000009005EC120BAE000000009005F012D7
:104700000BAE000000009005F4120BAE000000009C
:104710009005F8120BAE000000009005FC120BAEE5
:1047200000000000900600120BAE00000000900692
:1047300004120BAE00000000900608120BAE000041
:10474000000090060C120BAE000000009006101244
:104750000BAE00000000E49005D6F0A3F0900764D3
:10476000F0A3F0C201C205900A94F0900002F0900C
:104770000002E0FFFD3395E0FCC3ED9406EC64809D
:1047800094805019EF3395E0FE74D72FF5827406AC
:104790003EF583E4F0900002E004F080D2D2AF2234
:1047A000900128EEF0A3EFF0A3120C49900132E53E
:1047B00084F0E4F58490012A120C29E94A601990EA
:1047C000012DE07002A3E0600FD3900129E094FF77
:1047D000900128E0947F4009900132E0F5847F0247
:1047E000221264E090012FEFF06009900132E0F5B1
:1047F000847F01227FA0125FC390012FEFF0600C35
:104800001270C5900132E0F5847F0122900128E00A
:10481000FF12613490012FEFF0600C1270C590010F
:1048200032E0F5847F0122900128E0A3E0FF1261CD
:104830003490012FEFF0600C1270C5900132E0F55A
:10484000847F012212653490012FEFF0600C12700A
:10485000C5900132E0F5847F01227FA1125FC390F1
:10486000012FEFF0600C1270C5900132E0F5847FEB
:104870000122E4900130F0A3F090012DE0FEA3E0CE
:10488000FF900130E0FCA3E0FDC39FEC9E5049EF98
:1048900024FFFFEE34FFFEEDB50708ECB506047FFC
:1048A0000080027F01900133EFF090012A120C2961
:1048B000E92DF9EA3CFA125EC990012FEFF0600C85
:1048C0001270C5900132E0F5847F0122900130E43E
:1048D00075F00112081380A11270C5900132E0F545
:1048E000847F0022AB05900056EFF0E490005CF06E
:1048F000A3F0A3F0A3F0A3F0A3F0A3F0FEC3EF9402
:104900000174809480400AD3EF94047480948040B2
:10491000037F0322900058120B457810120AB590BD
:104920000060EFF0900058120B457808120AB5901D
:104930000061EFF0900058120B45900062EFF0908C
:104940000056E024FE600E14600F14601024037003
:104950000EC2B1800AC2B28006C2B38002C2B4EBFA
:104960004480FBFF7B017A00795E125DBD90005FA1
:10497000EFF06003024A00A3E0FF7B017A00795E5A
:10498000125DBD90005FEFF07076900061E0FF7BFC
:10499000017A00795E125DBD90005FEFF07061906A
:1049A0000062E0FF7B017A00795E125DBD90005FDE
:1049B000EFF0704C90005CF0A3F0E59A5480601D1D
:1049C00090005CE475F001120829FED3E5F09464D0
:1049D000EE940040E590005F7402F0802390005652
:1049E000E024FE600E14600F1460102403700ED2D9
:1049F000B1800AD2B28006D2B38002D2B47F002244
:104A0000D2B1D2B2D2B3D2B47F0222E4FFFB900083
:104A10000DF0A3F09005D3E0FAA3E090000AF09027
:104A200005D2E0FE90000BF09005D1E090000CF074
:104A30009005D0E0F9900788E0FDEEB505159007E8
:104A400087E0FE90000CE0B50609900786E0FEE9DD
:104A50006E60027F01900787E0FE90000CE0B506D3
:104A600007900786E06960027B01EF7006EB700338
:104A7000024B03EA700D90000AE0D3940374809413
:104A8000804018EAD39400748094804003EF700B48
:104A9000EAC374809480406BEB6068EF601A900703
:104AA0008C120BAE00000000900790120BAE0000BD
:104AB000000090000D7401F0EB601A900794120B47
:104AC000AE00000000900798120BAE0000000090AE
:104AD000000D7401F0900786E9F090000CE090075B
:104AE00087F090000BE0900788F0A3EAF090000AAE
:104AF000E090078AF09005D5E090078BF090000ECB
:104B00007401F090000DE060097B017A07798C1246
:104B100068F690000EE060097B017A077986126CD6
:104B2000B622AB07900068120BAE00000000E490C4
:104B3000006CF0A3F0A3F0A3F0A3F0A3F0A3F0A304
:104B4000F0A3F0EBFF7E00C3940174809480400AD0
:104B5000D3EF94047480948040037F0222EBC394CB
:104B600003748094805008900075742EF080069035
:104B700000757417F0AF03900075E0FD7B017A00BB
:104B80007968124212900074EFF060037F01229066
:104B90000068120B457810120AB5EFE4A9079000DF
:104BA0006CE9F0900068120B45EFEEE490006DEEBA
:104BB000F0A3EFF0900063120B457810120AB5EFE6
:104BC000E4900071EFF0FB900063120B457808123F
:104BD0000AB5EFE4900072EFF0FA900063120B4513
:104BE000EFE4900073EFF0900067E0FEFD90006F3F
:104BF000E4F0A3EDF0EBFD90006FE48DF0120813EC
:104C0000EAFD90006FE48DF0120813EFFD90006F45
:104C1000E48DF0120813E96E60037F042290006FA8
:104C2000E0FEA3E0FF90006DE06E7003A3E06F6014
:104C3000037F04227F0022C0E0C083C082C0D07501
:104C4000D000C001C002C003C004C005C006C00738
:104C5000E4FDA984F58420ED03024D24C2EDAFBF2D
:104C6000EFFEACBEECFBEEEBFF8984C3EF945AEE93
:104C7000940E4009D3EF94FAEE940E405AC3EF9489
:104C8000B0EE940A4009D3EF9450EE940B4048C321
:104C9000EF9427EE94084009D3EF94C7EE940840B0
:104CA00036C3EF948EEE94064009D3EF942EEE9423
:104CB000074024C3EF9427EE94044009D3EF94C730
:104CC000EE94044012C3EF94B0EE94014013D3EF7E
:104CD0009450EE9402500A7D019005BB7401F0805F
:104CE000139005BBE070047D0180099005BAE4F0E3
:104CF000A3F08034ED602DC2AF9005BAE025E0242A
:104D0000AAF582E43405F583EEF0A3EFF09005BA3E
:104D1000E004F0E0C39408748094804005E4F0124D
:104D20004FFBD2AFAF018F84D007D006D005D0049F
:104D3000D003D002D001D0D0D082D083D0E0329046
:104D4000005FEEF0A3EFF0A3120C49900069E58438
:104D5000F0E4F584900061120C29E94A6022900089
:104D600064E0FEA3E0FF4E6017D3900060E094FF84
:104D700090005FE0947F5008EF9440EE940040096B
:104D8000900069E0F5847F02221264E0900066EFF3
:104D9000F06009900069E0F5847F01227FA0125F36
:104DA000C3900066EFF0600C1270C5900069E0F5EA
:104DB000847F012290005FE0FF126134900066EF73
:104DC000F0600C1270C5900069E0F5847F012290BC
:104DD000005FE0A3E0FF126134900066EFF0600C2A
:104DE0001270C5900069E0F5847F0122E4900067AD
:104DF000F0A3F0900064E0FEA3E0FF900067E0FC09
:104E0000A3E0FDC39FEC9E5030900061120C298DF1
:104E1000828C831206E2FF126134900066EFF0602C
:104E20000C1270C5900069E0F5847F012290006744
:104E3000E475F00112081380BA1270C5900069E0A1
:104E4000F5847F0022900006EFF0A3EDF0FF7E00D6
:104E50006401700A90000C7410F0A37427F0EF64E2
:104E6000024E700A90000C7411F0A37428F0EF64E5
:104E7000034E700A90000C740DF0A37424F0EF64DC
:104E8000044E700A90000C7412F0A37429F0EF64C1
:104E9000054E700A90000C740FF0A37426F0EF64B6
:104EA000064E700A90000C740EF0A37425F090006A
:104EB00006E0FF90000CE0FD7B017A007908125CAF
:104EC00007900008120B45A804A905AA06AB071213
:104ED0000956900008120BA2900008120B45780F9B
:104EE000120AB5900008120BA2900007E0FF6403BD
:104EF0006018EF64066013A3120B45E47B06FAF911
:104F0000F81209E1900008120BA2900008120B455C
:104F1000900047120BA290000DE0FD900006E0FF0C
:104F2000125C9D22900008120C49E94A70037F022E
:104F300022900008120C29126FC890000BEFF0604D
:104F400003E0FF22900008120C299000021206E2F2
:104F5000FF75F00A84FEC454F0FEEF75F00A84E594
:104F6000F04E90000CF09000011206E2FF75F00A7E
:104F700084FEC454F0FEEF75F00A84E5F04E900014
:104F80000DF01206C9FF75F00A84FEC454F0FEEF5E
:104F900075F00A84E5F04E90000EF07D02E4FF12F9
:104FA000603F90000BEFF060037F012290000CE067
:104FB000FD7F0212603F90000BEFF060037F012243
:104FC00090000DE0FD7F0312603F90000BEFF0605A
:104FD000037F012290000EE0FD7F0412603F9000ED
:104FE0000BEFF060037F0122E4FDFF12603F9000B1
:104FF0000BEFF060037F01227F0022C2AFE4FFEFDE
:10500000C39408748094805025EF25E024AAF5828B
:10501000E43405F583E0FCA3E0FDEF25E0244DF545
:1050200082E43405F583ECF0A3EDF00F80D1D2AF2C
:10503000E4FFEFC3940774809480507EE4FEC37451
:10504000079FFDEEC39D506EEE25E0244FF582E4F0
:105050003405F583E0FCA3E0FDEE25E0244DF58268
:10506000E43405F583E0FAA3E0FBD39DEA9C4043DA
:10507000900000EAF0A3EBF0EE25E0244FF582E487
:105080003405F583E0FCA3E0FDEE25E0244DF58238
:10509000E43405F583ECF0A3EDF0900000E0FCA310
:1050A000E0FDEE25E0244FF582E43405F583ECF0D5
:1050B000A3EDF00E80880F025032C2AF900555E08C
:1050C000FFA3E09005E0CFF0A3EFF0D200D2AF2233
:1050D000900008120C49E94A70037F0222900008F0
:1050E000120C2912599690000BEFF06003E0FF229A
:1050F000900008120C299000021206E2FF75F00AD7
:1051000084FEC454F0FEEF75F00A84E5F04E900082
:105110000CF09000011206E2FF75F00A84FEC45400
:10512000F0FEEF75F00A84E5F04E90000DF01206E7
:10513000C9FF75F00A84FEC454F0FEEF75F00A84CE
:10514000E5F04E90000EF07D02E4FF12603F90000B
:105150000BEFF06003E0FF2290000CE0FD7F0612F1
:10516000603F90000BEFF06003E0FF2290000DE045
:10517000FD7F0712603F90000BEFF06003E0FF221D
:1051800090000EE0FD7F0812603F90000BEFF06092
:1051900003E0FF22E4FDFF12603F90000BEFF022DE
:1051A0009009E9EFF09009EA120C499009E9E0FF53
:1051B0007E00C3EF9404EE64809480500E9009EA60
:1051C000120C29AE02AF01EF4E70037F022290094C
:1051D000E9E0FF7E08EF8EF0A4FFAEF0EF2426FF9B
:1051E000EE3420FEC006C0079009E9E0FF7E08EF1C
:1051F0008EF0A4FFAEF0EF242DFDEE3420FCC004B1
:10520000C0059009E9E0FF7E08EF8EF0A4FFAEF044
:10521000EF2426FDEE3421FC9009E9E0FF7E08EF43
:105220008EF0A4FFAEF0EF242DFFEE3421FE9009A6
:105230008EEEF0A3EFF09009EA120C29900990127B
:105240000C49900993E4F0A37407F0AB05AA04D0CD
:1052500005D004D007D0061231EA9009EDEFF090A6
:1052600009EDE0FF229009F3EFF09009F4120C49E8
:105270009009F3E0FF7E00C3EF9404EE6480948015
:10528000500E9009F4120C29AE02AF01EF4E7003DC
:105290007F02229009F3E0FF7E10EF8EF0A4FFAEB4
:1052A000F0EF246AFFEE3420FEC006C0079009F339
:1052B000E0FF7E10EF8EF0A4FFAEF0EF2479FDEE5C
:1052C0003420FCC004C0059009F3E0FF7E10EF8E8F
:1052D000F0A4FFAEF0EF246AFDEE3421FC9009F358
:1052E000E0FF7E10EF8EF0A4FFAEF0EF2479FFEE2A
:1052F0003421FE90098EEEF0A3EFF09009F4120C29
:1053000029900990120C49900993E4F0A3740FF0CE
:10531000AB05AA04D005D004D007D0061231EA901C
:1053200009F7EFF09009F7E0FF229009F8EFF0900D
:1053300009F9120C499009F8E0FF7E00C3EF9404CC
:10534000EE64809480500E9009F9120C29AE02AFE1
:1053500001EF4E70037F02229009F8E0FF7E10EF0C
:105360008EF0A4FFAEF0EF246AFFEE3420FEC006FC
:10537000C0079009F8E0FF7E10EF8EF0A4FFAEF0BA
:10538000EF2479FDEE3420FCC004C0059009F8E05C
:10539000FF7E10EF8EF0A4FFAEF0EF246AFDEE3436
:1053A00021FC9009F8E0FF7E10EF8EF0A4FFAEF034
:1053B000EF2479FFEE3421FE900274EEF0A3EFF0BB
:1053C0009009F9120C29900276120C49900279E4A6
:1053D000F0A3740FF0AB05AA04D005D004D007D019
:1053E0000612340F9009FCEFF09009FCE0FF2290C8
:1053F00009FDEFF09009FE120C499009FDE0FF7ED7
:1054000000C3EF9404EE64809480500E9009FE1265
:105410000C29AE02AF01EF4E70037F02229009FD0E
:10542000E0FF7E04EF8EF0A4FFAEF0EF24AAFFEEC3
:105430003420FEC006C0079009FDE0FF7E04EF8E19
:10544000F0A4FFAEF0EF24ADFDEE3420FCC004C0AC
:10545000059009FDE0FF7E04EF8EF0A4FFAEF0EFB3
:1054600024AAFDEE3421FC9009FDE0FF7E04EF8EBE
:10547000F0A4FFAEF0EF24ADFFEE3421FE90098ED4
:10548000EEF0A3EFF09009FE120C29900990120C97
:1054900049900993E4F0A37403F0AB05AA04D00586
:1054A000D004D007D0061231EA900A01EFF0900A3A
:1054B00001E0FF22900A02EFF0900A03120C4990DB
:1054C0000A02E0FF7E00C3EF9404EE6480948050F3
:1054D0000E900A03120C29AE02AF01EF4E70037F4B
:1054E0000222900A02E0FF7E04EF8EF0A4FFAEF0ED
:1054F000EF24AAFFEE3420FEC006C007900A02E0A7
:10550000FF7E04EF8EF0A4FFAEF0EF24ADFDEE348D
:1055100020FCC004C005900A02E0FF7E04EF8EF07C
:10552000A4FFAEF0EF24AAFDEE3421FC900A02E0C5
:10553000FF7E04EF8EF0A4FFAEF0EF24ADFFEE345B
:1055400021FE900274EEF0A3EFF0900A03120C29F2
:10555000900276120C49900279E4F0A37403F0AB48
:1055600005AA04D005D004D007D00612340F900A43
:1055700006EFF0900A06E0FF22C0E0C083C082C0C0
:10558000D075D000C006C007AF847584003098562F
:10559000C298AE9990026CE064017026900269E0B6
:1055A000C39420748094805019E02449F582E43437
:1055B00001F583EEF0900269E004F0900148E4F018
:1055C000802490026CE0701E04F0900269E4F0E028
:1055D0002449F582E43401F583EEF0900269E00499
:1055E000F0900148E4F030993BC29990026DE0647C
:1055F00001703190026BE004F090026AE0FEA3E0DB
:10560000C39E500FE02469F582E43401F583E0F590
:10561000998011C28790026DE4F090026BF09002C5
:105620006AF0D2038F84D007D006D0D0D082D08346
:10563000D0E0329009EEEFF09009EF120C4990099A
:10564000EF120C29AE02AF01EF4E70037F022290E1
:1056500009EEE0FF7E08EF8EF0A4FFAEF0EF242607
:10566000FFEE3420FEC006C0079009EEE0FF7E0882
:10567000EF8EF0A4FFAEF0EF242DFDEE3420FCC041
:1056800004C0059009EEE0FF7E08EF8EF0A4FFAEA7
:10569000F0EF2426FDEE3421FC9009EEE0FF7E08B9
:1056A000EF8EF0A4FFAEF0EF242DFFEE3421FE903C
:1056B0000274EEF0A3EFF09009EF120C299002763D
:1056C000120C49900279E4F0A37407F0AB05AA0428
:1056D000D005D004D007D00612340F9009F2EFF0B5
:1056E0009009F2E0FF22E4900957F0A3F0FFEFC326
:1056F0009406748094805058EF75F00BA42411F533
:1057000082E43409F583E4F0A37432F0EF75F00B12
:10571000A4240EF582E43409F5837401F0EF75F0EA
:105720000BA42413F582E43409F583E4F0EF75F05B
:105730000BA42414F582E43409F583E4F0EF75F04A
:105740000BA42415F582E43409F583E4F00F809E60
:105750009009147432F090091FF07BFF7A7379532B
:1057600090090B120C497A737903900916120C49AF
:105770007A737913900921120C497A73792390096D
:105780002C120C497A737933900937120C497A73C9
:105790007943900942120C4922900011EFF0A312B4
:1057A0000C49900016E584F0E4F5841264E0900062
:1057B00015EFF06007A3E0F5847F01227FD0125F30
:1057C000C3900015EFF0600C1270C5900016E0F564
:1057D000847F0122900011E0FF126134900015EFE8
:1057E000F0600C1270C5900016E0F5847F01221263
:1057F0006534900015EFF0600C1270C5900016E053
:10580000F5847F01227FD1125FC3900015EFF06015
:105810000C1270C5900016E0F5847F0122900012F2
:10582000120C29E4FF125EC9900015EFF0600C1213
:1058300070C5900016E0F5847F01221270C59000BB
:1058400016E0F5847F0022C0E0C0F0C083C082C0B3
:10585000D075D000C000C001C002C003C004C005A4
:10586000C006C007AF84758400758CB8758A00C205
:105870008D8F84900A75120B45E47B01FAF9F812BA
:10588000093B900A75120BA21273A912019490029F
:105890006CE064017025900148E0C3940474809426
:1058A000805018E004F0E0C3940474809480400BAE
:1058B00090026C7402F0900148E4F0300517900AF1
:1058C00094E0D3940074809480400AE014F0E07077
:1058D00004D2B6C205D007D006D005D004D003D07C
:1058E00002D001D000D0D0D082D083D0F0D0E0322E
:1058F0009009D7EFF09009D8120C499009D8120CF2
:1059000029AE02AF01EF4E70037F02229009D7E06B
:10591000FF7E00C3EF9401EE6480948040129009F2
:10592000D7E0FF7E00D3EF9404EE648094804003C0
:105930007F05229009D7E0FFEF14FF9009DCEFF01C
:105940009009DCE0FF7E0CEF8EF0A4FFAEF0EF24B8
:10595000F4FFEE342CFE9009D8120C2990012DE4AE
:10596000F0A3740CF01247A09009DBEFF09009DB74
:10597000E0FF7E00EF64084E60069009DBE0FF2246
:105980009009D8120C2912083FFFAEF0EF4E7003B9
:105990007F09227F082290000F741FF090000112EF
:1059A00006E2FF7E00C3940174809480400AD3EF26
:1059B000940C7480948040037F01229000021206B0
:1059C000E2C394017480948050037F01229000010F
:1059D0001206E224FC602B24FE602724FD602324B1
:1059E000FE601F240970231206C9FF5403700BEFD9
:1059F000600890000F741DF0801690000F741CF06A
:105A0000800E90000F741EF0800690000F741FF03F
:105A10009000021206E2FF90000FE0FEEFD39E40DE
:105A2000037F01221206C9D39463748094804003DB
:105A30007F01227F002290000A120C49E94A70037C
:105A40007F02227D01E4FF12603F90000DEFF07BAA
:105A5000017A00790E7F0612579990000DEFF07BC6
:105A6000017A00790F7F0712579990000DEFF07BB4
:105A7000017A0079107F0812579990000DEFF0E439
:105A8000FDFF12603F90000DEFF0A3E0FEC4540F45
:105A900075F00AA4FDEE540F2DFE90000A120C2999
:105AA000900002EE12075490000FE0FEC4540F75F0
:105AB000F00AA4FDEE540F2D90000112075490003F
:105AC00010E0FEC4540F75F00AA4FDEE540F2D1221
:105AD00007422290000A120C49E94A70037F022211
:105AE0007D01E4FF12603F90000DEFF07B017A0032
:105AF000790E7F0212579990000DEFF07B017A002A
:105B0000790F7F0312579990000DEFF07B017A0017
:105B100079107F0412579990000DEFF0E4FDFF1209
:105B2000603F90000DEFF0A3E0FEC4540F75F00A43
:105B3000A4FDEE540F2DFE90000A120C29900002D5
:105B4000EE12075490000FE0FEC4540F75F00AA443
:105B5000FDEE540F2D900001120754900010E0FE4E
:105B6000C4540F75F00AA4FDEE540F2D1207422203
:105B70009005E0E0FEA3E0FDAC06C3945AEC940E61
:105B8000400DD3ED94FAEC940E5004E4FEFF22C3D2
:105B9000ED94B0EC940A400ED3ED9450EC940B507D
:105BA000057E007F0122C3ED9427EC9408400ED3BC
:105BB000ED94C7EC940850057E007F0222C3ED945B
:105BC0008EEC9406400ED3ED942EEC940750057E97
:105BD000007F0322C3ED9427EC9404400ED3ED9490
:105BE000C7EC940450057E007F0422C3ED94B0EC12
:105BF0009401400ED3ED9450EC940250057E007F4A
:105C000005227EFF7FFF22900057EFF0A3EDF0A367
:105C1000120C49E490005CF0A3120BAE00000000EF
:105C2000900058E0547F900061F0E94A601A9000BB
:105C300057E0FF7E00C3940174809480400AD3EF44
:105C400094047480948040037F0322900059120CC6
:105C500029120BDF00000000900057E0FFA3E0FDD9
:105C6000A3120C2912421290005CEFF060037F0136
:105C700022900059120C29120ADB900063120BA229
:105C8000900061E0900067F0900057E0FF124B2217
:105C900090005CEFF060037F04227F0022AB059050
:105CA0000045EFF0FAE490004BF0A3120BAE0000B9
:105CB0000000EB4480900050F0A37401F0A3120B9D
:105CC000AE00000000EAFF7E00C39401748094805F
:105CD000400AD3EF94047480948040037F0222AF83
:105CE00003AD07C005900047120B45900058120BFA
:105CF000A2900045E0FFD0051248E490004BEFF081
:105D000060037F0222900047120B45900063120B44
:105D1000A2900050E0900067F0900045E0FF124B29
:105D20002290004BEFF060037F04227F0022787FF7
:105D3000E4F6D8FD75812012010A025D78027153E4
:105D4000E493A3F8E493A34003F68001F208DFF4A0
:105D50008029E493A3F85407240CC8C333C4540F18
:105D60004420C8834004F456800146F6DFE4800BEB
:105D70000102040810204080902D05E47E0193600C
:105D8000BCA3FF543F30E509541FFEE493A3600118
:105D90000ECF54C025E060A840B8E493A3FAE49382
:105DA000A3F8E493A3C8C582C8CAC583CAF0A3C830
:105DB000C582C8CAC583CADFE9DEE780BE9000801D
:105DC000EFF0A3E584F0E4FDFCE94A70037F0222D2
:105DD000E4F584FCFDE59A548060160DED70010C2D
:105DE000D394C8EC940040ED900081E0F5847F01ED
:105DF00022E4FCFD20F9160DED70010CD394C8ECE3
:105E0000940040F0900081E0F5847F0122900080B2
:105E1000E0F59BE4FCFD20FF1D0DED70010CD3941B
:105E2000F4EC940140F0A2FFB3E43352F890008107
:105E3000E0F5847F0122E59B120742C2FF900081BA
:105E4000E0F5847F0022900A0CEFF0900A0D120C0E
:105E500049900A0D120C29AE02AF01EF4E70037F7C
:105E60000222900A0CE0FF7E00C3EF9464EE64808F
:105E7000948040037F0522900A0CE0FF7E0CEF8E99
:105E8000F0A4FFAEF0EF2444FFEE3428FE900A0D9C
:105E9000120C2990012DE4F0A3740CF01247A0908D
:105EA0000A10EFF0900A10E0FFEF6006900A10E091
:105EB000FF22900A0D120C2912083FFFAEF0EF4EA0
:105EC00060047F0880027F0922900134120C49AEE1
:105ED0000730040A900134120C29E94A70037F0547
:105EE00022EE6003D38001C392C2C2C37F107E271B
:105EF0007D007C001270A0EF6011900A927402F095
:105F00001270C5C204900A92E0FF22AFC1EF645044
:105F10006007AFC1EF6458700E900134120C29E590
:105F2000C21207427F0022AFC1EF64387008900AA6
:105F3000927403F08006900A927406F01270C5C243
:105F400004900A92E0FF22900975EFF0126F919091
:105F50000987EFF07E007F0C7D007B017A09797B59
:105F6000120E81900975E0FF7E0090097BEEF0A390
:105F7000EFF0900976120B4590097D120BA27B0180
:105F80007A09797B1240A0900987E0FF7E0CEF8EA2
:105F9000F0A4FFAEF0EF2444FFEE3428FE7B017A3C
:105FA00009797B900064E4F0A3740CF0124D3F90EB
:105FB000097AEFF07B017A09798712002E90097A2D
:105FC000E0FF22AB072004037F042220C311900AC4
:105FD000927406F01270C5C204900A92E0FF22AFDC
:105FE000038FC2C2C37F107E277D007C001270A089
:105FF000EF6011900A927402F01270C5C204900A08
:1060000092E0FF22AFC1EF24E0601324E860172480
:10601000F8600824F86007243070137F0022900A8B
:10602000927401F0800E900A927403F08006900A38
:10603000927404F01270C5C204900A92E0FF22909C
:106040000039EFF0A3EDF090003CE584F0E4F58436
:106050001264E090003BEFF06007A3E0F5847F015D
:10606000227FD0125FC390003BEFF0600C1270C52E
:1060700090003CE0F5847F0122900039E0FF12613E
:106080003490003BEFF0600C1270C590003CE0F5DE
:10609000847F012290003AE0FF12613490003BEFD0
:1060A000F0600C1270C590003CE0F5847F01221274
:1060B00070C590003CE0F5847F0022900A07EFF065
:1060C000900A08120C49900A08120C29AE02AF017E
:1060D000EF4E70037F0222900A07E0FF7E00C3EFBD
:1060E0009401EE648094804012900A07E0FF7E00E5
:1060F000D3EF9404EE6480948040037F0522900ADD
:1061000007E0FFEF14FF900A0BEFF0900A0BE0FF9F
:106110007E0CEF8EF0A4FFAEF0EF24F4FFEE342CF3
:10612000FE900A08120C29900064E4F0A3740CF0AD
:10613000124D3F22AB072004037F042220C311909D
:106140000A927406F01270C5C204900A92E0FF220F
:10615000AF038FC2C2C37F107E277D007C00127008
:10616000A0EF6011900A927402F01270C5C2049000
:106170000A92E0FF22AFC1EF64287002FF22AFC194
:10618000EF64307007900A9204F08015AFC1EF649D
:10619000387008900A927403F08006900A92740690
:1061A000F01270C5C204900A92E0FF22E49000044D
:1061B000F0A37403F01272DF900005E0FF14F0EF1B
:1061C000604C900004E0FEC0067F011217AED0E0E4
:1061D0004F900004F09007ABE0D394027480948059
:1061E0004013900004E0FEC0067F021217AED0E01C
:1061F0004F900004F0900004E0FEC0067F041217E8
:10620000AED0E04F900004F06004E4F080AA90006B
:1062100005E0D394007480948040037F00227F01C6
:1062200022C2AF7B017A0579D0C003C002C0017BD6
:10623000017A0979D1A801AC02AD03D001D002D016
:10624000037E007F031206817B017A0579D3C003A8
:10625000C002C0017B017A0979D4A801AC02AD0368
:10626000D001D002D0037E007F03120681D2AF7B23
:10627000017A0979D1C003C002C0017B017A097992
:10628000D49009BC120C49D001D002D003123A1D9F
:10629000221271F1900002120BA2900549120B61BB
:1062A000900002120B45120948900006120BA2E45E
:1062B0007F64FEFDFC900006120B61C3120AA4402D
:1062C0003E7B017A0579D0125A367B017A0579D363
:1062D000125AD3900002120B45900549120BA2905E
:1062E000053C7401F090053EE070047F0180027F60
:1062F0000090053EEFF0124A0B1201991201802224
:10630000900003120BA2900007E584F0E4F584C22C
:106310008E4398507F807E01FDFC900003120B613C
:10632000120956A804A905AA06AB077F007E807D46
:10633000517C011209E1EFF404FFF58D438920D26D
:106340008EC298C299E4F591D29CD2AC75840FC2EA
:1063500087900007E0F584E490026CF0900269F009
:10636000900148F090026DF090026AF0A3F0229044
:106370000999EEF0A3EFF090099BEDF07BFF7A7D99
:1063800079EEC003C002C0017B017A09799CA801A3
:10639000AC02AD03D001D002D0037E007F0D120607
:1063A0008190099BE0FF7E00EF64024E701290091D
:1063B00099E0FEA3E0FF126D53EF60047F1D801192
:1063C00090099BE0FF749C2FF582E43409F583E08B
:1063D000FF22900A79120C49E4900A7CF0E94A7095
:1063E000037F0122900A79120C297F13125799908A
:1063F0000A7CEFF0E0FEC006900A79120C29E9242D
:1064000001F9E43AFA7F14125799D0E04F900A7CD0
:10641000F0E0FEC006900A79120C29E92402F9E4A2
:106420003AFA7F15125799D0E04FFF900A7CF0227C
:10643000AE07E4900A8DF0E94A6017EEFD7C00C3D8
:10644000940174809480400AD3ED94047480948005
:1064500040037F0222120BDF00000000EEC3940312
:10646000748094805008900A8E742DF08006900AF3
:106470008E7416F0AF06900A8EE0FD124212900A5A
:106480008DEFF060037F01227F0022125B70AD0769
:10649000AC06200010E490090AF074FF900908F09F
:1064A000A3F0FEFF22900908E0B50420A3E0B505A3
:1064B0001BEDF47002ECF46013A3E004F0E0C3946D
:1064C00003748094804014AF05AE0422E490090A5E
:1064D000F0AF05900908ECF0A3EFF07EFF7FFF22FC
:1064E00012737850037F0422D204E4900A92F0D20F
:1064F000C5C2C37F107E27FDFC1270A0EF600A901A
:106500000A927402F0C204FF22AFC1EF6408601F58
:10651000AFC1EF643870047F0380027F01900A925C
:10652000EFF0C2C51270C5C204900A92E0FF22C209
:10653000C57F00222004037F0422D2C5C2C37F107E
:106540007E277D007C001270A0EF6011900A92748B
:1065500002F0C2041270C5900A92E0FF22AFC1EFB0
:106560006410601DAFC1EF643870047F0380027F48
:1065700004900A92EFF01270C5C204900A92E0FFF4
:1065800022C2C57F0022900A11120C49900A1112F2
:106590000C29AE02AF01EF4E603990098E7421F0E4
:1065A000A37408F0900A11120C29900990120C495A
:1065B000900993E4F0A37404F07B047A217D087CB5
:1065C000207F047E201231EA900A14EFF0900A1422
:1065D000E0FF227F0222900A15120C49900A151240
:1065E0000C29AE02AF01EF4E60399002747421F0B5
:1065F000A37408F0900A15120C29900276120C4927
:10660000900279E4F0A37404F07B047A217D087C85
:10661000207F047E2012340F900A18EFF0900A18A1
:10662000E0FF227F0222900A19120C49900A1912E7
:106630000C29AE02AF01EF4E603990098E7421F043
:10664000A3740EF0900A19120C29900990120C49AB
:10665000900993E4F0A37405F07B097A217D0E7C08
:10666000207F097E201231EA900A1CEFF0900A1C6C
:10667000E0FF227F0222900A1D120C49900A1D128F
:106680000C29AE02AF01EF4E60399002747421F014
:10669000A3740EF0900A1D120C29900276120C4978
:1066A000900279E4F0A37405F07B097A217D0E7CD9
:1066B000207F097E2012340F900A20EFF0900A20EC
:1066C000E0FF227F0222900A21120C49900A211237
:1066D0000C29AE02AF01EF4E603990098E7421F0A3
:1066E000A37414F0900A21120C29900990120C49FD
:1066F000900993E4F0A37405F07B0F7A217D147C5C
:10670000207F0F7E201231EA900A24EFF0900A24B5
:10671000E0FF227F0222900A25120C49900A2512DE
:106720000C29AE02AF01EF4E60399002747421F073
:10673000A37414F0900A25120C29900276120C49C9
:10674000900279E4F0A37405F07B0F7A217D147C2C
:10675000207F0F7E2012340F900A28EFF0900A2835
:10676000E0FF227F0222900A29120C49900A291286
:106770000C29AE02AF01EF4E603990098E7421F002
:10678000A37425F0900A29120C29900990120C4943
:10679000900993E4F0A37410F07B157A217D257C99
:1067A000207F157E201231EA900A2CEFF0900A2CFF
:1067B000E0FF227F0222900A2D120C49900A2D122E
:1067C0000C29AE02AF01EF4E60399002747421F0D3
:1067D000A37425F0900A2D120C29900276120C4910
:1067E000900279E4F0A37410F07B157A217D257C6A
:1067F000207F157E2012340F900A30EFF0900A307F
:10680000E0FF227F0222900A31120C49900A3112D5
:106810000C29AE02AF01EF4E603990098E7421F061
:10682000A3744BF0900A31120C29900990120C4974
:10683000900993E4F0A37405F07B467A217D4B7CAC
:10684000207F467E201231EA900A34EFF0900A341D
:10685000E0FF227F0222900A35120C49900A35127D
:106860000C29AE02AF01EF4E60399002747421F032
:10687000A3744BF0900A35120C29900276120C4941
:10688000900279E4F0A37405F07B467A217D4B7C7D
:10689000207F467E2012340F900A38EFF0900A389D
:1068A000E0FF227F0222900A39120C49900A391225
:1068B0000C29AE02AF01EF4E603990098E7421F0C1
:1068C000A3745CF0900A39120C29900990120C49BB
:1068D000900993E4F0A37410F07B4C7A217D5C7CEA
:1068E000207F4C7E201231EA900A3CEFF0900A3C67
:1068F000E0FF227F0222900A3D120C49900A3D12CD
:106900000C29AE02AF01EF4E60399002747421F091
:10691000A3745CF0900A3D120C29900276120C4987
:10692000900279E4F0A37410F07B4C7A217D5C7CBA
:10693000207F4C7E2012340F900A40EFF0900A40E6
:10694000E0FF227F0222900A41120C49900A411274
:106950000C29AE02AF01EF4E603990098E7421F020
:10696000A37463F0900A41120C29900990120C490B
:10697000900993E4F0A37406F07B5D7A217D637C3B
:10698000207F5D7E201231EA900A44EFF0900A44A5
:10699000E0FF227F0222900A45120C49900A45121C
:1069A0000C29AE02AF01EF4E60399002747421F0F1
:1069B000A37463F0900A45120C29900276120C49D8
:1069C000900279E4F0A37406F07B5D7A217D637C0C
:1069D000207F5D7E2012340F900A48EFF0900A4825
:1069E000E0FF227F0222900A49120C49900A4912C4
:1069F0000C29AE02AF01EF4E603990098E7421F080
:106A0000A37465F0900A49120C29900990120C4960
:106A1000900993E4F0A37401F07B647A217D657C96
:106A2000207F647E201231EA900A4CEFF0900A4CED
:106A3000E0FF227F0222900A4D120C49900A4D126B
:106A40000C29AE02AF01EF4E60399002747421F050
:106A5000A37465F0900A4D120C29900276120C492D
:106A6000900279E4F0A37401F07B647A217D657C67
:106A7000207F647E2012340F900A50EFF0900A506D
:106A8000E0FF227F0222900A51120C49900A511213
:106A90000C29AE02AF01EF4E603990098E7421F0DF
:106AA000A37467F0900A51120C29900990120C49B6
:106AB000900993E4F0A37401F07B667A217D677CF2
:106AC000207F667E201231EA900A54EFF0900A543B
:106AD000E0FF227F0222900A55120C49900A5512BB
:106AE0000C29AE02AF01EF4E60399002747421F0B0
:106AF000A37467F0900A55120C29900276120C4983
:106B0000900279E4F0A37401F07B667A217D677CC2
:106B1000207F667E2012340F900A58EFF0900A58BA
:106B2000E0FF227F0222900A59120C49900A591262
:106B30000C29AE02AF01EF4E603990098E7421F03E
:106B4000A37469F0900A59120C29900990120C490B
:106B5000900993E4F0A37401F07B687A217D697C4D
:106B6000207F687E201231EA900A5CEFF0900A5C88
:106B7000E0FF227F0222900A5D120C49900A5D120A
:106B80000C29AE02AF01EF4E60399002747421F00F
:106B9000A37469F0900A5D120C29900276120C49D8
:106BA000900279E4F0A37401F07B687A217D697C1E
:106BB000207F687E2012340F900A60EFF0900A6008
:106BC000E0FF227F0222900A61120C49900A6112B2
:106BD0000C29AE02AF01EF4E603990098E7421F09E
:106BE000A374BCF0900A61120C29900990120C4910
:106BF000900993E4F0A37402F07BBA7A217DBC7C07
:106C0000207FBA7E201231EA900A64EFF0900A6485
:106C1000E0FF227F0222900A65120C49900A651259
:106C20000C29AE02AF01EF4E60399002747421F06E
:106C3000A374BCF0900A65120C29900276120C49DC
:106C4000900279E4F0A37402F07BBA7A217DBC7CD7
:106C5000207FBA7E2012340F900A68EFF0900A6805
:106C6000E0FF227F0222900A69120C49900A691201
:106C70000C29AE02AF01EF4E603990098E7421F0FD
:106C8000A374C3F0900A69120C29900990120C4960
:106C9000900993E4F0A37406F07BBD7A217DC37C58
:106CA000207FBD7E201231EA900A6CEFF0900A6CD2
:106CB000E0FF227F0222900A6D120C49900A6D12A9
:106CC0000C29AE02AF01EF4E60399002747421F0CE
:106CD000A374C3F0900A6D120C29900276120C492D
:106CE000900279E4F0A37406F07BBD7A217DC37C29
:106CF000207FBD7E2012340F900A70EFF0900A7052
:106D0000E0FF227F0222AE07AD8490026DE06401B5
:106D1000600BEE6008D39400E4940140037F0122ED
:106D2000E4F584C2AF90026AEEF0E4A3F090026D45
:106D300004F0C203D2AFD2870000000090026BE0E3
:106D40002469F582E43401F583E0F599AF058F8479
:106D50007F0022900A89EEF0A3EFF0900A89E0FE0E
:106D6000A3E0FF7E00EF5403FFEF4E7013900A89FB
:106D7000E0FEA3E0FF7C007D64120788ED4C7013F9
:106D8000900A89E0FEA3E0FF7C017D90120788ED68
:106D90004C70047F0180027F0022900A86120C4909
:106DA000AF84ED6039900A86120C29E94A602FE41D
:106DB000F584D28700000000FEEEC39D5018900AB3
:106DC00086120C298E827583001206E2F59930999D
:106DD000FDC2990E80E300000000C2878F8422C2AA
:106DE000D5E830E70FB2D5E4C39BFBE49AFAE49907
:106DF000F9E498F8EC30E717B2D5126E151209E1F4
:106E0000E4C39BFBE49AFAE499F9E498F88003124E
:106E100009E130D50DE4C39FFFE49EFEE49DFDE44F
:106E20009CFC22AA07C3EF9406748094805035AF6F
:106E300005EA75F00BA42411F582E43409F583EC1E
:106E4000F0A3EFF0EA75F00BA42414F582E4340902
:106E5000F583EBF0EA75F00BA42415F582E4340910
:106E6000F583E4F022AF8475840F43A49575A5F7EC
:106E700075A6FF75A7FF759CC0759DFF759EFF7574
:106E80009FFF75E107E4F5E275E3404380087590E4
:106E900008F5A075B0FF75C83FF5D8F5E8F5F8C25C
:106EA000B58F8422E4900A93F0E94A70037F0122AF
:106EB0007D017F1312603F900A93EFF0E0FEC00661
:106EC0007D177F1412603FD0E04F900A93F0E0FEF0
:106ED000C0067D017F1512603FD0E04FFF900A93FE
:106EE000F022C0E0C0F0C083C082C0D075D000C026
:106EF00000C001C002C003C004C005C006C007C274
:106F0000CF127196D007D006D005D004D003D0029E
:106F1000D001D000D0D0D082D083D0F0D0E0329059
:106F20000A7D120C49900A7D120C291206C9FFEF46
:106F300004FFEF75F06484AFF0900A7D120C29EF26
:106F4000120742900A7D120C29900064E4F0A374A9
:106F500001F07F037E20124D3F22900A8FE4F07BE8
:106F6000017A0A798F90012DE4F0A37401F07F0378
:106F70007E201247A0900A8FE0FF7E00C3EF94644A
:106F8000EE6480948040047F008005900A8FE0FFCB
:106F900022900A90E4F07B017A0A799090012DE426
:106FA000F0A37401F07F027E201247A0900A90E0C7
:106FB000FF7E00C3EF9464EE6480948040047F0001
:106FC0008005900A90E0FF221206C9D394177480BE
:106FD000948040037F01229000011206E2D3943B8B
:106FE0007480948040037F01229000021206E2D355
:106FF000943B7480948040037F01227F002290099B
:1070000058E0FF900957E0FEB507037F0022744D5A
:107010002EF582E43409F583E0FF900957E004F08F
:10702000C3940A748094804002E4F022E4FDFCC31F
:10703000ED9FEC9E501D00000000000000000000CD
:107040000000000000000000000000000DED7001D5
:107050000C80DC22900006EEF0A3EFF0E4FBFAD304
:10706000900007E09B900006E09A400E7FE87E03C8
:1070700012702C0BEB70010A80E522900A80120C32
:1070800049900A80120C291206C96013900A80E404
:1070900075F001120C321206C9FF1272F280E22260
:1070A000900137120BA220C31390013774FF120B0B
:1070B0006FE4FBFAF9F8C3120AA440EA20C3037F85
:1070C00002227F0022300421D2C4C2C390013712B1
:1070D0000BAE0000271030C40E90013774FF120B66
:1070E0006FEC4D4E4F70EFC20422900A83120C4990
:1070F000E4FCECC39D5015900A83120C298C827518
:1071000083001206E2FF1272F20C80E622AF84E4E2
:10711000F584759A60F5F87E36EED394FF7480940A
:107120008040027EFF8E9DC2FBC2FAD2F88F84227D
:10713000EF600E7D087F0B12603F900038EFF0800B
:107140000CE4FD7F0B12603F900038EFF0900038A8
:10715000E0FF221246521262917F0112720E123823
:1071600026E4FF12720E12018F1201491201D5128C
:10717000739580E222900958E0244DF582E43409A9
:10718000F583EFF0900958E004F0C3940A748094FA
:10719000804002E4F022E4900143F0900143E0FFDC
:1071A000C3940674809480500B124383900143E093
:1071B00004F080E722AF84758401E4F5C8F5C97551
:1071C000CBB8F5CA75CDB8F5CCC2CF43E701D2CA6A
:1071D0008F8422EFC39406748094805011EF75F071
:1071E0000BA42413F582E43409F583E0FF227F0029
:1071F00022AB84C2AF900A75120B4590005F120B50
:10720000A2D2AFAF038F8490005F120B4522AE84F1
:1072100075840FEF600AD297E4F5A675A0FF80058C
:10722000C29775A6FFAF068F842212000E12736DEF
:10723000126E6512710D12726212727D1272C91293
:10724000724612738322AF84E4F584F5C8F5C9F55C
:10725000CA75CBB8F5CC75CDB8C2CFD2ADD2CA8F76
:107260008422AF84E4F584F5BAF5BB75D10375BC0F
:107270002875E88C43E70243F7028F8422AF84E449
:10728000F58475CFE4F5C0D2C1C2C0D2C2D2C6C2A5
:1072900004900A92F08F8422AE07EED3941E74807D
:1072A000948040037F0222EE4480FFFD7F0A12603B
:1072B0003F22AF84E4F584C2C6D2C6C2C7C2C5C2EB
:1072C000C4D2C2C2048F84FF22AF84E4F584438910
:1072D00001F58E758CB8F58AD2A9D28C8F8422C222
:1072E000B07F027E00127054D2B07F057E00127013
:1072F0005422AE84E4F5848F993099FDC299AF068B
:107300008F842212648BEF64014E70047F0180022F
:107310007F002212648BEF64024E70047F018002B2
:107320007F002212648BEF64034E70047F018002A1
:107330007F002212648BEF64044E70047F01800290
:107340007F002212648BEF64054E70047F0180027F
:107350007F002212648BEF4E70047F0180027F0059
:1073600022EF240A83900100730A1B2C3DAF84E4B2
:10737000F58475EF028F842220C703300403D38085
:1073800001C322C2AF75FFDE75FFAD22900958E040
:10739000900957F0227D0A7F0912603F22EC30E706
:1073A00003120A802275FFFF2275FFA5221256E6FE
:1073B00022C2CF3243310043320043330043340012
:1073C000780020002F003A00CDB600C7D000202062
:1073D0002000202000CAB1BCE400CAD6B6AF00B578
:1073E000F7CAD400D7D4B6AF00D6F7B2CBB5A50054
:1073F000CFB5CDB3C9E8D6C300B2CECAFDC9E8D671
:10740000C300B5F7CAD4CDB6C7D000B2C9D1F9D040
:10741000A3D7BC00CAC2BCFEBCC7C2BC00CAFDBE6A
:10742000DDCDB3BCC600CFB5CDB3B2CECAFD00B57D
:10743000E7C8DDB2CECAFD00BFD8D6C6B2CECAFDFF
:1074400000B1A3BBA4B2CECAFD00CDA8D1B6B2CEC6
:10745000CAFD00CDB3BCC6B2CECAFD00B1A3BBA469
:10746000BFDAC1EE00C8D5C6DAC9E8D6C300CAB1D2
:10747000BCE4C9E8D6C300B1A8BEAFC9E8D6C30012
:10748000B6D4B1C8B6C8C9E8D6C3002D006D696EC0
:1074900000B9D8B1D500B3A3BFAA00B5F7CAD4CDFF
:1074A000B6B5E7C8DD00B4F2BFAA00BCFD00C8D580
:1074B000CDB6B4CECAFD3A00D4C2CDB6B4CECAFD64
:1074C0003A00C8D5C7D0B4CECAFD3A00D4C2C7D09E
:1074D000B4CECAFD3A00B4CE00CFB5CDB3505400FF
:1074E000CFB5CDB3435400D2BBC2B7435400B6FEB0
:1074F000C2B7435400C8FDC2B7435400CBC4C2B79F
:10750000435400B1A3B4E600CDCBB3F60023004151
:1075100000CDB6C8EB004B56617200B5E7D1B9C9D2
:10752000CFCFDE00CDB6C7D0B7BDB0B800B5E7D17C
:10753000B9CFC2CFDE00CDB6C7D0CFB5CAFD0043AC
:107540004F537DC9CFCFDE00CDB6C8EBD1D3CAB182
:1075500000434F537DCFC2CFDE00C7D0B3FDD1D3A0
:10756000CAB100CFDECDB6B4CECAFD00C1ACB6AF55
:10757000BCE4B8F400B2EEC8DD00D7E9BACF00C26F
:10758000CBB2A800B5C8C8DD004B56002B00730075
:10759000302E002FC8D500CFB5CDB3C7B7D1B9B104
:1075A000A3BBA400C7B7D1B9CDB6CDCB00C7B7D167
:1075B000B9B5E7D1B900C7B7D1B9CAB1BCE400CFFA
:1075C000B5CDB3B9FDD1B9B1A3BBA42000B9FDD1EC
:1075D000B9CDB6CDCB00B9FDD1B9B5E7D1B900B9B8
:1075E000FDD1B9CAB1BCE42000D2BBC2B7B5E7C86F
:1075F000DDB1A3BBA400B6FEC2B7B5E7C8DDB1A339
:10760000BBA400C8FDC2B7B5E7C8DDB1A3BBA400E9
:10761000CBC4C2B7B5E7C8DDB1A3BBA400B9FDC1F7
:10762000F7CDB6CDCB00B9FDC1F7B5E7C1F700B9CD
:10763000FDC1F7CAB1BCE400CBD9B6CFCDB6CDCB36
:1076400000CBD9B6CFB5E7C1F700CBD9B6CFCAB119
:10765000BCE400C1E3D0F2CDB6CDCB00C1E3D0F2A3
:10766000B5E7D1B900C1E3D0F2CAB1BCE40056001D
:10767000CDA8D1B6B5D8D6B700B2A8CCD8C2CAD694
:10768000B500CDA8D1B6B9E6D4BC0048004D6F64B2
:107690006275730000000000FF73E9FF73F0FF7371
:1076A000F9FF7402FF740BFF7414FF741DFF73F96C
:1076B000FF7426FF742FFF7438FF7441FF744AFF74
:1076C0007453FF73F0FF745CFF7465FF746EFF7496
:1076D00077FF7480FF749BFF7402FF7491FF74A6A0
:1076E000FF741DFF74AEFF74B8FF74C2FF74CCFF4B
:1076F00074D6FF7426FF74D9FF74E0FF74E7FF743B
:10770000EEFF74F5FF74FCFF7503FF7508FF742F1F
:10771000FF73B4FF73B7FF73BAFF73BDFF7503FF49
:107720007508FF7511FF7508FF7438FF751BFF752D
:1077300024FF752DFF7536FF753FFF7548FF7551A6
:10774000FF755AFF7563FF756CFF7575FF757AFFDE
:10775000757FFF7584FF7503FF7508FF7597FF75CB
:10776000A4FF75ADFF75B6FF7503FF7508FF7511B2
:10777000FF75BFFF75CDFF75D6FF75DFFF75E9FF9C
:1077800075F6FF7603FF7610FF7511FF7508FF751C
:1077900003FF761DFF7626FF762FFF7638FF7641B2
:1077A000FF764AFF7653FF765CFF7665FF744AFFEB
:1077B0007670FF7679FF7682FF7503FF7508B1A3B7
:1077C000BBA4BFDAC1EE3A00B2FAC6B7D0CDBAC593
:1077D0000043312000433220004333200043342053
:1077E0000043503100435032004350330043503483
:1077F000003A00B2C9D1F9D0A3D7BC00C1E3C6AFEB
:10780000D0A3D7BC3A00D4F6D2E6D0A3D7BC3A0076
:10781000CDA3D6B920202000C6F4B6AF202020008A
:10782000B3C9B9A620202000B9CAD5CF003149611B
:10783000003149630031556F0032496100324963BC
:107840000032556F00334961003349630033556F8F
:1078500000344961003449630034556F00552000FD
:10786000492000B1A3B4E620202000B1A3BBA4B2FC
:10787000CECAFD00CFB5CDB3B9FDD1B9B1A3BBA47C
:1078800000CFB5CDB3C7B7D1B9B1A3BBA400D2BBAC
:10789000C2B7B5E7C8DDB1A3BBA400B6FEC2B7B599
:1078A000E7C8DDB1A3BBA400C8FDC2B7B5E7C8DD1A
:1078B000B1A3BBA400CBC4C2B7B5E7C8DDB1A3BBBD
:1078C000A400C8B7B6A8BDE2B3FDCBF9D3D0B9CAFE
:1078D000D5CF3A00CAC700B7F100B0E6B1BE3A0052
:1078E0002D00C4ACC8CF0020202020202020202044
:1078F00020202000D2BBC2B7B9FDC1F7B1A3BBA401
:1079000000B6FEC2B7B9FDC1F7B1A3BBA400C8FD64
:10791000C2B7B9FDC1F7B1A3BBA400CBC4C2B7B90C
:10792000FDC1F7B1A3BBA400D2BBC2B7CBD9B6CFC0
:10793000B1A3BBA400B6FEC2B7CBD9B6CFB1A3BB2F
:10794000A400C8FDC2B7CBD9B6CFB1A3BBA400CBAE
:10795000C4C2B7CBD9B6CFB1A3BBA400D2BBC2B708
:10796000C1E3D0F2B1A3BBA400B6FEC2B7C1E3D05D
:10797000F2B1A3BBA400C8FDC2B7C1E3D0F2B1A36A
:10798000BBA400CBC4C2B7C1E3D0F2B1A3BBA40077
:10799000D2BBC2B7BEDCCDB62020202000B6FEC2CE
:1079A000B7BEDCCDB62020202000C8FDC2B7BEDCAB
:1079B000CDB62020202000CBC4C2B7BEDCCDB6207F
:1079C00020202000D2BBC2B7BEDCC7D020202020A0
:1079D00000B6FEC2B7BEDCC7D02020202000C8FD04
:1079E000C2B7BEDCC7D02020202000CBC4C2B7BEA7
:1079F000DCC7D02020202000D2BBC2B7CDE2B2BF6E
:107A0000B9CAD5CF00B6FEC2B7CDE2B2BFB9CAD5AA
:107A1000CF00C8FDC2B7CDE2B2BFB9CAD5CF00CB47
:107A2000C4C2B7CDE2B2BFB9CAD5CF00C7B0B6CED7
:107A3000D7DCD5A2B6CFB5E700D2BBC2B7CDB6C8AA
:107A4000EB2020202000B6FEC2B7CDB6C8EB202028
:107A5000202000C8FDC2B7CDB6C8EB2020202000F2
:107A6000CBC4C2B7CDB6C8EB2020202000D2BBC209
:107A7000B7C7D0B3FD2020202000B6FEC2B7C7D0C4
:107A8000B3FD2020202000C8FDC2B7C7D0B3FD2021
:107A900020202000CBC4C2B7C7D0B3FD20202020B7
:107AA000002F00202020202020202000CAC2BCFE61
:107AB000BCC7C2BC00BCC7C2BCD0F2BAC53A00CA7F
:107AC000C2BCFEC4DAC8DD3A00B9CAD5CFB5E7C139
:107AD000F73A00B9CAD5CFB5E7D1B93A0049612024
:107AE0000049632000410056004B5600FF77C8FF55
:107AF00077D1FF77D5FF77D9FF77DDFF77E1FF7784
:107B0000E5FF77E9FF77ED000000FF786BFF787401
:107B1000FF7881FF788EFF789BFF78A8FF78B5000B
:107B2000000000C1814001C0804101C0804100C10E
:107B3000814001C0804100C1814000C1814001C03D
:107B4000804101C0804100C1814000C1814001C02D
:107B5000804100C1814001C0804101C0804100C11D
:107B6000814001C0804100C1814000C1814001C00D
:107B7000804100C1814001C0804101C0804100C1FD
:107B8000814000C1814001C0804101C0804100C1ED
:107B9000814001C0804100C1814000C1814001C0DD
:107BA000804101C0804100C1814000C1814001C0CD
:107BB000804100C1814001C0804101C0804100C1BD
:107BC000814000C1814001C0804101C0804100C1AD
:107BD000814001C0804100C1814000C1814001C09D
:107BE000804100C1814001C0804101C0804100C18D
:107BF000814001C0804100C1814000C1814001C07D
:107C0000804101C0804100C1814000C1814001C06C
:107C1000804100C1814001C0804101C0804100C15C
:107C2000814000C0C101C30302C2C60607C705C523
:107C3000C404CC0C0DCD0FCFCE0E0ACACB0BC90994
:107C400008C8D81819D91BDBDA1A1EDEDF1FDD1DA4
:107C50001CDC14D4D515D71716D6D21213D311D1D4
:107C6000D010F03031F133F3F23236F6F737F53524
:107C700034F43CFCFD3DFF3F3EFEFA3A3BFB39F954
:107C8000F83828E8E929EB2B2AEAEE2E2FEF2DED24
:107C9000EC2CE42425E527E7E62622E2E323E12194
:107CA00020E0A06061A163A3A26266A6A767A565A4
:107CB00064A46CACAD6DAF6F6EAEAA6A6BAB69A914
:107CC000A86878B8B979BB7B7ABABE7E7FBF7DBD24
:107CD000BC7CB47475B577B7B67672B2B373B17154
:107CE00070B0509091519353529296565797559524
:107CF00094549C5C5D9D5F9F9E5E5A9A9B5B9959D4
:107D00005898884849894B8B8A4A4E8E8F4F8D4DA3
:107D10004C8C448485458747468682424383418113
:107D20008040000000000000000000000000000093
:107D30000000000000000000000000000000000043
:107D40000000000000000000000000000000000033
:107D50000000000000000000000000000000000023
:107D60000000000000000000000000000000000013
:107D70000000000000000000000000000000000003
:107D800000000000000000000000000000000000F3
:107D900000000000000000000000000000000000E3
:107DA00000000000000000000000000000000000D3
:107DB00000000000000000000000000000000000C3
:107DC00000000000000000000000000000000000B3
:107DD00000000000000000000000000000000000A3
:107DE0000000000000000000000000000000001F74
:107DF0001C1F1E1F1E1F1F1E1F1E1F000000000035
:0A7E00000000000000000000000078
:1080000020002E0020000000000000000000000002
:1080100000000000000000000000000000300FFF22
:1080200000F000F0F00FF0F0F0F0FF00F0F000F0E2
:108030000FFF0000000031000F0000FF00000F00E4
:10804000000F00000F00000F0000FFF000000032E2
:108050000FFF00F000F00000F000FF000F0000F044
:108060000000FFFFF0000000330FFF00F000F00001
:1080700000F000FF000000F0F000F00FFF00000033
:108080000034000F0000FF000F0F00F00F00FFFF93
:10809000F0000F00000F0000000035FFFFF0F000BF
:1080A00000FFFF000000F00000F0F000F00FFF0004
:1080B000000000360FFF00F000F0F00000FFFF00AE
:1080C000F000F0F000F00FFF0000000037FFFFF0BD
:1080D0000000F0000F0000F0000F00000F00000F84
:1080E0000000000000380FFF00F000F0F000F00F7B
:1080F000FF00F000F0F000F00FFF00000000390F6B
:10810000FF00F000F0F000F00FFFF00000F0000FB3
:1081100000FFF0000000002E000000000000000042
:108120000000000000000000FF0000FF0000000051
:108130002D0000000000000000000FFFF000000014
:108140000000000000000000002F0000000000F010
:10815000000F0000F0000F0000F000000000000021
:1081600000003A0000000FF0000FF0000000000FC8
:10817000F0000FF000000000000000510FFF00F0C1
:1081800000F0F000F0F000F0F0F0F0F00F000FF071
:10819000F000000050FFFF00F000F0F000F0FFFFE3
:1081A00000F00000F00000F0000000000055F000BA
:1081B000F0F000F0F000F0F000F0F000F0F000F06F
:1081C0000FFF00000000490FFF0000F00000F0006A
:1081D00000F00000F00000F0000FFF00000000437E
:1081E0000FFF00F000F0F00000F00000F00000F0E1
:1081F00000F00FFF000000004F0FFF00F000F0F054
:1082000000F0F000F0F000F0F000F00FFF000000D0
:1082100000530FFF00F000F0F000000FFF0000001F
:10822000F0F000F00FFF000000002300000000F05D
:10823000000FFF00F0F0F0F0F0F00FFF0000F00092
:108240000000003D000000000000FFFFF000000003
:10825000000000FFFFF00000000000004BF000F005
:10826000F00F00F0F000FF0000F0F000F00F00F061
:1082700000F00000004DF000F0FF0FF0F0F0F0F023
:10828000F0F0F000F0F000F0F000F000000056F028
:1082900000F0F000F0F000F0F000F0F000F00F0F50
:1082A0000000F00000000057F000F0F000F0F000D7
:1082B000F0F0F0F0F0F0F0FF0FF0F000F000000050
:1082C0004100F0000F0F00F000F0F000F0FFFFF0B1
:1082D000F000F0F000F000000061000000FFF0008E
:1082E000000F000FFF00F00F00F00F000FF0F00084
:1082F0000000630000000000000FFF00F000F0F03D
:108300000000F000000FFF0000000072000000F00D
:10831000FF000F00F00F00000F00000F00000F0023
:10832000000000006F0000000000000FFF00F000E0
:10833000F0F000F0F000F00FFF0000000078000007
:10834000000000000F00F000FF0000FF000F00F031
:1083500000000000000030000000000000000000ED
:1083600000000000000FFFFF000FF000FF00FF0003
:108370000FF00FF00FFF00FF0F0FF00FF0F0FF00F6
:10838000FFF00FF00FF000FF00FF000FF000FFFF05
:10839000F0000000000000000000000000000031BC
:1083A0000000000000000000000000000000000FBE
:1083B000F000000FFF00000FFFF0000000FF0000C2
:1083C000000FF0000000FF0000000FF0000000FFB1
:1083D0000000000FF00000FFFFFF000000000000A1
:1083E000000000000000000032000000000000005B
:1083F000000000000000000FFFFF000FF000FF0072
:1084000000000FF000000FF000000FF000000FF070
:1084100000000FF000000FF0000000FF000FF00F51
:10842000FFFFFF000000000000000000000000004F
:108430000033000000000000000000000000000009
:108440000FFFFF000FF000FF0000000FF000000022
:10845000FF0000FFFF00000000FF0000000FF00021
:108460000000FF00FF000FF000FFFFF00000000021
:1084700000000000000000000000340000000000C8
:108480000000000000000000000000FF000000FFEE
:10849000F00000FFFF0000FF0FF000FF00FF000FE3
:1084A000FFFFFF000000FF0000000FF0000000FFD2
:1084B000000000FFFF0000000000000000000000BE
:1084C0000000003500000000000000000000000077
:1084D0000000FFFFFFF00FF0000000FF0000000FA2
:1084E000F0000000FFFFFF0000000FFF0000000F82
:1084F000F0000000FF00FF000FF000FFFFF00000A1
:108500000000000000000000000000003600000035
:10851000000000000000000000000000FFF000006C
:10852000FF000000FF0000000FF0000000FFFFFF51
:10853000000FF000FF00FF000FF00FF000FF00FF42
:10854000000FF000FFFFF00000000000000000003E
:1085500000000000003700000000000000000000E4
:1085600000000000FFFFFFF00FF000FF0000000F11
:10857000F0000000FF000000FF000000FF0000000E
:10858000FF0000000FF0000000FF0000000FF000EF
:1085900000000000000000000000000000003800A3
:1085A000000000000000000000000000000FFFFFBE
:1085B000000FF000FF00FF000FF00FF000FF000FB2
:1085C000FFFF000FF000FF00FF000FF00FF000FFB3
:1085D00000FF000FF000FFFFF000000000000000AF
:1085E0000000000000000039000000000000000052
:1085F0000000000000000FFFF0000FF000FF00FF80
:10860000000FF00FF000FF000FFFFFF0000000FF71
:108610000000000FF0000000FF000000FF0000FF5E
:10862000FF0000000000000000000000000000004B
:108630002E0000000000000000000000000000000C
:10864000000000000000000000000000000000002A
:1086500000000000000000000000000000000FF01B
:10866000000000FF0000000000000000000000000B
:1086700000000000000000000041000000000000B9
:108680000000000000000000000F0000000FFF00CD
:10869000000FF0FF000FF000FF00FF000FF00FFFD2
:1086A000FFFF00FF000FF00FF000FF00FF000FF0D2
:1086B0000FF000FF000000000000000000000000BC
:1086C0000000420000000000000000000000000068
:1086D00000FFFFFF0000FF00FF000FF00FF000FFA2
:1086E00000FF000FFFFF0000FF00FF000FF00FF082
:1086F00000FF00FF000FF00FF00FFFFFF000000081
:108700000000000000000000000000430000000026
:108710000000000000000000000000FFFF0000FF5C
:1087200000FF00FF0000F00FF0000000FF0000005D
:108730000FF0000000FF0000000FF0000F000FF02E
:108740000FF0000FFFF0000000000000000000002C
:1087500000000000440000000000000000000000D5
:10876000000000FFFFF00000FF0FF0000FF00FF01F
:1087700000FF00FF000FF00FF000FF00FF000FF000
:108780000FF000FF00FF000FF0FF000FFFFF0000E1
:108790000000000000000000000000000045000094
:1087A000000000000000000000000000FFFFFFF0DC
:1087B00000FF00FF000FF000F000FF0F00000FFFB0
:1087C000F00000FF0F00000FF0000000FF000F009E
:1087D0000FF00FF00FFFFFFF00000000000000008F
:1087E0000000000000004600000000000000000043
:1087F0000000000000FFFFFFF000FF00FF000FF08F
:1088000000F000FF0F00000FFFF00000FF0F00005E
:108810000FF0000000FF0000000FF000000FFFF05D
:108820000000000000000000000000000000004800
:108830000000000000000000000000000000FF0039
:108840000FF00FF000FF00FF000FF00FF000FF002F
:10885000FFFFFFF00FF000FF00FF000FF00FF00030
:10886000FF00FF000FF00FF000FF0000000000000D
:1088700000000000000000004D00000000000000AB
:1088800000000000000000FF000FF00FFF0FFF00CE
:10889000FFFFFFF00FFFFFFF00FF0F0FF00FF000D3
:1088A000FF00FF000FF00FF000FF00FF000FF00FC0
:1088B000F000FF00000000000000000000000000C9
:1088C000004B00000000000000000000000000005D
:1088D000FFF00FF000FF00FF000FF0FF0000FF0FA0
:1088E000F0000FFFF00000FFFF00000FF0FF00009E
:1088F000FF00FF000FF00FF00FFF00FF000000006F
:10890000000000000000000000004F000000000018
:1089100000000000000000000000FFF00000FF0F5A
:10892000F000FF000FF00FF000FF00FF000FF00F4E
:10893000F000FF00FF000FF00FF000FF000FF0FF4E
:1089400000000FFF00000000000000000000000019
:1089500000000050000000000000000000000000C7
:108960000000FFFFFF0000FF00FF000FF00FF0000E
:10897000FF00FF000FFFFF0000FF0000000FF000EE
:108980000000FF0000000FF000000FFFF0000000EB
:108990000000000000000000000000005300000084
:1089A00000000000000000000000000FFFFF000FAB
:1089B000F000FF00FF000FF000FF00000000FFF0DC
:1089C0000000000FF00000000FF00FF000FF00FFAC
:1089D000000FF000FFFF000000000000000000009A
:1089E0000000000000540000000000000000000033
:1089F000000000000FFFFFF000FFFFFF000F0FF06F
:108A0000F00000FF0000000FF0000000FF00000079
:108A10000FF0000000FF0000000FF000000FFFF05B
:108A200000000000000000000000000000005600F0
:108A300000000000000000000000000000FF000F28
:108A4000F00FF000FF00FF000FF00FF000FF00FF3D
:108A5000000FF00FF000FF00FF000FF000FF0FF01D
:108A60000000FFF0000000F0000000000000000027
:108A70000000000000000061000000000000000095
:108A800000000000000000000000000000000000E6
:108A900000000000FFFF00000000FF0000FFFFF0EB
:108AA00000FF00FF000FF00FF000FF00FF0000FFCD
:108AB000F0FF0000000000000000000000000000C7
:108AC000620000000000000000000000000000FF45
:108AD000F0000000FF0000000FF0000000FFFF00AA
:108AE000000FF0FF0000FF00FF000FF00FF000FF8D
:108AF00000FF000FF00FF00FF0FFF000000000008B
:108B00000000000000000000006400000000000001
:108B10000000000000000000000FFF0000000FF048
:108B2000000000FF00000FFFF0000FF0FF000FF04B
:108B30000FF000FF00FF000FF00FF000FF00FF003C
:108B400000FFF0FF00000000000000000000000037
:108B500000006D00000000000000000000000000A8
:108B600000000000000000000000000000000FFFF7
:108B70000FF000FFFFFFF00FF0F0FF00FF0F0FF00E
:108B80000FF0F0FF00FF0F0FF00FF0F0FF000000FC
:108B9000000000000000000000000069000000006C
:108BA0000000000000000000000000FF0000000FB7
:108BB000F000000000000000FFF0000000FF0000D7
:108BC000000FF0000000FF0000000FF0000000FFA9
:108BD000000000FFFF000000000000000000000097
:108BE000000000006E000000000000000000000017
:108BF0000000000000000000000000000000000075
:108C00000FF0FFF0000FF00FF000FF00FF000FF07B
:108C10000FF000FF00FF000FF00FF000FF00FF005B
:108C2000000000000000000000000000006F0000D5
:108C30000000000000000000000000000000000034
:108C400000000000000000000000FFFFF000FF0037
:108C50000FF00FF000FF00FF000FF00FF000FF001B
:108C6000FF000FF000FFFFF0000000000000000018
:108C70000000000000007200000000000000000082
:108C800000000000000000000000000000000000E4
:108C900000000FF0FFF0000FFF0FF000FF000F00CB
:108CA0000FF0000000FF0000000FF000000FFFF0C9
:108CB0000000000000000000000000000000007341
:108CC00000000000000000000000000000000000A4
:108CD000000000000000000000000000FFFFF000A6
:108CE000FF000FF000FF00000000FFF00000000F89
:108CF000F000FF000FF000FFFFF000000000000098
:108D000000000000000000007500000000000000EE
:108D10000000000000000000000000000000000053
:108D2000000000000FF00FF000FF00FF000FF00F39
:108D3000F000FF00FF000FF00FF000FF00FF000049
:108D4000FFF0FF0000000000000000000000000035
:108D5000007D000000000000000000000FFFF00098
:108D6000000FF0000000FF00000FFFFFF00F00FFFA
:108D700000F0F00FF00F0F00FF00F0F00FF00F0009
:108D8000FFFFFF00000FF0000000FF000000FFFFEA
:108D9000000000000000000000002B0000000000A8
:108DA00000000000000000000000000000000000C3
:108DB0000000000F00000000F00000000F00000F96
:108DC000FFFFFF00000F00000000F00000000F0098
:108DD0000000000000000000000000000000000093
:108DE0000000002D00000000000000000000000056
:108DF0000000000000000000000000000000000073
:108E000000000000000000000FFFFFFF0000000056
:108E10000000000000000000000000000000000052
:108E20000000000000000000000000002F00000013
:108E30000000000000000000000000000000000032
:108E400000000F0000000FF000000FF000000FF016
:108E500000000FF000000FF000000FF0000000F025
:108E60000000000000000000000000000000000002
:108E700000000000003A00000000000000000000B8
:108E800000000000000000000000000000000000E2
:108E900000000FF0000000FF0000000000000000D4
:108EA000000000000FF0000000FF000000000000C4
:108EB0000000000000000000000000000000200092
:108EC00000000000000000000000000000000000A2
:108ED0000000000000000000000000000000000092
:108EE0000000000000000000000000000000000082
:108EF0000000000000000000000000000000000072
:108F0000000000000000002300000000000000003E
:108F1000000000000000000000000000000000FF52
:108F20000000000FF0000000000000000000000042
:108F300000000000000FF0000000FF000000000033
:108F40000000000000000000000000000000000021
:108F50004900000000000000000000000000000FB9
:108F6000FFF000000FF0000000FF0000000FF00015
:108F70000000FF0000000FF0000000FF0000000FE5
:108F8000F0000000FF000000FFFF000000000000F4
:108F9000000000000000000000630000000000006E
:108FA00000000000000000000000000000000000C1
:108FB0000000000000000FFF00000FF00F0000FF96
:108FC0000000000FF0000000FF0000000FF00F0095
:108FD000000FFF0000000000000000000000000083
:108FE000000055000000000000000000000000002C
:108FF0000000000000FFFF0FFFF0FF000FF00FF078
:1090000000FF00FF000FF00FF000FF00FF000FF067
:109010000FF000FF00FF000FF00FF000FF000FFF48
:10902000FF00000000000000000000D7D400000096
:10903000000000000000000000F000000000000040
:10904000000F00000000000000FFFFFFFFFFF00026
:109050000000F000000000F0000000F00000000040
:10906000F0000000FFFFFFFFFFF0000000F0000035
:109070000000F0000000F000000000F0000000F030
:1090800000000000F0000000FFFFFFFFFFF0000005
:1090900000F000000000F0000000F000000000F010
:1090A000000000FFFFFFFFFFF0000000F0000000E5
:1090B00000F00000000000000000000000CAD60020
:1090C0000000000000000000000000000FFFF000A2
:1090D0000000FFFFFFF0000000000000000F000094
:1090E0000000000000000F000000000000FFFFFF74
:1090F000FFFFF000000000000F0000000000000073
:10910000000F00000000000000000F000000000041
:109110000FFFFFFFFFFFFF00000000000F00000037
:1091200000000000000F00000000000000000F0021
:10913000000000000000000F000000000000000F11
:10914000FF0000000000000000000000000000B66A
:10915000AF000000000000000000000000000F0051
:1091600000000000FFFF000F0000000000000000F2
:109170000F000000000000000FFFFFFF00000000D4
:1091800000000F000F00000FFFFFF00F000F0000A6
:10919000000F00000F000F0000000F00000F000F75
:1091A000000000F00F000F000F000000F000F00FB3
:1091B000000F00000FFFFFF0F0000F000000F000B4
:1091C00000F0000F00000000000F00000F00000082
:1091D0000000F0000FF000000000000000000000A0
:1091E00000CAB10000000000000000000000000004
:1091F000000F00000000000000000F0000000FFF43
:10920000F000000F0000000F00F0FFFFFFFFF00074
:109210000F00F000000F0000000F00F000000F0032
:1092200000000FFFF00F000F0000000F00F000F033
:109230000F0000000F00F000F00F0000000F00F022
:1092400000000F0000000FFFF000000F0000000FF3
:1092500000F000000F0000000F0000000F0F0000E2
:10926000000000000000FF000000000000000000FF
:10927000000000BCE4000000000000000000000F3F
:10928000000000000F00000000F0FFFFFFFFF000F3
:109290000000F00000000F000000F0000000000FD0
:1092A000000000F00FFFFFF00F000000F00F0000C3
:1092B000F00F000000F00F0000F00F000000F00FB2
:1092C000FFFFF00F000000F00F0000F00F000000A3
:1092D000F00F0000F00F000000F00FFFFFF00F0094
:1092E0000000F0000000000F000000F00000000F80
:1092F0000F000000F000000000F00000000000007F
:109300000000000000D6F7000000F00000000000A0
:109310000000000FF00000000000000000F000F06E
:109320000000000FFFFFFFFFFF000000000000F043
:109330000000000000000000F0000000000000003D
:1093400000F00000000000000000F000000000003D
:1093500000FFFFFFFFF0000000000000F000000031
:109360000000000000F00000000000000000F0001D
:1093700000000000000000F00000000000000000FD
:10938000F0000F000000FFFFFFFFFFFFF0000000F4
:1093900000000000000000B2CB0000000000000050
:1093A00000000000F00000F00000000FFFFFFFFFD2
:1093B000FFFF00000000F00000F0000000000000CF
:1093C000000FFFF0000000FFFFFFF00F00000000A3
:1093D0000F00F0000F0000000000F00F00F0000090
:1093E000000000000F00000000000FFFFFFFFFFF64
:1093F000FF0000000000FFF00000000000000F0F61
:109400000F00000000000FF00F00FF0000000FF041
:10941000000F0000FF00000000000F00000000002F
:10942000000000000000000000B5A50000000000E2
:10943000000000000000F00000F000000000000F3D
:10944000000F00000000000FFFFFFFFF0000000002
:109450000F000F000F000000000F000F000F0000B2
:1094600000000FFFFFFFFF000000000F000F000FC4
:10947000000000000F000F000F000000000FFFFFB2
:10948000FFFF0000000000000F00000000000000CF
:10949000000F00000000000FFFFFFFFFFFFF0000B4
:1094A0000000000F00000000000000000F0000009E
:1094B0000000000000000000000000CFB500000028
:1094C00000000000000000000000FFFF000000009E
:1094D000FFFFFF0000000000000000F0000000009F
:1094E0000000000F0000F00000000000F0000F007E
:1094F000000000000FFFFFF000000000000000F07F
:1095000000F00000000000FF00000F00000000FF5E
:10951000FFFFFFFFF000000000000F0000F0000060
:109520000000F00F00F0000000000F000F000F001F
:10953000000000F0000F0000F0000000000FFF002E
:1095400000000000000000000000000000CDB3009B
:109550000000000000000000000F0000F00000000C
:1095600000000F00000F0000000000F000000000ED
:109570000000000F00F0FFFFFFFF00000FFFF000F2
:10958000F000000000000F0000F00F00000000F0ED
:10959000000F0000F000000F0000FFFFFFF00000D0
:1095A0000FFFF000F0F0F0000000000000F0F0000D
:1095B00000000000000F00F0000000000FF00F009E
:1095C000F00F00000FF000F000F00F000000000F9F
:1095D00000000FFF0000000000000000000000C9B4
:1095E000E800000000000000000000F000000000A3
:1095F000000000000F000FFFFF000000000F000F31
:10960000000F0000000000000F000F00000000002D
:10961000000F000F0000000FFF00F00000FF00002F
:10962000000F0F000000000000000F00FFFFFFF020
:109630000000000F000F0000F00000000F000F00FE
:109640000F000000000F0F00F0F0000000000FF00E
:10965000000F00000000000F000FF0FF00000000EE
:10966000000FF00000FF00000000000000000000FC
:1096700000D6C30000000000000000000000000051
:109680000000F0000000FFFFFFFFFFFF000000F000
:109690000F000F00F0000000FFFFFFFFFFF00000D1
:1096A0000000000F00000000000FFFFFFFFFFFFFA2
:1096B00000000000000F0000000000000FFFFFFF8F
:1096C000FF000000000F0000000F000000000FFF6F
:1096D000FFFFFF000000000F0000000F000000006F
:1096E0000FFFFFFFFF000000000F0000000F000051
:1096F000000FFFFFFFFFFFFF000000000000000061
:10970000000000B2CE0000000000000000000000D9
:109710000F000F000000000000F00000F00000004B
:10972000000FFFFFFFFF000000000000F00000003E
:1097300000000FFFFFFFFFFFFF00000000F0000030
:10974000F0000000000F0000F00F0000000FF0001C
:10975000FF0000FF0000000FFF000F0000000000EE
:10976000000000F00000000000000FFF000F0000EC
:109770000000FFF0000FF0000000000000FFF0000C
:109780000000000FFFFF00000000000000000000CC
:109790000000000000CAFD00000000000000000002
:1097A0000000F00000F00000000F00F00F00F000DB
:1097B000000000F0F0F000F00000000FFFFFFF00DD
:1097C000FFFF0000000FFF000F00F0000000F0F0AE
:1097D000F00F00F000000F00F00FF0F0F0000000BC
:1097E0000F000000F0F000000FFFFFF000F0F000AD
:1097F00000000F00F000F0F0000000FF00F0000F8C
:109800000000000000FF00000F000000000FF0F05B
:1098100000F0F000000FF0000F0F000F000000003C
:1098200000000000000000B5F7000000000000008C
:1098300000000F000000000000000000F000FFFF2B
:10984000FFFF0000000F00F00F000F0000000000FD
:10985000F00F000F00000FFF00F0FFFF0F000000EF
:109860000F00F00F000F0000000F00FFFFFFFF00D0
:1098700000000F00F000000F0000000F00F0FFFFDD
:109880000F0000000F0FF0F00F0F0000000FF0F0BE
:10989000F00F0F0000000F00F0FFFF0F00000000AE
:1098A00000F000000F000000000F00000FFF00009C
:1098B000000000000000000000CAD400000000000A
:1098C0000000000000F0000000F0F00000000F00B9
:1098D0000000F00F0000000F000000F0000000008A
:1098E000000FFFFFFFFF00000000000000F000007D
:1098F000000FFF000000F0000000000F00FFF0F07C
:10990000000000000F000F00F0000000000F000F2B
:1099100000F0000000000F000F000F000000000F1B
:109920000F0F000F0F0000000FF00FFF0F0F0000D0
:10993000000F0FFF0000FF00000000000000000FFC
:109940000000000000000000000000CDB600000094
:10995000000000000000000F0000000000000000F8
:109960000F000FFFFF000000000F000F000F0000AE
:10997000000FFFFF0F000F000000000F000F000F8F
:10998000000000000F00F00000FF0000000F0F00BB
:109990000000000000000FF0FFFFFFF000000FFFCD
:1099A000000F0000F00000000F000F000F0000008B
:1099B000000F0000F0F0000000000F00000F00009A
:1099C0000000000F000FF0FF0000000FFF0FF0007D
:1099D00000FF0000000000000000000000C7D000F1
:1099E0000000000000000000000F00000000000068
:1099F00000000F000FFFFFFF0000000F00000F002E
:109A00000F0000000F00000F000F0000000FFFF01C
:109A10000F000F00000FFF00000F000F0000000FED
:109A200000000F000F0000000F00000F000F0000EB
:109A3000000F00F00F000F0000000F0F00F0000FEC
:109A40000000000FF000F0000F0000000F000F00FA
:109A5000000F0000000000F000000F000000000FE9
:109A600000000FF00000000000000000000000CA2D
:109A7000C20000000000000000000000000F000015
:109A80000000000FFFFFFFFFFFFF00000000000FBE
:109A90000000000000000FFFFFFFFF000000000FAC
:109AA000000F000F000000000FFFFFFFFF0000008D
:109AB0000000000F0000000000000FFFFFFFFF008C
:109AC00000000000000F000F0000000FFFFFFFFF6D
:109AD000FFFF00000000000F000F000000000FFF5C
:109AE000FFFFFF0000000000000F0000000000006A
:109AF000000FFF0000000000000000000000000058
:109B000000BCFE0000000000000000000000F000AB
:109B10000F000000000000F0F00F00000000000F38
:109B200000F00F00000000000F00FFFFFFF000003A
:109B300000FF0F000F000000000F0F00000F0000DB
:109B40000000000F00000F00000000000F00000FD9
:109B500000000000000F0FFFFFFFFF0000000F00DC
:109B6000000F00000000000F00000F0000000000C8
:109B70000F00000F00000000000F00000F000000A9
:109B800000000F00000F00000000000000000000B7
:109B9000000000BCC700000000000000000000F052
:109BA00000000000000000000F00FFFFFFF00000B9
:109BB000000F00000000F00000000000000000F0B6
:109BC0000000000000000000F000000FFF00000097
:109BD00000F00000000F00FFFFFFF00000000F008A
:109BE000F00000000000000F00F000000000000086
:109BF0000F00F00000000000000F0FF00000000058
:109C000000000FF0F000000F0000000F00F0000057
:109C10000F00000000000FFFFFFF00000000000029
:109C20000000000000C2BC000000000000000000B6
:109C300000000000000000000000FFFFFFFFFF0029
:109C4000000000000000000F000000000FFFFFFFF9
:109C5000FF00000000000000000F0000000FFFFFE9
:109C6000FFFFFFFF00000000000F000000000000E9
:109C70000F000F000F0000000000F00FF0F00000D8
:109C80000000000F0F0F000000000000F00F00F0B8
:109C9000000000000F000F000F0000000FF0000F89
:109CA0000000FF000000000FFF00000000000000A7
:109CB00000000000000000B2C90000000000000029
:109CC0000000000000000FFFF0000000FFFFFFF0A9
:109CD00000000000000000F0000F000000000F0076
:109CE0000F000F0000000000F00000F00000000076
:109CF00000000F00000000000000000F0000000046
:109D0000000FFFFFFFFFFFFF0000000000FFF0005B
:109D100000000000000F0F0F000000000000F00F17
:109D200000F0000000000F000F000F0000000FF017
:109D3000000F0000FF00000000000F000000000006
:109D4000000000000000000000D1F9000000000049
:109D500000000000000F00F00000F00000000F0005
:109D60000F000F000000000F000000000000000FB7
:109D7000FFF0FFFFFFF00000000F00000F000000E9
:109D800000000F00000F0000000000FFF0FFFFFFC9
:109D9000F0000000FF0F000F000000000F0F000098
:109DA0000F00000000000F0FFFFFFFFF0000000F7B
:109DB00000000F00000000000F00000F0000000076
:109DC000000F00000F00000000000F00000F000057
:109DD0000000000000000000000000D0A300000010
:109DE0000000000000000000F0000F000000000074
:109DF00000F00000F00000000000F00FFFFFFF0087
:109E0000000FFFFFF000000000000000F0000F0F47
:109E1000000000000FF000F000F00000000FFF0F46
:109E200000000F000000F0F0F0F000F0000000F083
:109E3000F000F000F000000F00F0000F0F00000035
:109E40000000F00000F00000000000F0000F0F0024
:109E500000000000F000F000F000000000F00F0033
:109E6000000F0000000000000000000000D7BC0050
:109E700000000000000000000000000F00F00000E3
:109E80000000F0000F000F000000000F00F00000C5
:109E9000000000000F00FFFFFFFF000000000FF0B8
:109EA00000F00000000000F0F000F00000000000F2
:109EB00000FFFFFFF00000000F00F000F0000000C6
:109EC000000F00F000F000000000F000FFFFFFF0C6
:109ED000000000F000F000F00000000F0000F000B3
:109EE000F00000000F0000FFFFFFFF000000000077
:109EF000F00000000000000000000000000000BEB4
:109F0000DD000000000000000000000F0000000065
:109F1000000000000F00FFFFFFF00000000F00F046
:109F20000000F000000FFFF0F00000F00000000F54
:109F300000FFFFFFF00000000F00F000F000000045
:109F4000000F00F000F0000000000FF0FFFFFFFF27
:109F500000000FFF00F000F0000000000F00F00014
:109F6000F0000000000F00F0FFFFF00000000F0FF6
:109F700000F000F000000F0F0F00F000F0000000F4
:109F8000FFFF00FFFFF000000000000000000000E5
:109F900000BCC600000000000000000000F000004F
:109FA0000F00000000000F00000F00000000000F75
:109FB00000000F00000000000000000F0000000083
:109FC000000000000F000000000FFF0FFFFFFFFF69
:109FD0000000000F00000F00000000000F00000F45
:109FE00000000000000F00000F00000000000F0044
:109FF000000F00000000000F0F000F000000000025
:10A000000FF0000F00000000000F00000F00000024
:10A0100000000000000F0000000000000000000031
:10A02000000000B1A30000000000000000000000DC
:10A03000F00000000000000000F0FFFFFFF0000053
:10A040000000F0F00000F00000000F00F00000F051
:10A050000000000F00FFFFFFF0000000FF00000FF6
:10A06000000000000F0F00000F00000000000F0FA5
:10A07000FFFFFFFF0000000F0000FFF000000000E6
:10A080000F000F0F0F000000000F000F0F0F000058
:10A0900000000F00F00F00F00000000F0F000F0095
:10A0A0000F0000000F00000F000000000000000083
:10A0B0000000000000B9FD000000000000000000EA
:10A0C00000000000000F00000000F00000000F0082
:10A0D0000000000F0000000F000000000F0FFFFF46
:10A0E000FFFF000000000000000F00000000000063
:10A0F000F0000F0000000FFF000F000F0000000035
:10A100000F000F000F000000000F0000000F000004
:10A1100000000F0000000F000000000F0000000F03
:10A12000000000000F00000FFF00000000F0F00032
:10A1300000000000000F000FFFFFFFFF0000000005
:10A1400000000000000000BBA400000000000000B0
:10A150000000000F00000F00000000000F000000D2
:10A16000F0000000000F000FFFFFFF00000FFFFFD7
:10A170000F00000F0000000F000F00000F00000094
:10A180000F000F00000F0000000F0F0FFFFFFF0078
:10A1900000000FF00F00000F00000FFF000F000085
:10A1A000000000000F000F0000000000000F000F73
:10A1B0000000000000000F00F00000000000000F91
:10A1C00000F000000000000FFF0F00000000000082
:10A1D000000000000000000000BFDA0000000000E6
:10A1E000000000000000000000000000000000006F
:10A1F00000000000000000FFFFFFFFFFF000000074
:10A20000F000000000F0000000F000000000F0008E
:10A210000000F000000000F0000000F0000000006E
:10A22000F0000000F000000000F0000000F000006E
:10A230000000F0000000F000000000F0000000F05E
:10A2400000000000F0000000FFFFFFFFFFF0000033
:10A2500000F000000000F00000000000000000001E
:10A260000000000000000000000000C1EE0000003F
:10A270000000000000000000000F000000000000CF
:10A280000000F0F00000000000000F000F000000D0
:10A29000000000F00000F0000000000F00F0000FD0
:10A2A0000000000FF0000F0000FF00000000000F92
:10A2B0000000000000000FFFFFFFFF000000000093
:10A2C0000000000F0000000000000000F00000008F
:10A2D000000000000F000000000000FFF0F0000090
:10A2E00000000000000FF000000000000000000F60
:10A2F000F0000000000000000000000000C8D500D1
:10A30000000000000000000000FFFFFFFFFFF00062
:10A310000000F000000000F0000000F0000000006D
:10A32000F0000000F000000000F0000000F000006D
:10A330000000F0000000F000000000F0000000FF4E
:10A34000FFFFFFFFF0000000F000000000F0000041
:10A3500000F000000000F0000000F000000000F03D
:10A36000000000F000000000F0000000F00000001D
:10A3700000F0000000FFFFFFFFFFF0000000F00012
:10A38000000000F00000000000000000000000C617
:10A39000DA00000000000000000000F000F0000003
:10A3A00000000000F000F00FFFFF00000FFFFFFFB4
:10A3B0000F000F000000F000F00F000F000000F091
:10A3C00000F00F000F000000FFFFF00FFFFF000084
:10A3D00000F000F00F000F000000FFFFF00F000F73
:10A3E000000000F000F00FFFFF000000F000F00F91
:10A3F000000F00000FFFFFFF0F000F000000000024
:10A4000000F0000F000000F000F0F0000F00000F5F
:10A4100000000F000FFF000000000000000000001F
:10A4200000C8EB00000000000000000000000F006A
:10A430000000000000000000F0000000000000002C
:10A4400000F000000000000000000F00000000000D
:10A450000000000F0000000000000000F0F000000D
:10A460000000000000F0F00000000000000F000FEE
:10A470000000000000000F000F000000000000F0CE
:10A480000000F00000000000F00000F000000000FC
:10A490000F0000000F00000000F000000000F000BE
:10A4A000000F00000000000F00000000000000008E
:10A4B000000000B1A8000000000000000000000F34
:10A4C00000000000000000000F000FFFFFF0000080
:10A4D000000F000F0000F000000FFFFF0F0000F062
:10A4E0000000000F000F00FFF00000000F000F0041
:10A4F00000000000000F0F0FFFFFF00000000FF042
:10A500000F0F00F000000FFF000F0F00F000000021
:10A510000F000F0F0F000000000F000F00F00000F1
:10A5200000000F000F0F0F000000000F000FF000E1
:10A53000F000000FFF000F00000F000000000000FF
:10A540000000000000BEAF0000000000000000009E
:10A55000000F00F000F000000000FFFFFF0FFFFF02
:10A560000000000F00F0F000F0000000FFFFFF0F00
:10A5700000F000000F0F0F0F00FF000000000FFFA2
:10A580000F0F00FF0000000000FF00000000000FA0
:10A59000FFFFFFFFFFFF00000000000000000000C1
:10A5A00000000FFFFFFFFF000000000000000000A0
:10A5B000000000000FFFFFFFFF000000000F000081
:10A5C000000F000000000FFFFFFFFF000000000071
:10A5D00000000000000000B6D400000000000000F1
:10A5E000000000000000000F00000000000000005C
:10A5F0000F00000000FFFFF0000F0000000000004F
:10A60000F0FFFFFF0000000000F0000F000000005E
:10A61000F00F00000F000000000F0F00F00F00000F
:10A62000000000F0000F0F0000000000FF000F0FFF
:10A63000000000000F0F00000F000000000F00F0EE
:10A64000000F00000000F000F0000F0000000F00FD
:10A650000000000F000000000000000FFF000000DD
:10A66000000000000000000000B1C8000000000071
:10A670000000000000000000F00000000000F000FA
:10A6800000F00000000000F00000F00000000000FA
:10A69000F00000F000F0000000F00000F00F0000FB
:10A6A0000000FFFFF0F0F000000000F00000FF00ED
:10A6B00000000000F00000F00000000000F00000CA
:10A6C000F00000000000F00000F00000000000F0CA
:10A6D0000F00F00000000000F0F000F0000F00009C
:10A6E00000FF0000F0000F000000F000000FFFFF6F
:10A6F0000000000000000000000000B6C8000000DC
:10A700000000000000000000000F0000000000003A
:10A71000000000F000000000000FFFFFFFFFFF003F
:10A7200000000F00F0000F000000000FFFFFFFFF10
:10A73000FF0000000F00F0000F000000000F00FFFE
:10A74000FFFF000000000F00000000000000000FED
:10A750000FFFFFFFF00000000F00F0000F000000EF
:10A76000000F000F00F000000000F00000FF0000EC
:10A77000000000F000FF00FF0000000F00FF0000DD
:10A7800000FF0000000000000000000000B5E7002E
:10A7900000000000000000000000000F00000000AA
:10A7A000000000000F00000000000000000F00008B
:10A7B00000000000FFFFFFFFFFF0000000F0000FAF
:10A7C0000000F0000000F0000F0000F0000000FFAB
:10A7D000FFFFFFFFF0000000F0000F0000F000009E
:10A7E00000F0000F0000F0000000FFFFFFFFFFF08F
:10A7F000000000F0000F00000000000000000F004B
:10A80000000F00000000000F00000F00000000001B
:10A8100000FFFFFF0000000000000000000000C873
:10A82000DD0000000000000000000000000F00003C
:10A830000000000FFFFFFFFFFFFF00000F00000000
:10A8400000000F00000000F00000F0000000000F0A
:10A85000000F000F00000000F000F0F000F000001A
:10A8600000000F000F00000000000FF00000FF00CC
:10A8700000000FF000000000FF0000000FFFFFFFCE
:10A88000FF000000000F0000000F000000000F009C
:10A8900000000F000000000FFFFFFFFF000000009E
:10A8A0000F0000000F00000000000000000000008A
:10A8B00000BFD8000000000000000000000F0000F2
:10A8C000F000000000000F00000F00000000000F6B
:10A8D00000FFFFFFFF00000FFFF0F000000F00007F
:10A8E000000F0000F00F000000000F000F0000F04C
:10A8F0000000000F00F000000F0000000FF000004B
:10A90000000000000FFF000FFFFFF00000000F002D
:10A91000000F00000000000F00000F00000000000A
:10A920000F00000F00000000000F00000F000000EB
:10A93000000FFF00FFFFFFFF00000000000000000D
:10A94000000000D6C600000000000000000000006B
:10A950000F000000F0000000F00F000000F0000009
:10A9600000FFFFFFF0F0F000000F000F0000F0F01C
:10A97000000000000F0000F0F000000FFFFFFFF0EC
:10A98000F0F0000000000F0000F0F0000000000FE9
:10A990000000F0F0000000FFFFFFF0F0F00000000A
:10A9A000F00F00F0F0F0000000F00F00F000F000F9
:10A9B0000000F00F00F000F0000000F00F0FF000BA
:10A9C000F0000000000F0000FFF000000000000099
:10A9D0000000000000CDA800000000000000000002
:10A9E00000F000FFFFFFF00000000F0000F00F007C
:10A9F0000000000F00000FF0000000000000FFFF4B
:10AA0000FFF00000000000F00F00F000000FFF005A
:10AA1000F00F00F00000000F00FFFFFFF00000004B
:10AA20000F00F00F00F00000000F00F00F00F0002A
:10AA300000000F00FFFFFFF00000000F00F00F000C
:10AA4000F00000000F00F00F0FF0000000F0F00029
:10AA500000000000000F000FFFFFFFFF00000000DC
:10AA600000000000000000D1B6000000000000005F
:10AA7000000000F000000000000000000F0FFFFFCA
:10AA8000FF000000000F000F000F0000000000009A
:10AA90000F000F0000000000000F000F0000000F6B
:10AAA000FF000F000F000000000F0FFFFFFF00006E
:10AAB00000000F000F000F000000000F000F000F3C
:10AAC000000000000F000F000F0F0000000F0F0F1D
:10AAD000000F0F0000000FF00F000F0F0000000F1D
:10AAE000000F0000FF00000000000F00000F00003A
:10AAF000000000000000000000B9D80000000000C5
:10AB0000000000000000F00000F000000000000F56
:10AB10000000F000000000000F000F000000000027
:10AB2000FFFFFFFFFFF000000000000F000000002B
:10AB3000000000000F00000000000000000F0000F7
:10AB40000000000FFFFFFFFFFFFF0000000000F00C
:10AB5000F000000000000000F0F000000000000025
:10AB60000F000F000000000000F00000F0000000E7
:10AB7000000F0000000F0000000FF000000000FFB9
:10AB80000000000000000000000000B1D50000003F
:10AB900000000000000000F00000000000000000C5
:10ABA0000F0FFFFFFFFF00000000000000000F007C
:10ABB0000000F000000F000F000000F000000F0088
:10ABC0000F000000F0FFFFFFFF0F000000F000008B
:10ABD000FF000F000000F0000F0F000F000000F05A
:10ABE00000F00F000F000000F00F000F000F00003A
:10ABF00000F0F0000F000F000000F0000FFF000F4A
:10AC0000000000F0000000000F000000F000000055
:10AC10000FFF0000000000000000000000B4F20080
:10AC20000000000000000000000F00000000000015
:10AC300000000F00FFFFFFFF0000000F000000F00A
:10AC40000000000FFFFF0000F0000000000F0000F8
:10AC500000F0000000000F000000F0000000000FF6
:10AC60000F0000F0000000000FF00000F0000000F6
:10AC70000FFF000000F0000000000F000000F000D7
:10AC80000000000F000000F0000000000F000000B6
:10AC9000F0000000000F000000F00000000FFF00B7
:10ACA00000FFF0000000000000000000000000B302
:10ACB000A30000000000000000000000000F0000E2
:10ACC000000000000F000F000F0000000000F00F58
:10ACD00000F00000000FFFFFFFFFFFFF00000F006C
:10ACE000000000000F00000000FFFFFFF000000068
:10ACF0000000F00000F00000000000FFFFFFF00087
:10AD000000000000000F000000000000FFFFFFFF38
:10AD1000FFF0000000F0000F0000F0000000F00065
:10AD20000F0000F0000000F0000F00FFF000000036
:10AD300000000F0000000000000000000000000004
:10AD400000BFAA00000000000000000000FFFFFF9D
:10AD5000FFFFF000000000F00000F0000000000025
:10AD6000F00000F00000000000F00000F000000023
:10AD70000000F00000F00000000000F00000F00013
:10AD800000000FFFFFFFFFFFFF00000000F00000CA
:10AD9000F00000000000F00000F00000000000F0F3
:10ADA0000000F0000000000F000000F000000000B4
:10ADB0000F000000F000000000F0000000F00000B4
:10ADC000000F00000000F000000000000000000084
:10ADD000000000CDCB0000000000000000000000DB
:10ADE0000000000000000000F000FFFFFF00000076
:10ADF000000F00F0000F000000000F00FFFFFF0039
:10AE00000000000000F0000F000000000000FFFF45
:10AE1000FF0000000FFF00F0F000F00000000F0046
:10AE2000F00F0F000000000F00F000F00000000025
:10AE30000F00F0F00F000000000F00FF0000F00016
:10AE400000000F00F00000F0000000F0F000000033
:10AE50000000000F000FFFFFFFFF000000000000D8
:10AE60000000000000D2BB00000000000000000055
:10AE700000000000000000000000000000000000D2
:10AE800000000000000000000000000000000000C2
:10AE900000000000000000000000000000000000B2
:10AEA0000000000000000FFFFFFFFFFFFF00000099
:10AEB0000000000000000000000000000000000092
:10AEC0000000000000000000000000000000000082
:10AED0000000000000000000000000000000000072
:10AEE0000000000000000000000000000000000062
:10AEF00000000000000000B6FE000000000000009E
:10AF00000000000000000000000000000000000041
:10AF10000000000000FFFFFFFFFFF0000000000046
:10AF20000000000000000000000000000000000021
:10AF30000000000000000000000000000000000011
:10AF40000000000000000000000000000000000001
:10AF500000000000000000000000000000000000F1
:10AF600000000000000000000000000000000FFFD3
:10AF7000FFFFFFFFFF0000000000000000000000D6
:10AF8000000000000000000000C8FD0000000000FC
:10AF90000000000000000000000000000000FFFFB3
:10AFA000FFFFFFF0000000000000000000000000B4
:10AFB0000000000000000000000000000000000091
:10AFC0000000000000000000000000000000000081
:10AFD000000000000FFFFFFFFF0000000000000066
:10AFE0000000000000000000000000000000000061
:10AFF0000000000000000000000000000000000051
:10B000000000000000000000000FFFFFFFFFFFFF37
:10B010000000000000000000000000B2EE00000090
:10B020000000000000000000F00000F00000000040
:10B03000000F000F0000000000FFFFFFFFFFF00007
:10B04000000000000F0000000000000FFFFFFFFFE6
:10B05000000000000000F000000000000FFFFFFFF4
:10B06000FFFFFF000000000F0000000000000000D4
:10B07000F0000000000000000F0FFFFFFF000000C5
:10B0800000F00000F0000000000F000000F00000E1
:10B09000000000000000F000000000000FFFFFFFB4
:10B0A000FFFF0000000000000000000000D7E900E2
:10B0B0000000000000000000000F00000000000081
:10B0C00000000F000FFFFFF0000000F00F0F000066
:10B0D000F0000000F00F0F0000F000000FFFF00F75
:10B0E0000000F000000000F00FFFFFF00000000F74
:10B0F000000F0000F0000000F0000F0000F0000062
:10B100000FFFFF0F0000F000000000000FFFFFF036
:10B1100000000000000F0000F000000000FF0F0022
:10B1200000F000000FFF000F0000F0000000000022
:10B13000FFFFFFFF0000000000000000000000BA59
:10B14000CF0000000000000000000000000F000021
:10B15000000000000000F0F00000000000000F0000
:10B160000F00000000000FF00000FF0000000FF0D3
:10B1700000000000FF00000000FFFFFFF0000000E3
:10B1800000000000000000000000000000000000BF
:10B190000000000FFFFFFFFF000000000F00000095
:10B1A0000F000000000F0000000F000000000F0063
:10B1B00000000F000000000FFFFFFFFF0000000075
:10B1C0000F0000000F000000000000000000000061
:10B1D00000B5C8000000000000000000000F0000E3
:10B1E0000F00000000000FFFF00FFFFF000000F055
:10B1F000F000F00F0000000F000F0F0000F0000043
:10B200000000000F0000000000000FFFFFFFFF0024
:10B2100000000000000F00000000000FFFFFFFFF14
:10B22000FFFF0000000000000F0000000000FFFF13
:10B23000FFFFFFF00000000000000F000000000012
:10B2400000F0000F0000000000000F000F000000E1
:10B25000000000000FFF00000000000000000000E0
:10B26000000000C2CB000000000000000000000051
:10B2700000000F0000000000F000000FFFF00000D1
:10B28000000F00000F000000000000F0FFFFFFFFB4
:10B290000000000000F00F000F00000F0000F00F92
:10B2A000FF00000000F000FFFF000F00000000F0B2
:10B2B000F000FFFF00000000F0F0000000000000C0
:10B2C0000F00F00F00000000000F00F000F0F00091
:10B2D0000000F00F0F0F000F000000F00F0F0F0F16
:10B2E0000F00000000F0F000FF0000000000000070
:10B2F0000000000000CBC4000000000000000000BF
:10B3000000000000000000000000FFFFFFFFFFFF43
:10B31000000000F000F00F000F000000F000F00F40
:10B32000000F000000F000F00F000F000000F00020
:10B33000F00F000F000000F000F00F000F00000001
:10B34000F000F00F000F000000F000F00F000F0001
:10B350000000F00F0000FFFF000000F0F000000010
:10B360000F000000F0000000000F000000FFFFFFD2
:10B37000FFFFFF000000F0000000000F00000000D1
:10B3800000000000000000BEDC0000000000000023
:10B390000000000F00000000000000000F000FFF81
:10B3A000FFFF0000000F000F00000000000FFFFF74
:10B3B0000F0000000000000F000F00000000000060
:10B3C0000F000FFFFFF00000000F0F0F0000F00054
:10B3D00000000FF00F0000F000000FFF000F000052
:10B3E000F00000000F000FFFFFF00000000F000F43
:10B3F0000000000000000F000F0000000000000F20
:10B40000000F00000000000FFF000FFFFFFF000013
:10B41000000000000000000000B3FD00000000007C
:10B4200000000000000000000F000000000FFFF00F
:10B43000000F000000000F00F000F0F00000000F0F
:10B4400000F00F000F0000000F0F00F00000F000F0
:10B45000000F0F0F0FFFFF0F00000F00F0000F0095
:10B460000000000F00F0000F000000000F00F0FFD0
:10B47000FFFFF000000F00F0000F000000000FFFC2
:10B4800000F00F00F000000F0000F00F000F0000B0
:10B490000F000F000F000F00000F00000FFF000053
:10B4A0000000000000000000000000D4CB000000FD
:10B4B000000000000000000000000000000000008C
:10B4C000F000FFFFFF000000000F00000000000080
:10B4D00000000F000000000000000000000000005D
:10B4E00000000000000FFFFFFFFF00000FFF000043
:10B4F000F000000000000F0000F000000000000F4E
:10B50000000F00F0000000000F00F0000F0000002E
:10B51000000F0FFFFFFFF00000000F00000000F021
:10B52000000000F0F00000000000000F000FFFFF1F
:10B53000FFFF0000000000000000000000C2B70094
:10B540000000000000000000000000000F000000EC
:10B550000000FFFF000F0000000000F00F000FFFD1
:10B56000F0000000F00F00F000F0000000F00F0FFE
:10B570000F0F00000000FFFF0000F00000000000BF
:10B58000F0000F0F00000000F0F00FF000FF0000CF
:10B5900000F0FFF0000000000000F0F000FFFFF0FE
:10B5A000000000F0F000F000F0000000F0FFF0F00C
:10B5B00000F000000FFF0000FFFFF000000000009F
:10B5C00000F000F00000000000000000000000D4C7
:10B5D000C20000000000000000000000FFFFFFFFAD
:10B5E000F000000000F0000000F000000000F0009B
:10B5F0000000F000000000F0000000F0000000007B
:10B60000FFFFFFFFF000000000F0000000F000006E
:10B610000000F0000000F000000000F0000000F06A
:10B6200000000000FFFFFFFFF000000000F000003E
:10B6300000F000000000F0000000F00000000F002B
:10B64000000000F00000000F00000000F00000000B
:10B65000F0000000FFF0000000000000000000000B
:10B6600000B4CE0000000000000000000000000F49
:10B67000000000000000F0000F0000000000000FBC
:10B68000000F0000000000000F000FFFFFFF000090
:10B69000000000F000000F0000000000F00000F0CB
:10B6A000000000000F000F00000000000F00000F5E
:10B6B00000000000000F00000F0000000000F0007C
:10B6C00000F0F000000000F00000F0F00000000FBB
:10B6D00000000F000F0000000F0000F00000F0005D
:10B6E0000000000F0000000F00000000000000003C
:10B6F000000000B4E60000000000000000000000B0
:10B7000000F00000000000000000F0000000000059
:10B710000FFFFFFFFFFFFF000000000F0000000011
:10B7200000000000F00000000000000000F00FFF2B
:10B73000FFF00000000FF000000F00000000F0F02C
:10B740000000F00000000F00F00000F0000000001A
:10B7500000F0FFFFFFFF00000000F00000F000001D
:10B76000000000F00000F00000000000F00000F019
:10B770000000000000F000FFF000000000000000EA
:10B780000000000000B3F600000000000000000010
:10B790000000000F000000000000F0000F0000F0AB
:10B7A000000000F0000F0000F0000000F0000F00AB
:10B7B00000F0000000F0000F0000F0000000FFFFAC
:10B7C000FFFFFFF000000000000F0000000000007D
:10B7D00000000F00000000000F00000F00000F002D
:10B7E000000F00000F00000F00000F00000F00000E
:10B7F0000F00000F00000F00000F00000FFFFFFF01
:10B80000FFFFFF00000000000000000F000000002C
:10B8100000000000000000D1B9000000000000009E
:10B820000000000000000000000000000FFFFFFF0C
:10B83000FFFF0000000F00000000000000000F00EC
:10B8400000F000000000000F0000F0000000000009
:10B850000F0000F000000000000F0FFFFFFFF000DE
:10B8600000000F0000F000000000000F0000F000DA
:10B87000000000000F0000F00F000000000F0000AB
:10B88000F000F0000000F00000F000F0000000F018
:10B890000000F0000000000F00FFFFFFFFFF0000AE
:10B8A000000000000000000000C9CF000000000000
:10B8B000000000000000000F000000000000000079
:10B8C0000F00000000000000000F0000000000005A
:10B8D00000000F00000000000000000F000000004A
:10B8E000000000000FFFFFF000000000000F00004C
:10B8F0000000000000000F00000000000000000F2A
:10B9000000000000000000000F0000000000000028
:10B91000000F00000000000000000F000000000009
:10B920000000000F00000000000FFFFFFFFFFFFFFF
:10B930000000000000000000000000CFDE0000005A
:10B9400000000000000000000000000000000000F7
:10B95000FFFF0FFFFFF0000000F00F0F0000F000EE
:10B960000000F00F0F0000F0000000F0F00FFFFFEC
:10B97000F0000000F0F00F0000F0000000F00F0FEA
:10B980000000F0000000F00F0FFFFFF0000000F0DB
:10B990000F0F00F00F000000F00F0F00F0F000009C
:10B9A00000FFF00F000F00000000F0000F0F0F006D
:10B9B000000000F0000FF000F0000000F0000F00A9
:10B9C000000F0000000000000000000000C1F700B0
:10B9D0000000000000000000000000000F00000058
:10B9E0000000F0000000F0000000000F00FFFFFF6B
:10B9F000FF00000000F0000F000000000000000049
:10BA0000F00F0000000F00000F0000F0000000F039
:10BA100000FFFFFFFF00000000F00000000F00002B
:10BA20000000F00F0F0F000000000F000F0F0F00BD
:10BA30000000000F000F0F0F00000000F0000F0FBC
:10BA40000F00000000F000F00F0F0F000000000FCB
:10BA5000000000FF0000000000000000000000D017
:10BA6000F20000000000000000000000000F0000D5
:10BA700000000000000000F000000000000FFFFFC9
:10BA8000FFFFFF0000000F00000000000000000F9B
:10BA90000FFFFFFFF00000000F0000000F0000008C
:10BAA000000F000F00F0000000000F0000FF00007A
:10BAB0000000000FFFFFFFFFFF0000000F00000F5E
:10BAC000000F0000000F00000F00F0000000F00069
:10BAD000000F0000000000F000000F000000000F49
:10BAE00000000FFF00000000000000000000000048
:10BAF00000CBD900000000000000000000000000A2
:10BB00000F0000000000F000000F00000000000F18
:10BB10000FFFFFFFFF0000000F00000F00000000FC
:10BB2000000000FFFFFFF00000000000F00F00F039
:10BB300000000FFF00F00F00F00000000F00FFFFFB
:10BB4000FFF00000000F0000FFF0000000000F00F9
:10BB50000F0F0F000000000F00F00F00F0000000BA
:10BB60000F0F000F000F000000F0F0000F000000AA
:10BB7000000F000FFFFFFFFF0000000000000000AB
:10BB8000000000B6CF000000000000000000000030
:10BB9000F000000FF000000F00F000FFF0000000C8
:10BBA0000FF0F0F0F0000000000F0FFF00F00000B9
:10BBB00000000F00F000F0000000000FFFFFF0FF9A
:10BBC000FFFF00000F00F000F00F0000000F0FFF5C
:10BBD00000F00F0000000FF0F0F0F00F0000000F79
:10BBE00000F0F0F00F0000000F00F000F00F000078
:10BBF000000F00F000F00F0000000F00000F000F1A
:10BC00000000000FFFFFF0000F0000000000000028
:10BC10000000000000BCFD0000000000000000006B
:10BC200000000000000000000000000000FF000015
:10BC300000000000000FFFF0000000000000FFFF08
:10BC4000FF00000000000FF0FF0FF000000000FFF9
:10BC500000FF00FF00000000F000FF000F000000E8
:10BC6000000000FF0000000000000000FF000000D6
:10BC70000000000000FF0000000000000000FF00C6
:10BC800000000000000000FF0000000000000000B5
:10BC9000FF000000000000000000000000000000A5
:10BCA00000000000000000B7BD0000000000000020
:10BCB0000000000000F000000000000000000F0085
:10BCC000000000000FFFFFFFFFFFFF000000000F5C
:10BCD00000000000000000000F0000000000000055
:10BCE000000F00000000000000000FFFFFFF000039
:10BCF0000000000F00000F00000000000F00000F08
:10BD00000000000000F000000F0000000000F00044
:10BD1000000F000000000F0000000F00000000F006
:10BD20000000000F0000000F0000000FF0000000F6
:10BD3000000000000000000000B0B800000000009B
:10BD4000000000000000000F000000000000FFFFE6
:10BD5000FFFFFFF0000000F000F00000F000000026
:10BD60000000F000000000000FFFFFFFFFFFFF00DA
:10BD7000000000FF000F00000000000000FFF000C6
:10BD800000000000FFFF000FFF0000000000000F98
:10BD900000000000000FFFFFFFFFFFFF000000009A
:10BDA0000F0F0F00000000000FF00F00FF00000059
:10BDB0000FF0000F0000FF00000000000F00000067
:10BDC0000000000000000000000000CFC2000000E2
:10BDD0000000000000000000000000000000000F54
:10BDE000FFFFFFFFFFFF0000000000F00000000069
:10BDF00000000000F00000000000000000F0000063
:10BE0000000000000000F00F00000000000000F043
:10BE100000F0000000000000F0000F000000000033
:10BE200000F0000F000000000000F0000000000023
:10BE3000000000F00000000000000000F000000022
:10BE40000000000000F00000000000000000F00012
:10BE500000000000000000000000000000D1D3003E
:10BE600000000000000000000000000000000000D2
:10BE7000000000000000FFF000000FFFF00FFFF0D7
:10BE80000000000000F00000F0000000000F0000C3
:10BE900000F0000000000F000F00FFF0000000F0B5
:10BEA000000F00F000000000FFF00F00F0000000A5
:10BEB0000000F00F00F000000000F0F00F00F000B4
:10BEC0000000000F000FFFFFF00000000F00000057
:10BED0000000000000F0F00000000000000F000F64
:10BEE000FFFFFFFF0000000000000000000000C195
:10BEF000AC00000000000000000000000000F000A6
:10BF000000000000F00000F000000000000F0FFF34
:10BF1000FFFFF00000000F000F0000000000000015
:10BF200000F00F00000000000000F00F0000000013
:10BF30000FFF0FFFFFFFF00000000F00000F0000D9
:10BF40000000000F00000F00000000000F0FFFFFB7
:10BF5000FFFF0000000F00000F00000000000F00B6
:10BF6000000F0000000000F0F0000F000000000FC4
:10BF7000000FFFFFFFFF00000000000000000000B6
:10BF800000B8F40000000000000000000000000005
:10BF9000000000000000FFFF0FFFFFFF000000F0A7
:10BFA0000F00000000000000F00F00FFFFF0000095
:10BFB00000F0F000F000F0000000F0F000FFFFF0F3
:10BFC000000000F00F00000000000000F00F0FFF65
:10BFD000FFFF000000F00F0F0F0F0F000000F00F29
:10BFE0000F00F00F000000FFF00FFFFFFF00000048
:10BFF000F0000F00F00F000000F0000F00F00F0045
:10C000000000F0000F0000FF000000000000000032
:10C01000000000C7B70000000000000000000000A2
:10C02000F00000000000000000F000000000000030
:10C030000000F0000000000000000FFFFFFFFFF015
:10C040000000000F00000000F0000000F0000F00F2
:10C050000F0000000F00000F00F0000000000000C3
:10C060000F0000000000000000F0F00000000000E1
:10C070000000F0F00000000000000F000F000000C2
:10C08000000000F00000F0000000000F0000000FB2
:10C090000000000FF000000000FF000000000000A2
:10C0A0000000000000B5D800000000000000000003
:10C0B000000F00000F00000000000F00000F000044
:10C0C0000000000F00F00F00F00000000F00F00F64
:10C0D0000FF000000FFFF0F0FFF0F00000000F0F76
:10C0E000FF0F00F00000000F00F00F00F000000054
:10C0F0000F00F00F00F00000000F00F00F00F00044
:10C1000000000F00F00F0FF00000000FF0F00F0024
:10C110000000000FF000F000000F0000000000F031
:10C1200000000F00000000000FFFFFFF00000000F4
:10C1300000000000000000D6B70000000000000072
:10C140000000000F000000F0000000000F000000E1
:10C15000F0000000000F000000F0000000000F00E1
:10C160000000F00000000FFFFF0F00F000000000D3
:10C170000F000F00FFFF0000000F000F00F0000095
:10C1800000000F000F00F0000000000F000F00F093
:10C19000000000000F000F00F0000000000FFF0F74
:10C1A00000F00000000FFF000F00F0000000000092
:10C1B000000F00F000000000000FFFFFFFFF000075
:10C1C000000000000000000000B2A8000000000015
:10C1D000000000000000000000F000000000F0007F
:10C1E0000000F0000000000F00FFFFFFFF00000054
:10C1F00000F0F000F00F0000000000F000F00F0071
:10C20000000F0000F000F000000000F000FFFFFF52
:10C21000F000000000F0F0F000F000000000F0F08E
:10C22000F000F00000000F00F00F00F00000000F21
:10C2300000F00F0F00000000F00F0000F000000001
:10C2400000F00F00FF0F0000000000F0FF0000FFF3
:10C250000000000000000000000000CCD80000003A
:10C260000000000000000000F0000F0000000000CF
:10C2700000F0000F0000000000F0F00FFFFFF000E2
:10C280000000F0F0000F0000000000FFFF000F00B2
:10C2900000000000F0F0FFFFFFFF00000F00F000C3
:10C2A000000F0000000000FF00000F000000000F62
:10C2B000F0FFFFFFFF00000FF0F000000F00000094
:10C2C0000000F00F000F0000000000F000F00F0071
:10C2D00000000000F000000F0000000000F0000F60
:10C2E000FF000000000000000000000000C2CA00C3
:10C2F0000000000000000000000000F0000000004E
:10C30000000000000F000000000000FFFFFFFFFF23
:10C31000F000000000000F00000000000F0000F01F
:10C320000F000F000000F00FFFF000F00000000F02
:10C33000000F000F00000000F000F00F00F0000000
:10C340000F000FFFFFF00F00000000000F00F000D3
:10C3500000000FFFFFFFFFFFFF00000000000F00C5
:10C36000000000000000000F0000000000000000BE
:10C370000F0000000000000000000000000000D6D8
:10C38000B50000000000000000000000F0000F00F9
:10C390000000000000F0000F00000000000F0FFF81
:10C3A000FFFFFF0000000F00000F0000000000FF73
:10C3B00000FFFFFFF000000F0F00F00000F0000092
:10C3C000000F00FFFFFFF00000000F00F00000F082
:10C3D0000000000F00FFFFFFF00000000F00F00062
:10C3E00000F00000000F00FFFFFFF00000000F0052
:10C3F000F00000F00000000F00F00000F00000006E
:10C400000F0FFFFFFFFF0000000000000000000012
:10C4100000B9E60000000000000000000000F0008D
:10C4200000000000000000F000FFFFF0000000002E
:10C43000F000F000F0000000FFFFF0F000F000005E
:10C440000000F000F0F0F000000000F000F0F0F06C
:10C4500000000FFFFFF0F0F0F000000000F000F02F
:10C46000F0F000000000F000F0F0F00000000F0F0E
:10C470000000F0000000000F00F00F0F00000000AF
:10C48000F000F00F0F0000000F000000F00F0F0091
:10C49000000000000F0000FF00000000000000008E
:10C4A000000000D4BC000000000000000000000FED
:10C4B0000000F000000000000F0000F0000000008D
:10C4C00000F00F00FFFFFF000000F00F0F00000F53
:10C4D00000000FFFF0F000000F00000000F000006F
:10C4E000000F0000000F0000F0000F000000F0003F
:10C4F000000F000F00000FFFFF000F000F000000F3
:10C5000000000000000F00000000000000000F000D
:10C51000000000FF0000000F00000FFF00000000FF
:10C520000F000000000000000FF0000000000000FD
:10C530000000000000C1E300000000000000000057
:10C54000000FFFFFFFFF0000000000000F000000D1
:10C5500000000FFFFFFFFFFFFF00000F00000F00B4
:10C56000000F00000F0FFF0F0FFF0F000000000073
:10C570000F0000000000000FFF0F0FFF0000000081
:10C58000000FF0FF00000000000FF00000FF0000AF
:10C59000000FF0000F0000FF00000000FFFFFFF0A1
:10C5A000000000000000000F000000000000FFF08D
:10C5B000F0000000000000000FF00000000000008C
:10C5C00000000000000000C6AF00000000000000F6
:10C5D000000000000000000000000000F000FFFF6D
:10C5E000FFFF0000000F0000F00F0000000000F04F
:10C5F000FFFFFFFF0000000000F0F00F0F00000F32
:10C600000000FFFFFFFF000000F00000000000003E
:10C61000000000F00FFFFFF000000000F00000003D
:10C62000000000000F00FFFFFFFF0000000F0000F0
:10C6300000F000000000F0000F00F0F0000000F03B
:10C6400000F000F00F000000000F00FFF00F0000EE
:10C65000000000000000000000D4F6000000000010
:10C6600000000000000F00F00000F00000000F00CC
:10C670000F000F000000000F0FFFFFFFFF00000082
:10C680000F0F000F000F00000FFFFF0F0F0F0F0025
:10C6900000000F0F000F000F0000000F0FFFFFFF43
:10C6A000FF0000000F00000000000000000F00FF6E
:10C6B000FFFFF00000000F00F00000F00000000F8E
:10C6C000F0FFFFFFF000000FF000F00000F00000AE
:10C6D000000000FFFFFFF00000000000F00000F08D
:10C6E0000000000000000000000000D2E600000092
:10C6F000000000000000000F0000000F000000001C
:10C7000000F00000F0000000000000000000000049
:10C71000000FFFFFFFFFFFFF000000000000000010
:10C720000000000000F00000F0000000000F00001A
:10C73000000F00000000F000000000F00000000FFB
:10C74000FFFFFFFF000000000F00F0F00F000000EF
:10C75000000F00F0F00F000000000F00F0F00F00DD
:10C760000000000F00F0F00F0000000FFFFFFFFFC0
:10C77000FFFF0000000000000000000000CDA3004B
:10C7800000000000000000000000F0000F000000AA
:10C79000000000FFFFFFFFFF00000000F0000000AE
:10C7A000000000000F00FFFFFFF00000000F00F08E
:10C7B0000000F0000000FF00FFFFFFF000000F0F7F
:10C7C00000000000000000000F0FFFFFFFFF00004F
:10C7D000000F0F0000000F0000000F00FFFFFFF030
:10C7E0000000000F000000F0000000000F0000003B
:10C7F000F0000000000F000000F0000000000F003B
:10C8000000FFF0000000000000000000000000D663
:10C81000B900000000000000000000000000F0006F
:10C8200000000000000000F0000000000000000018
:10C83000F0000000000000F000F000000000000028
:10C84000F000F0000000000000F000FFFFF000002A
:10C850000000F000F0000000000000F000F0000018
:10C8600000000000F000F0000000000000F000F008
:10C87000000000000000F000F0000000000000F0E8
:10C8800000F0000000000000F000F0000000000FC9
:10C89000FFFFFFFFFFFF000000000000000000009E
:10C8A00000C4AC0000000000000000000000000018
:10C8B00000000000000FFFFFFF000F0000000F004E
:10C8C000F00F000FF000000FF0F0FF000F0F00005E
:10C8D0000F0FFF0F000F0000000FFFFFFF0FFFFF04
:10C8E00000000000F000000F0000000FFFFFFF003D
:10C8F0000F0000000000F000000F0000000000FF2B
:10C90000FF000F0000000FFFF00000F0F00000003B
:10C9100000000000F0F000000F0F0F0F0F00F000FC
:10C92000000F0F0F0F00000F0000000000000000BC
:10C93000000000C8CF00000000000000000000F070
:10C9400000000F00000000000F00000F00000000BA
:10C95000000F00000F00000000000000000F0000AA
:10C9600000000FFF00000F00000000000F00000F8C
:10C9700000000000000F00000F00000000000F008A
:10C9800000F0F0000000000F0000F0F000000000D8
:10C990000F0F00F0F0000000000FF00F000F00007C
:10C9A00000000F000F000F000000000000F000006A
:10C9B000F0000000000F0000000F00000000000069
:10C9C0000000000000B9A600000000000000000008
:10C9D00000000000F00000000000000000F0000077
:10C9E00000000FFFFF00F000000000000F000FFF2D
:10C9F000FFF00000000F0000F000F00000000F004A
:10CA000000F000F00000000F0000F000F000000057
:10CA10000F0000F000F00000000F0000F000F00038
:10CA200000000FFF00F000F000000FF0000F00000A
:10CA3000F000000000000F0000F00000000000F017
:10CA40000000F0000000000F0000FF0000000000E8
:10CA500000000000000000CFE00000000000000027
:10CA600000000000F00000000000000000F000FFE7
:10CA7000FFFF00000000F000F0000F00000FFFFFBC
:10CA8000F0F0000F00000000F000F0000F000000C8
:10CA90000FF000FFFFFF0000000FFF00F0000F008D
:10CAA0000000F0F0F0F0000F000000F0F000FFFFD9
:10CAB000FF00000F00F000F0000F00000000F00089
:10CAC000F0000F00000000F000F0000F0000000078
:10CAD000F000FFFFFF00000000F000F0000F00007A
:10CAE000000000000000000000CEBB0000000000BD
:10CAF000000000000000F000F0000000000000F066
:10CB0000000F000000000000F0000F000000000017
:10CB10000F00FFFFFFF00000000F0000000000000A
:10CB20000000FF0000000F0000000F0F00F0000FDA
:10CB3000000000000F00F0000F000000000F000FC9
:10CB4000000F000000000F000F00F0000000000FB9
:10CB5000000F00F0000000000F000000F0000000D7
:10CB6000000F00000F00000000000F0FFFFFFFFF8D
:10CB70000000000000000000000000B0E60000001F
:10CB800000000000000000000F0000000000000096
:10CB9000F00F000000FF000000F00F00FFFF00009A
:10CBA0000000F00F00F00000000000FFFFF0F000B8
:10CBB00000000000F00000FFFFF0000000F00000A7
:10CBC000F0F0F0000000FFFF00F0F0F0000000F0D7
:10CBD0000F00F0F0F0000000F00F00F0F0F00000A7
:10CBE00000F00F00F00F00000000F00F00F00F0049
:10CBF000000000F00F0F00F0F000000F000FF00F2A
:10CC0000000F0000000000000000000000B1BE00A6
:10CC100000000000000000000000000F0000000005
:10CC2000000000000F00000000000000000F0000E6
:10CC30000000000FFFFFFFFFFFFF0000000000FFEC
:10CC4000F00000000000000F0F0F000000000000C7
:10CC50000F0F0F000000000000F00F00F0000000B8
:10CC6000000F000F000F00000000F0000F0000F0A8
:10CC700000000F00FFFFFFF00F00000000000F009A
:10CC8000000000000000000F000000000000000095
:10CC90000F0000000000000000000000000000B2D3
:10CCA000FA000000000000000000000000F000009A
:10CCB0000000000000000F000000000000FFFFFF68
:10CCC000FFFFF00000000000000000000000000076
:10CCD000F00000F000000000000F000F0000000056
:10CCE00000FFFFFFFFFFFF000000F000000000005A
:10CCF000000000F00000000000000000F000000054
:10CD00000000000000F00000000000000000F00043
:10CD100000000000000000F0000000000000000F14
:10CD20000000000000000000000000000000000003
:10CD300000C6B70000000000000000000000000076
:10CD40000000000000000FFFFFFFFF000000000FC9
:10CD50000000000F000000000F0000000F000000A6
:10CD6000000F0000000F000000000FFFFFFFFF009A
:10CD700000000000000000000000000000000000B3
:10CD8000000000000FFFFFF0FFFFFF00000F00009A
:10CD9000F0F0000F00000F0000F0F0000F00000F97
:10CDA0000000F0F0000F00000FFFFFF0FFFFFF009A
:10CDB000000F0000F0F0000F000000000000000075
:10CDC000000000D0CD0000000000000000000000C6
:10CDD00000000000F0000000FFFFFF0F00F0000067
:10CDE000000F00F00F00F00000000F00F00F00F047
:10CDF00000000FFFFFFFFF00F00000000F00F00F2A
:10CE000000F00000000F00F00000F0000000F00053
:10CE1000F00000F000000F00000F00FFF000000025
:10CE200000000F000000000000FFFFFFFFFFF00008
:10CE3000000000000F00000000000000000F0000D4
:10CE40000000000FFFFFFFFFFFFF000000000000D9
:10CE50000000000000BAC500000000000000000053
:10CE6000000FFFFFFFFF000000000F0000000F0099
:10CE70000000000F0000000F000000000FFFFFFF88
:10CE8000FF000000000000000000000000000000A3
:10CE90000000000000000FFFFFFFFFFFFF00000089
:10CEA000000F0000000000000000F0000000000083
:10CEB00000000FFFFFFFFF00000000000000000F58
:10CEC00000000000000000000F0000000000000053
:10CED000000F000000000000000FF0000000000044
:10CEE00000000000000000C8B700000000000000C3
:10CEF000000000000000F00000000000000000FF43
:10CF0000FFF000000FFFFF0F0000F00000000F0017
:10CF1000F0000F000000000F000FFFFFFF000000F7
:10CF2000F0000F00F00F000000FFFF0F00F00F00F7
:10CF3000000FF00F0FFFFFFF000000F00F0F00F0D9
:10CF40000F000000F00F0F00F00F000000F00F0FB7
:10CF5000FFFFFF000000FFFF0F00F00F000000F0D8
:10CF6000000F00F00F0000000000F00000FF0000C4
:10CF7000000000000000000000B6A8000000000053
:10CF800000000000000000F00000000000000000B1
:10CF90000F00000000000FFFFFFFFFFFFF00000F6A
:10CFA00000000000000F0000000000000000000072
:10CFB00000000FFFFFFFFF0000000000000F000057
:10CFC0000000000000000F0000000000000F000F34
:10CFD0000000000000000F000FFFFF000000000F26
:10CFE000000F0000000000000F000F000000000014
:10CFF00000F0F00F00000000000F000FFFFFFFFF28
:10D000000000000000000000000000BDE200000081
:10D01000000000000000000F000000000000000001
:10D020000FFF00FFFFF0000000F00F000F00F00006
:10D03000000F00F0000F00F0000000FFFFF0F00F05
:10D04000F0000000F0F0F000F000000000F0F0F060
:10D05000F0F000000000FFFFF0FFFFF0000000F024
:10D06000F0FF00F000000000F0F0F000F000000021
:10D0700000FFFFFFFFFFFF000000F0F0F000F000F6
:10D08000000000F0F0F000F00000000F000FF000D2
:10D09000F0000000000000000000000000CBF900DC
:10D0A000000000000000000000000FF0000FF00082
:10D0B0000000FFF000FFF000000000F00000F000B2
:10D0C00000000000F00000F00000000000FFFFF092
:10D0D000F00000000000F000F0FFFFFF000000F093
:10D0E00000F0F00F00000000F000F0F00F00000072
:10D0F00000FFFFF0F00F00000000F00000F00F0054
:10D10000000000F00000F00F00000000F00000F050
:10D110000F00000000F0000F000F0000000F0000E3
:10D12000F0000F000000000000000000000000D32D
:10D13000D0000000000000000000000000F000002F
:10D14000000000000000F000000000000FFFFFFFE3
:10D15000FFFFFF000000000F0000000000000000C3
:10D16000FFFFFFFF000000000FF000000F000000B5
:10D1700000F0F000000F0000000F00FFFFFFFF00B5
:10D1800000000000F000000F0000000000F00000B0
:10D190000F0000000000FFFFFFFF0000000000F094
:10D1A00000000F0000000000F000000F0000000071
:10D1B00000F0000FFF000000000000000000000071
:10D1C00000B9CA0000000000000000000000F000EC
:10D1D0000F000000000000F0000F00000000000041
:10D1E000F0000F000000000FFFFFF00FFFFF000036
:10D1F0000000F000F000F000000000F00F0F00F061
:10D2000000000000F0000F00F0000000FFFFF00F32
:10D2100000F0000000F000F00F0F00000000F00030
:10D22000F00F0F00000000F000F000F00000000020
:10D23000FFFFF00F0F00000000F00000F000F00012
:10D24000000000000F00000F0000000000000000C0
:10D25000000000D5CF00000000000000000000002A
:10D2600000000F000000000FFFF0FFFFFFF00000C4
:10D270000F00F00F000F0000000F00F0FFFFFFFF96
:10D2800000000F0F000000000000000F0F00FFFF64
:10D29000FFF000000F00F0F00000F000000F00F0C1
:10D2A000FFFFFFF000000F00F0F00000F000000FA3
:10D2B00000F0FFFFFFF000000FFF00000F00000074
:10D2C000000F000FFFFFFFFF00000F0000000F0026
:10D2D0000000000F0000000F000000000000000030
:10D2E0000000000000CAC7000000000000000000AD
:10D2F000000FFFFFFFFF000000000F0000000F0005
:10D300000000000FFFFFFFFF000000000F00000003
:10D310000F000000000FFFFFFFFF000000000000F3
:10D320000000000000000FFFFFFFFFFFFF000000F4
:10D3300000000F0000000000000F000F00000000C0
:10D3400000000F000FFFFF000000000F000F0000A3
:10D35000000000000F000F000000000000F0F00FC0
:10D3600000000000000F000FFFFFFFFF00000000A3
:10D3700000000000000000B7F10000000000000005
:10D38000000000000000000000000000FFFFFFFFA1
:10D39000FFF000000000000F00000000000000008F
:10D3A000FF000000000000000F0F0FF00000000061
:10D3B0000FF00F000FF000000FF0000F00000F0043
:10D3C000000000000F0000000000000FFFFFFFFF43
:10D3D000000000000F0000000F000000000F000020
:10D3E000000F000000000F0000000F000000000F01
:10D3F000FFFFFFFF000000000F0000000F00000013
:10D40000000000000000000000C4DA00000000007E
:10D41000000000000000000F0000000000000000FD
:10D420000F00000000000000000F000000000000DE
:10D43000FFFFFFFFFFFF000000F0000F00000F00E4
:10D440000000F0000F00000F000000F000F0F000FE
:10D450000F000000F00F000F000F000000F0F000C0
:10D4600000F00F000000FF0000000F0F000000F0B0
:10D47000000000000F000000F0000000000F00009E
:10D4800000F0000000000F000000F00000000FFF9F
:10D490000000000000000000000000C7B000000015
:10D4A000000000000000000F0000000F000000005E
:10D4B00000F00000F00000000FFFFFFFFFFFFF0083
:10D4C0000000000000000000000000FFFFFF00005F
:10D4D000F0000000F0000F0F00F0000000F0000F5F
:10D4E0000F00F0000000FFFFFF0F00F0000000F051
:10D4F000000F0F00F0000000F0000F0F00F0000020
:10D5000000FFFFFF0F00F0000000F0000F0000F030
:10D51000000000F0000F0000F0000000F00FFF001E
:10D52000FFF00000000000000000000000B6CE0088
:10D530000000000000000000000000F000000000FB
:10D540000000FFFF00FFFF00000000F00000F00FF0
:10D5500000000000F00000F00F00000000FFFF00DE
:10D56000F00F00000000F0000F0000FF000000F0CE
:10D570000000000000000000FFFF0FFFFFF00000B0
:10D5800000F00000F000F0000000F00000F000F0FB
:10D59000000000F0FFF00F0F0000000FFF00000080
:10D5A000F000000000F000000F0F00000000F0008D
:10D5B0000FF000FF0000000000000000000000D796
:10D5C000DC000000000000000000000F0000000F61
:10D5D0000000000000F00000F000000000000F005C
:10D5E0000F00000000000FFFFFFFFF000000000F12
:10D5F0000000000F000000000F0000000F000000FE
:10D60000000F0000000F000000000FFFFFFFFF00F1
:10D6100000000000000000000000000000000F00FB
:10D62000000000000000F000F000F0000000F0F04A
:10D6300000F0000F000000F0F00000F00F00000FFD
:10D64000000FFFFFF00000000000000000000000DD
:10D6500000D5A200000000000000000000F0000063
:10D660000000000000000F0FFFFFFFFF00000000A0
:10D67000000000000F000000F0FFFFFFFF0F0000A0
:10D6800000F0F00F000F0F000000F0F00F000F0F80
:10D69000000000F0FFFFFFFF0F000000F0F00F00A0
:10D6A0000F0F000000F0F00F000F0F000000F0FF60
:10D6B000FFFFFF0F000000F0000F00000F00000050
:10D6C000F0000F00000F000000F0000F00000F003E
:10D6D0000000F0000F0000FF00000000000000004C
:10D6E000000000CDE2000000000000000000000F7C
:10D6F00000000F00000000000F00000F00000000FD
:10D70000000F00000F00000000000FFFF00F0000EE
:10D71000000000F000F00FF000000000F000F00F3B
:10D720000F0000000F0F00F00F00F000000000FFDE
:10D73000000F000F000000000F000F000F0000009E
:10D7400000F0000F000000000000F0000F000000DB
:10D7500000000F00000F0000000000F000000F00AC
:10D760000000000F0000000F00000000000000009B
:10D770000000000000B2BF00000000000000000038
:10D78000000F000000000000000000F00000FFFF9C
:10D79000000000FFFFFF00F00F000000000000008D
:10D7A000F00F000000F0000F00F00F0000000F006D
:10D7B000F000F0F000000FFFFFFFF0F0F0000000BD
:10D7C00000000000F00F00000000000000F00F005B
:10D7D0000000FFFFFF00F00F000000F0000F00F05E
:10D7E0000F000000F0000F00FFF0000000FFFFFF3F
:10D7F00000F000000000F0000F00F000000000004A
:10D8000000000000000000C6F4000000000000005E
:10D810000000000000F000000000000000000F0009
:10D8200000000000000FFFFFFFFFF00000000F00EE
:10D83000000000F00000000F00000000F0000000F9
:10D840000FFFFFFFFFF00000000F000000000000CE
:10D8500000000F00000000000000000F0FFFFFFF9E
:10D86000F00000000F0F000000F0000000F00F00BB
:10D870000000F0000000F00F000000F000000F00BA
:10D880000FFFFFFFF0000000000F000000F000009D
:10D89000000000000000000000B3C900000000000C
:10D8A00000000000000000000F0F0000000000005A
:10D8B000000F00F00000000000000F00000000005A
:10D8C000FFFFFFFFFFFF000000F000000F0000005F
:10D8D0000000F000000F00F0000000FFFFF00F005C
:10D8E000F0000000F000F00F00F0000000F000F089
:10D8F0000F0F00000000F000F00F0F00000000F01C
:10D9000000F000F00F000000F0FF000F0F0F00000C
:10D9100000F00000F000FF00000F00000F00000FFB
:10D920000000000000000000000000000000000FE8
:10D9300000000000000000000F00000000000000D8
:10D94000000F00000000000000000F0000000000B9
:10D950000000000F00000000000000000F000000A9
:10D9600000000000FFFFFFF0000000000F000000BB
:10D970000F00000000F000000000F000000F0000A9
:10D980000000000F0000F0000000000000F000F0B8
:10D9900000FFFFFFF000F000F00F0000000F00F0AC
:10D9A00000F0F000000000F0F0000F0000000000A8
:10D9B0000F0000F0F000000000F0F000F00F000099
:10D9C000000F00F000F000FFFFFFF000F000F0009B
:10D9D0000000000000F0000F00000000000F000039
:10D9E00000F000000000F00000000F0000000F0039
:10D9F00000000000FFFFFFF00000000000000F002B
:10DA0000000000000000000F000000000000000007
:10DA10000F00000000000000000F000000000000E8
:10DA2000FFFFFFFFFFF0000000FFFFFFFFFFF00020
:10DA30000000FFFFFFFFFFF0000000FFFFFFFFFF00
:10DA4000F0000000FFFFFFFFFFF0000000FFFFFFFE
:10DA5000FFFFF0000000FFFFFFFFFFF0000000FFEE
:10DA6000FFFFFFFFF0000000FFFFFFFFFFF00000DF
:10DA700000FFFFFFFFFFF0000000FFFFFFFFFFF0D0
:10DA8000000000FFFFFFFFFFF0000000FFFFFFFFAF
:10DA9000FFF0000000FFFFFFFFFFF0000000FFFFAE
:10DAA000FFFFFFF0000000FFFFFFFFFFF00000009E
:10DAB000FFFFFFFFFFF0000000FFFFFFFFFFF00090
:10DAC0000000FFFFFFFFFFF0000000F0000000007B
:10DAD000F0000000F000000000F0000000F0000086
:10DAE0000000F0000000F000000000F0000000F076
:10DAF00000000000F0000000F000000000F0000056
:10DB000000F000000000F0000000F000000000F055
:10DB1000000000F000000000F0000000F000000035
:10DB200000F0000000F000000000F0000000F00035
:10DB3000000000F0000000F000000000F000000015
:10DB4000F000000000F0000000F000000000F00015
:10DB50000000F000000000F0000000FFFFFFFFFFEA
:10DB6000F000000000000F00000000000000000FA7
:10DB700000000000000000000F0000000000000096
:10DB8000000F00000000000000000F000000000077
:10DB90000000000F00000000000000000F00000067
:10DBA000000000FFFFFFFFFFF0000000F00000009A
:10DBB00000F0000000F000000000F0000000F000A5
:10DBC000000000F0000000F000000000F000000085
:10DBD000F000000000F0000000F000000000F00085
:10DBE0000000F000000000F0000000F00000000065
:10DBF000F0000000F000000000F0000000F0000065
:10DC00000000F0000000F000000000F0000000F054
:10DC100000000000F0000000F000000000F0000034
:10DC200000F000000000F0000000FFFFFFFFFFF029
:10DC300000000000000F00000000000000000F00C6
:10DC4000000000000000000F0000000000000000C5
:10DC50000F00000000000000000F000000000000A6
:10DC6000FFFFFFFFFFF000000000000000000000C9
:10DC700000000000000000000000000000000000A4
:10DC800000000000FFFFFFFFFFF000000000000F9A
:10DC900000000000000000000F0000000000000075
:10DCA000000F0000000000F000000F000000F00076
:10DCB000F000000F000000F000FFFFFFFFFFFFFF7C
:10DCC000F0000000000F00000000000000000F0046
:10DCD000000000000000000F000000000000000035
:10DCE0000F000000000000FFFFFFFFFFF00000003A
:10DCF000FFFFFFFFFFF0000000FFFFFFFFFFF0004E
:10DD00000000FFFFFFFFFFF0000000FFFFFFFFFF2D
:10DD1000F0000000FFFFFFFFFFF0000000FFFFFF2B
:10DD2000FFFFF0000000FFFFFFFFFFF0000000FF1B
:10DD3000FFFFFFFFF0000000FFFFFFFFFFF000000C
:10DD400000FFFFFFFFFFF0000000FFFFFFFFFFF0FD
:10DD5000000000FFFFFFFFFFF0000000FFFFFFFFDC
:10DD6000FFF0000000FFFFFFFFFFF0000000FFFFDB
:10DD7000FFFFFFF000000000000F000000000000A7
:10DD800000000F00000000000000000F0000000075
:10DD9000000000000F00000000000000000F000065
:10DDA00000000000FFFFFFFFFFF000000000000088
:10DDB0000000000000000000000000000000000063
:10DDC0000000000000000000FFFFFFFFFFF0000068
:10DDD0000000000F00000000000000000F00000025
:10DDE00000000000000F0000000000F000000F0025
:10DDF0000000F000F000000F000000F000FFFFFF47
:10DE0000FFFFFFFFF0000000010000000A0000001B
:10DE100064000003E800002710000186A000000055
:10DE200000900044EEF0A3EFF0A3EDF0A3120C4934
:10DE30007B007A007900900051120C49E490005662
:10DE4000F0A3F090004BE060047FFF80027F009021
:10DE5000004CEFF0C3900045E094F0900044E09453
:10DE600000400302E170900046E0C3948074809407
:10DE700080400302E170A3120C29E94A4B700302AF
:10DE8000E17090004AE024F0700302DF1324FE707A
:10DE90000302DF8B240A600302E17090004F7406D6
:10DEA000F0E490005FF0A3F0900959E0FF90005F6C
:10DEB000E0FCA3E0FDC39F7480F8EC64809840030D
:10DEC00002E02E900047120C291206C9FF90800430
:10DED00075F019ED120C1DEC75F019A42583F5836E
:10DEE000E493B5072290005FE0FEA3E0FF7C007D95
:10DEF0001912077674052FF974803EFA7BFF9000A3
:10DF000051120C4902E02E90005FE475F0011208F6
:10DF100013809590004F7409F0E490005FF0A3F037
:10DF2000900972E0FF90005FE0FCA3E0FDC39F74E6
:10DF300080F8EC648098400302E02E900047120CB9
:10DF4000291206C9FF90835675F049ED120C1DEC9D
:10DF500075F049A42583F583E493B5072290005F0B
:10DF6000E0FEA3E0FF7C007D4912077674572FF98D
:10DF700074833EFA7BFF900051120C4902E02E9010
:10DF8000005FE475F001120813809590004F741241
:10DF9000F0900047120C299000011206E270030273
:10DFA000E170E490005FF0A3F0900973E0FEA3E05D
:10DFB000FF90005FE0FCA3E0FDC39FEC9E506F90DC
:10DFC0000047120C291206C9FF90902B75F092EDB4
:10DFD000120C1DEC75F092A42583F583E493B5072C
:10DFE0003F9000011206E2FD90005FE0FEA3E0FF1B
:10DFF00090902C75F092120C1DEE75F092A4258372
:10E00000F583E493B505197C007D92120776742D93
:10E010002FF974903EFA7BFF900051120C49800E4C
:10E0200090005FE475F00112081302DFA92290004E
:10E0300051120C29E94A4B700302E17090004AE04A
:10E0400024F0601C24FE6029240A600302E1709021
:10E05000004DE4F0A37408F09000507418F0802094
:10E0600090004DE4F0A37410F09000507448F080DC
:10E070000F90004DE4F0A37410F09000507490F0F5
:10E0800090004FE075F00384FB900044E0FEA3E0B5
:10E09000FF7C007D03120788A907A3E0FDE92B148C
:10E0A000FC90004DE0A3E02D14FBECD3944F748062
:10E0B000948040027C4FEBD394EF748094804002B4
:10E0C0007BEF7FF412EBACAF0112EBAC7FF612EBFF
:10E0D000ACAF0412EBAC7FF512EBACAF0512EBACBE
:10E0E0007FF712EBACAF0312EBAC7FF812EBAC7F17
:10E0F0008912EBACE9540FFF12EBACE954F0FFC40A
:10E10000540F4410FF12EBAC900046E0540F4460F3
:10E11000FF12EBACE054F0FFC4540F4470FF12EB5D
:10E12000ACE490005EF0900050E0FF90005EE0C331
:10E130009F5038C3900057E09F900056E0940050E5
:10E140002A900051120C29900056E475F001120833
:10E150002985F082F5831206E2FF90004CE06FFF04
:10E1600012EB9F90005EE004F080BB7F8812EBAC66
:10E170002290000CEFF0A3EDF0A3EAF0A3EBF090F7
:10E180000012E0900017F0900013E0900018F0A348
:10E19000E4F0A304F0A3E4F0A304F07BFF90001FDD
:10E1A00074FFF0E4FA900017E0FFEAC39F501A9062
:10E1B0000019E0FEA3E0FF7C007D0A1207769000C4
:10E1C00019EEF0A3EFF00A80DC90001974FFF5F06F
:10E1D000120813E4FA900018E0FFEAC39F501A9067
:10E1E000001BE0FEA3E0FF7C007D0A120776900092
:10E1F0001BEEF0A3EFF00A80DC90001B74FFF5F03B
:10E20000120813900019E0FEA3E0FFD390000FE086
:10E210009F90000EE09E400E900019E0A3E0900059
:10E220000EEEF0A3EFF090001BE0FEA3E0FFD39012
:10E230000011E09F900010E09E400E90001BE0A3B4
:10E24000E0900010EEF0A3EFF0E490001DF09000DD
:10E2500017E0FA90001DE0FFC39A5016900015E0F9
:10E26000B5070790001DE0FB800890001DE004F05A
:10E2700080DC90000EE0FEA3E0FFE4FCFD900022B5
:10E28000120BA2900014E0900026F0A3EAF0A3EB9A
:10E29000F0F46007900016E0FF80027F00900029F4
:10E2A000EFF0A37401F090000DE0FD90000CE0FF92
:10E2B00012E360900017E075F009A4FF90000CE0F5
:10E2C0002FFF90001EF07E0090000DE0FD7BFF7A96
:10E2D000807902900014E090003CF0E4A3F012E496
:10E2E000D390001EE02403FFE490001DF09000187E
:10E2F000E0FB90001DE0FEC39B501F900017E02E36
:10E30000FE900015E0B5060A90001DE090001FF099
:10E31000800890001DE004F080D3C007900010E05A
:10E32000FEA3E0FFE4FCFD900022120BA29000147B
:10E33000E0900026F0A3EBF090001FE0900028F0A2
:10E34000F46007900016E0FF80027F00900029EF44
:10E35000F0A37401F090000DE0FDD00712E36022FD
:10E36000900020EFF0A3EDF090002AE060047F0120
:10E3700080027F0090002CEFF0900027E0700302F5
:10E38000E4D2D3940674809480400302E4D2E490F3
:10E39000002BF0900027E0F990002BE0FFC399409C
:10E3A0000302E4D2C3E99F1490002EF025E025E09B
:10E3B0002405F582E434DEF583120B5190002F1210
:10E3C0000BA290002F120B61900022120B45120934
:10E3D000E1E47B0AFAF9F81209E1900033EBF090DE
:10E3E000002CE07048900027E014FF90002BE0FE26
:10E3F000C39F5039900033E0702DEE75F009A4FFF3
:10E40000900020E02FFF7E00A3E0FD7BFF7A807963
:10E4100000900026E090004AF0900029E090004B28
:10E42000F012DE2102E4C990002C7401F090003358
:10E43000E0243090002DF0900028E0F4704978340A
:10E440007C007D017BFF7ADE791DFE7F0212068152
:10E4500090002DE0900034F090002BE075F009A4BE
:10E46000FF900020E02FFF7E00A3E0FD7B017A00FB
:10E470007934900026E090003CF0900029E0900074
:10E480003DF012E4D38042900028E0FF90002BE0A2
:10E49000FEB507047F0180027F00900034EFF0EEAC
:10E4A00075F009A4FF900020E02FFF7E00A3E0FD9F
:10E4B0007B017A00792D900026E090004AF09000D0
:10E4C00034E090004BF012DE2190002BE004F002CB
:10E4D000E39322900038EDF0A3120C4990003EEE39
:10E4E000F0A3EFF0E4A3F0A3F0EA494B700302E6D7
:10E4F00023C3EF94F0EE9400400302E6239000382B
:10E50000E0C3948074809480400302E62390003C32
:10E51000E0FF64086008EF6410600302E6239000E7
:10E5200039120C29900040E0FEA3E0F5828E8312A0
:10E5300006E2700302E623C39480405F9000391224
:10E540000C29900041E02401FF900040E034008F4E
:10E5500082F5831206E26043900038E0FDA3120CBE
:10E5600029900040E0A3E029F9EA3EFA90004A74BD
:10E5700012F090003DE090004BF090003EE0FEA3D2
:10E58000E0FF12DE2190003EE475F01212081390B5
:10E590000040E475F0021208138072E4900042F02B
:10E5A000A3F090003CE024F0600F24087075900008
:10E5B00042E4F0A37406F08009900042E4F0A374F2
:10E5C00009F0900038E0FDA3120C29900040E0FE15
:10E5D000A3E029F9EA3EFA90003CE090004AF0906E
:10E5E000003DE090004BF090003EE0FEA3E0FF1203
:10E5F000DE21900042E0FEA3E0FF90003EEE8FF0AF
:10E60000120813900040E475F001120813C3900043
:10E610003FE094F090003EE09400500302E51E229B
:10E6200002E51E22900006EDF0A3120C4990000CAA
:10E63000EEF0A3EFF0E4A3F0A3F0EA494B7003027D
:10E64000E774C3EF94F0EE9400400302E774900087
:10E6500006E0C3948074809480400302E7749000C5
:10E660000AE0FF64086008EF6410600302E774903A
:10E670000007120C2990000EE0FEA3E0F5828E83C5
:10E680001206E2700302E774C39480405F900007B3
:10E69000120C2990000FE02401FF90000EE03400DE
:10E6A0008F82F5831206E26043900006E0FDA3121C
:10E6B0000C2990000EE0A3E029F9EA3EFA90004A06
:10E6C0007412F090000BE090004BF090000CE0FE14
:10E6D000A3E0FF12DE2190000CE475F01012081385
:10E6E00090000EE475F0021208138072E49000109E
:10E6F000F0A3F090000AE024F0600F2408707590F9
:10E700000010E4F0A37406F08009900010E4F0A378
:10E710007409F0900006E0FDA3120C2990000EE0B1
:10E72000FEA3E029F9EA3EFA90000AE090004AF0E0
:10E7300090000BE090004BF090000CE0FEA3E0FF97
:10E7400012DE21900010E0FEA3E0FF90000CEE8F9F
:10E75000F012081390000EE475F001120813C39034
:10E76000000DE094F090000CE09400500302E66F7E
:10E770002202E66F22900004EFF0A3EDF090000B70
:10E78000E0700302E896D3940674809480400302FC
:10E79000E896E490000EF090000BE0F990000EE097
:10E7A000FFC399400302E896C3E99F14900010F05C
:10E7B00025E025E0245AF582E43409F583120B455F
:10E7C000900011120BA2900011120B619000061222
:10E7D0000B451209E1EF540FFFE4900015EFF0D361
:10E7E0009409748094805009E0243090000FF080E8
:10E7F0000A900015E0243790000FF090000CE0F430
:10E80000704978167C007D017BFF7ADE791FFE7FE0
:10E810000212068190000FE0900016F090000EE0CA
:10E8200075F009A4FF900004E02FFF7E00A3E0FD37
:10E830007B017A00791690000AE090003CF090008D
:10E840000DE090003DF012E4D3804290000CE0FF18
:10E8500090000EE0FEB507047F0180027F0090006B
:10E8600016EFF0EE75F009A4FF900004E02FFF7E94
:10E8700000A3E0FD7B017A00790F90000AE0900090
:10E880004AF0900016E090004BF012DE2190000E4E
:10E89000E004F002E79722C29212EB8C7FE212EBC7
:10E8A000AC7F057E001270547FEB12EBAC7F2B1215
:10E8B000EBAC7F2512EBAC7F8112EBAC9007AEE0A6
:10E8C000FF12EBAC7FA412EBAC7FA612EBAC7FC4C3
:10E8D00012EBAC7FA112EBAC7FD112EBAC7FD51267
:10E8E000EBAC7F8412EBAC7FC812EBAC7F1012EB69
:10E8F000AC7FF412EBACE4FF12EBAC7FF612EBACA6
:10E900007F4F12EBAC7FF512EBACFF12EBAC7FF755
:10E9100012EBAC7F7F12EBAC7FF812EBAC7F89126D
:10E92000EBAC7FAD12EBAC7F4012EBAC7F5012EB47
:10E93000AC7FC412EBAC7F9012EBACFF12EBAC7F60
:10E940008412EBAC7FF112EBAC7F9F12EBAC7FF249
:10E9500012EBACFF12EBAC7FF312EBAC7F7F12EB50
:10E96000AC7FAD12EBAC12EBC622900020EEF0A310
:10E97000EFF0A3EDF0A3EBF0900020E0FEA3E0FFAA
:10E980007C007D03120788900020EEF0A3EFF0904A
:10E990000020E0A3E0FD540F900027F0ED54F0FFBD
:10E9A000E4C4F854F0C868EFC4540F484410A3F00E
:10E9B000E4FE900023E0FFEEC39F50567F8912EBE8
:10E9C000AC900027E0FF12EBACA3E0FF12EBAC90A1
:10E9D0000022E02E540F4460FF12EBACE02E54F006
:10E9E000FFC4540F4470FF12EBACE4FDEDC3940977
:10E9F000748094805014900024E475F001120C325D
:10EA00001206C9FF12EB9F0D80E27F8812EBAC0E5D
:10EA100080A022C3EB9FFEC313FEEF75F00384FFBB
:10EA2000540FFCEF54F0FFC4540F4410FB7FF4125A
:10EA3000EBACE4FF12EBAC7FF612EBAC7F4F12EBCA
:10EA4000AC7FF512EBACFF12EBAC7FF712EBAC7FB7
:10EA50007F12EBAC7F8912EBAC7F6012EBAC7F7066
:10EA600012EBACFF12EBAC7F1012EBAC7F8912EB18
:10EA7000ACAF0412EBACAF0312EBACED540F44603F
:10EA8000FF12EBACED54F0FFC4540F4470FF12EBD7
:10EA9000ACE4FDEDC39E50087FFF12EB9F0D80F3A9
:10EAA000900023E0600A7FF012EB9FE4FF12EB9FDF
:10EAB0007F8812EBAC22A9077FF412EBACE4FF12C3
:10EAC000EBAC7FF612EBAC7F4F12EBAC7FF512EBA9
:10EAD000ACFF12EBAC7FF712EBAC7F7F12EBAC7F9D
:10EAE0008912EBAC7F6012EBAC7F7012EBACFF12C3
:10EAF000EBAC7F1012EBACFDFCC3ED9480EC94000A
:10EB00005025E4FBFAC3EB9428EA94005012AF01BD
:10EB100012EB9F12EB9F12EB9F0BEB70010A80E54B
:10EB20000DED70010C80D27F8812EBAC229009E4CD
:10EB3000EDF09009E3EFF0640A701EA3E0FFC394C8
:10EB400006748094805012EF25E025E02405F582BC
:10EB5000E434DEF583120B51229009E5120BAE006E
:10EB60000000019009E4E0FF14F0EF6018A3120B1D
:10EB7000619009E3E0FFE4FCFDFE1209569009E50F
:10EB8000120BA280DE9009E5120B4522C2907F0590
:10EB90007E00127054D2907FC87E0012705422C240
:10EBA00092D291C2948FA0D294D29222C292C29158
:10EBB000C2948FA0D294D29222AE077F8112EBAC86
:0CEBC000AF0612EBAC22E4FF12EAB62212
:00000001FF
