#include "font_date.h"


// F8X6  每个字符24字节（直接显示格式）


const FONT_DATA_F8x6 code F8X6[] =
{
	{' ',0x00,0x00,0x00, 0x00,0x00,0x00, 0x00,0x00,0x00, 0x00,0x00,0x00, 0x00,0x00,0x00, 0x00,0x00,0x00, 0x00,0x00,0x00, 0x00,0x00,0x00},			
	{'0',0x0F,0xFF,0x00, 0xF0,0x00,0xF0, 0xF0,0x0F,0xF0, 0xF0,0xF0,0xF0, 0xFF,0x00,0xF0, 0xF0,0x00,0xF0, 0x0F,0xFF,0x00, 0x00,0x00,0x00},
	{'1',0x00,0x0F,0x00, 0x00,0xFF,0x00, 0x00,0x0F,0x00, 0x00,0x0F,0x00, 0x00,0x0F,0x00, 0x00,0x0F,0x00, 0x00,0xFF,0xF0, 0x00,0x00,0x00},		
	{'2',0x0F,0xFF,0x00, 0xF0,0x00,0xF0, 0x00,0x00,0xF0, 0x00,0xFF,0x00, 0x0F,0x00,0x00, 0xF0,0x00,0x00, 0xFF,0xFF,0xF0, 0x00,0x00,0x00},
	{'3',0x0F,0xFF,0x00, 0xF0,0x00,0xF0, 0x00,0x00,0xF0, 0x00,0xFF,0x00, 0x00,0x00,0xF0, 0xF0,0x00,0xF0, 0x0F,0xFF,0x00, 0x00,0x00,0x00},
	{'4',0x00,0x0F,0x00, 0x00,0xFF,0x00, 0x0F,0x0F,0x00, 0xF0,0x0F,0x00, 0xFF,0xFF,0xF0, 0x00,0x0F,0x00, 0x00,0x0F,0x00, 0x00,0x00,0x00},
	{'5',0xFF,0xFF,0xF0, 0xF0,0x00,0x00, 0xFF,0xFF,0x00, 0x00,0x00,0xF0, 0x00,0x00,0xF0, 0xF0,0x00,0xF0, 0x0F,0xFF,0x00, 0x00,0x00,0x00},
	{'6',0x0F,0xFF,0x00, 0xF0,0x00,0xF0, 0xF0,0x00,0x00, 0xFF,0xFF,0x00, 0xF0,0x00,0xF0, 0xF0,0x00,0xF0, 0x0F,0xFF,0x00, 0x00,0x00,0x00},
	{'7',0xFF,0xFF,0xF0, 0x00,0x00,0xF0, 0x00,0x0F,0x00, 0x00,0xF0,0x00, 0x0F,0x00,0x00, 0x0F,0x00,0x00, 0x0F,0x00,0x00, 0x00,0x00,0x00},
	{'8',0x0F,0xFF,0x00, 0xF0,0x00,0xF0, 0xF0,0x00,0xF0, 0x0F,0xFF,0x00, 0xF0,0x00,0xF0, 0xF0,0x00,0xF0, 0x0F,0xFF,0x00, 0x00,0x00,0x00},
	{'9',0x0F,0xFF,0x00, 0xF0,0x00,0xF0, 0xF0,0x00,0xF0, 0x0F,0xFF,0xF0, 0x00,0x00,0xF0, 0x00,0x0F,0x00, 0xFF,0xF0,0x00, 0x00,0x00,0x00},	
	{'.',0x00,0x00,0x00, 0x00,0x00,0x00, 0x00,0x00,0x00, 0x00,0x00,0x00, 0x00,0x00,0x00, 0x00,0xFF,0x00, 0x00,0xFF,0x00, 0x00,0x00,0x00},			
		
		
	{'/',0x00,0x00,0x00, 0x00,0x00,0xF0, 0x00,0x0F,0x00, 0x00,0xF0,0x00, 0x0F,0x00,0x00, 0xF0,0x00,0x00, 0x00,0x00,0x00, 0x00,0x00,0x00},			
	{':',0x00,0x00,0x00, 0x0F,0xF0,0x00, 0x0F,0xF0,0x00, 0x00,0x00,0x00, 0x0F,0xF0,0x00, 0x0F,0xF0,0x00, 0x00,0x00,0x00, 0x00,0x00,0x00},			
	{'Q',0x0F,0xFF,0x00, 0xF0,0x00,0xF0, 0xF0,0x00,0xF0, 0xF0,0x00,0xF0, 0xF0,0xF0,0xF0, 0xF0,0x0F,0x00, 0x0F,0xF0,0xF0, 0x00,0x00,0x00},			
	{'P',0xFF,0xFF,0x00, 0xF0,0x00,0xF0, 0xF0,0x00,0xF0, 0xFF,0xFF,0x00, 0xF0,0x00,0x00, 0xF0,0x00,0x00, 0xF0,0x00,0x00, 0x00,0x00,0x00},	
	{'U',0xF0,0x00,0xF0, 0xF0,0x00,0xF0, 0xF0,0x00,0xF0, 0xF0,0x00,0xF0, 0xF0,0x00,0xF0, 0xF0,0x00,0xF0, 0x0F,0xFF,0x00, 0x00,0x00,0x00},	
		
	{'I',0x0F,0xFF,0x00, 0x00,0xF0,0x00, 0x00,0xF0,0x00, 0x00,0xF0,0x00, 0x00,0xF0,0x00, 0x00,0xF0,0x00, 0x0F,0xFF,0x00, 0x00,0x00,0x00},	
	{'C',0x0F,0xFF,0x00, 0xF0,0x00,0xF0, 0xF0,0x00,0x00, 0xF0,0x00,0x00, 0xF0,0x00,0x00, 0xF0,0x00,0xF0, 0x0F,0xFF,0x00, 0x00,0x00,0x00},	
	{'O',0x0F,0xFF,0x00, 0xF0,0x00,0xF0, 0xF0,0x00,0xF0, 0xF0,0x00,0xF0, 0xF0,0x00,0xF0, 0xF0,0x00,0xF0, 0x0F,0xFF,0x00, 0x00,0x00,0x00},	
	{'S',0x0F,0xFF,0x00, 0xF0,0x00,0xF0, 0xF0,0x00,0x00, 0x0F,0xFF,0x00, 0x00,0x00,0xF0, 0xF0,0x00,0xF0, 0x0F,0xFF,0x00, 0x00,0x00,0x00},	
	{'#',0x00,0x00,0x00, 0x00,0xF0,0x00, 0x0F,0xFF,0x00, 0xF0,0xF0,0xF0, 0xF0,0xF0,0xF0, 0x0F,0xFF,0x00, 0x00,0xF0,0x00, 0x00,0x00,0x00},	
	{'=',0x00,0x00,0x00, 0x00,0x00,0x00, 0xFF,0xFF,0xF0, 0x00,0x00,0x00, 0x00,0x00,0x00, 0xFF,0xFF,0xF0, 0x00,0x00,0x00, 0x00,0x00,0x00},	
	{'K',0xF0,0x00,0xF0, 0xF0,0x0F,0x00, 0xF0,0xF0,0x00, 0xFF,0x00,0x00, 0xF0,0xF0,0x00, 0xF0,0x0F,0x00, 0xF0,0x00,0xF0, 0x00,0x00,0x00},	
	{'M',0xF0,0x00,0xF0, 0xFF,0x0F,0xF0, 0xF0,0xF0,0xF0, 0xF0,0xF0,0xF0, 0xF0,0x00,0xF0, 0xF0,0x00,0xF0, 0xF0,0x00,0xF0, 0x00,0x00,0x00},			
	{'V',0xF0,0x00,0xF0, 0xF0,0x00,0xF0, 0xF0,0x00,0xF0, 0xF0,0x00,0xF0, 0xF0,0x00,0xF0, 0x0F,0x0F,0x00, 0x00,0xF0,0x00, 0x00,0x00,0x00},			
	{'W',0xF0,0x00,0xF0, 0xF0,0x00,0xF0, 0xF0,0x00,0xF0, 0xF0,0xF0,0xF0, 0xF0,0xF0,0xF0, 0xFF,0x0F,0xF0, 0xF0,0x00,0xF0, 0x00,0x00,0x00},			
	{'A',0x00,0xF0,0x00, 0x0F,0x0F,0x00, 0xF0,0x00,0xF0, 0xF0,0x00,0xF0, 0xFF,0xFF,0xF0, 0xF0,0x00,0xF0, 0xF0,0x00,0xF0, 0x00,0x00,0x00},	

	{'a',0x00,0x00,0x00, 0xFF,0xF0,0x00, 0x00,0x0F,0x00, 0x0F,0xFF,0x00, 0xF0,0x0F,0x00, 0xF0,0x0F,0x00, 0x0F,0xF0,0xF0, 0x00,0x00,0x00},			
	{'r',0x00,0x00,0x00, 0xF0,0xFF,0x00, 0x0F,0x00,0xF0, 0x0F,0x00,0x00, 0x0F,0x00,0x00, 0x0F,0x00,0x00, 0x0F,0x00,0x00, 0x00,0x00,0x00},	
		
};	

const unsigned char F8x6_COUNT = (sizeof(F8X6) / sizeof(F8X6[0])); 

// F16X9  每个字符80字节（直接显示格式）

const FONT_DATA_F16x9 code F16X9[] =
{

		{'0',0x00, 0x00, 0x00, 0x00, 0x00, 0x00, 0x00, 0x00, 0x00, 0x00, 0x00, 0x00, 0x00, 0x00, 0x00, 0x00, 
			   0xFF, 0xFF, 0xF0, 0x00, 0x0F, 0xF0, 0x00, 0xFF, 0x00, 0x0F, 0xF0, 0x00, 0xFF, 0x00, 0x0F, 0xF0, 
			   0x0F, 0xFF, 0x00, 0x0F, 0xF0, 0xF0, 0xFF, 0x00, 0x0F, 0xF0, 0xF0, 0xFF, 0x00, 0x0F, 0xFF, 0x00, 
			   0xFF, 0x00, 0x0F, 0xF0, 0x00, 0xFF, 0x00, 0x0F, 0xF0, 0x00, 0xFF, 0x00, 0x00, 0xFF, 0xFF, 0xF0, 
			   0x00, 0x00, 0x00, 0x00, 0x00, 0x00, 0x00, 0x00, 0x00, 0x00, 0x00, 0x00, 0x00, 0x00, 0x00, 0x00},
		{'1',0x00, 0x00, 0x00, 0x00, 0x00, 0x00, 0x00, 0x00, 0x00, 0x00, 0x00, 0x00, 0x00, 0x00, 0x00, 0x00, 
			   0x00, 0xFF, 0x00, 0x00, 0x00, 0x0F, 0xFF, 0x00, 0x00, 0x00, 0xFF, 0xFF, 0x00, 0x00, 0x00, 0x00, 
			   0xFF, 0x00, 0x00, 0x00, 0x00, 0xFF, 0x00, 0x00, 0x00, 0x00, 0xFF, 0x00, 0x00, 0x00, 0x00, 0xFF,
    		 0x00, 0x00, 0x00, 0x00, 0xFF, 0x00, 0x00, 0x00, 0x00, 0xFF, 0x00, 0x00, 0x00, 0xFF, 0xFF, 0xFF, 
		     0x00, 0x00, 0x00, 0x00, 0x00, 0x00, 0x00, 0x00, 0x00, 0x00, 0x00, 0x00, 0x00, 0x00, 0x00, 0x00},		
    {'2',0x00, 0x00, 0x00, 0x00, 0x00, 0x00, 0x00, 0x00, 0x00, 0x00, 0x00, 0x00, 0x00, 0x00, 0x00, 0x00,
   			 0xFF, 0xFF, 0xF0, 0x00, 0x0F, 0xF0, 0x00, 0xFF, 0x00, 0x00, 0x00, 0x00, 0xFF, 0x00, 0x00, 0x00,
 			   0x0F, 0xF0, 0x00, 0x00, 0x00, 0xFF, 0x00, 0x00, 0x00, 0x0F, 0xF0, 0x00, 0x00, 0x00, 0xFF, 0x00,
			   0x00, 0x00, 0x0F, 0xF0, 0x00, 0x00, 0x00, 0x0F, 0xF0, 0x00, 0xFF, 0x00, 0x0F, 0xFF, 0xFF, 0xFF,
		     0x00, 0x00, 0x00, 0x00, 0x00, 0x00, 0x00, 0x00, 0x00, 0x00, 0x00, 0x00, 0x00, 0x00, 0x00, 0x00},				 
		{'3',0x00, 0x00, 0x00, 0x00, 0x00, 0x00, 0x00, 0x00, 0x00, 0x00, 0x00, 0x00, 0x00, 0x00, 0x00, 0x00,
   			 0xFF, 0xFF, 0xF0, 0x00, 0x0F, 0xF0, 0x00, 0xFF, 0x00, 0x00, 0x00, 0x00, 0xFF, 0x00, 0x00, 0x00,
			   0x00, 0xFF, 0x00, 0x00, 0x0F, 0xFF, 0xF0, 0x00, 0x00, 0x00, 0x00, 0xFF, 0x00, 0x00, 0x00, 0x00, 
			   0xFF, 0x00, 0x00, 0x00, 0x00, 0xFF, 0x00, 0x0F, 0xF0, 0x00, 0xFF, 0x00, 0x00, 0xFF, 0xFF, 0xF0, 
			   0x00, 0x00, 0x00, 0x00, 0x00, 0x00, 0x00, 0x00, 0x00, 0x00, 0x00, 0x00, 0x00, 0x00, 0x00, 0x00},
		{'4',0x00, 0x00, 0x00, 0x00, 0x00, 0x00, 0x00, 0x00, 0x00, 0x00, 0x00, 0x00, 0x00, 0x00, 0x00, 0x00, 
			   0x00, 0x0F, 0xF0, 0x00, 0x00, 0x00, 0xFF, 0xF0, 0x00, 0x00, 0x0F, 0xFF, 0xF0, 0x00, 0x00, 0xFF, 
			   0x0F, 0xF0, 0x00, 0x0F, 0xF0, 0x0F, 0xF0, 0x00, 0x0F, 0xFF, 0xFF, 0xFF, 0x00, 0x00, 0x00, 0x0F, 
			   0xF0, 0x00, 0x00, 0x00, 0x0F, 0xF0, 0x00, 0x00, 0x00, 0x0F, 0xF0, 0x00, 0x00, 0x00, 0xFF, 0xFF, 
		     0x00, 0x00, 0x00, 0x00, 0x00, 0x00, 0x00, 0x00, 0x00, 0x00, 0x00, 0x00, 0x00, 0x00, 0x00, 0x00},
		{'5',0x00, 0x00, 0x00, 0x00, 0x00, 0x00, 0x00, 0x00, 0x00, 0x00, 0x00, 0x00, 0x00, 0x00, 0x00, 0x0F,
   			 0xFF, 0xFF, 0xFF, 0x00, 0x0F, 0xF0, 0x00, 0x00, 0x00, 0x0F, 0xF0, 0x00, 0x00, 0x00, 0x0F, 0xF0,
    		 0x00, 0x00, 0x00, 0x0F, 0xFF, 0xFF, 0xF0, 0x00, 0x00, 0x00, 0x0F, 0xFF, 0x00, 0x00, 0x00, 0x00,
  			 0xFF, 0x00, 0x00, 0x00, 0x00, 0xFF, 0x00, 0x0F, 0xF0, 0x00, 0xFF, 0x00, 0x00, 0xFF, 0xFF, 0xF0,
		     0x00, 0x00, 0x00, 0x00, 0x00, 0x00, 0x00, 0x00, 0x00, 0x00, 0x00, 0x00, 0x00, 0x00, 0x00, 0x00},
		{'6',0x00, 0x00, 0x00, 0x00, 0x00, 0x00, 0x00, 0x00, 0x00, 0x00, 0x00, 0x00, 0x00, 0x00, 0x00, 0x00,
			   0x0F, 0xFF, 0x00, 0x00, 0x00, 0xFF, 0x00, 0x00, 0x00, 0x0F, 0xF0, 0x00, 0x00, 0x00, 0x0F, 0xF0,
			   0x00, 0x00, 0x00, 0x0F, 0xFF, 0xFF, 0xF0, 0x00, 0x0F, 0xF0, 0x00, 0xFF, 0x00, 0x0F, 0xF0, 0x00,
			   0xFF, 0x00, 0x0F, 0xF0, 0x00, 0xFF, 0x00, 0x0F, 0xF0, 0x00, 0xFF, 0x00, 0x00, 0xFF, 0xFF, 0xF0,
		     0x00, 0x00, 0x00, 0x00, 0x00, 0x00, 0x00, 0x00, 0x00, 0x00, 0x00, 0x00, 0x00, 0x00, 0x00, 0x00},		
		{'7',0x00, 0x00, 0x00, 0x00, 0x00, 0x00, 0x00, 0x00, 0x00, 0x00, 0x00, 0x00, 0x00, 0x00, 0x00, 0x00,
			   0x0F, 0xFF, 0x00, 0x00, 0x00, 0xFF, 0x00, 0x00, 0x00, 0x0F, 0xF0, 0x00, 0x00, 0x00, 0x0F, 0xF0,
			   0x00, 0x00, 0x00, 0x0F, 0xFF, 0xFF, 0xF0, 0x00, 0x0F, 0xF0, 0x00, 0xFF, 0x00, 0x0F, 0xF0, 0x00,
			   0xFF, 0x00, 0x0F, 0xF0, 0x00, 0xFF, 0x00, 0x0F, 0xF0, 0x00, 0xFF, 0x00, 0x00, 0xFF, 0xFF, 0xF0,
		     0x00, 0x00, 0x00, 0x00, 0x00, 0x00, 0x00, 0x00, 0x00, 0x00, 0x00, 0x00, 0x00, 0x00, 0x00, 0x00},		
    {'8',0x00, 0x00, 0x00, 0x00, 0x00, 0x00, 0x00, 0x00, 0x00, 0x00, 0x00, 0x00, 0x00, 0x00, 0x00, 0x00,
			   0xFF, 0xFF, 0xF0, 0x00, 0x0F, 0xF0, 0x00, 0xFF, 0x00, 0x0F, 0xF0, 0x00, 0xFF, 0x00, 0x0F, 0xF0,
			   0x00, 0xFF, 0x00, 0x00, 0xFF, 0xFF, 0xF0, 0x00, 0x0F, 0xF0, 0x00, 0xFF, 0x00, 0x0F, 0xF0, 0x00,
			   0xFF, 0x00, 0x0F, 0xF0, 0x00, 0xFF, 0x00, 0x0F, 0xF0, 0x00, 0xFF, 0x00, 0x00, 0xFF, 0xFF, 0xF0,
		     0x00, 0x00, 0x00, 0x00, 0x00, 0x00, 0x00, 0x00, 0x00, 0x00, 0x00, 0x00, 0x00, 0x00, 0x00, 0x00},		
    {'9',0x00, 0x00, 0x00, 0x00, 0x00, 0x00, 0x00, 0x00, 0x00, 0x00, 0x00, 0x00, 0x00, 0x00, 0x00, 0x00,
 			   0xFF, 0xFF, 0xF0, 0x00, 0x0F, 0xF0, 0x00, 0xFF, 0x00, 0x0F, 0xF0, 0x00, 0xFF, 0x00, 0x0F, 0xF0,
			   0x00, 0xFF, 0x00, 0x00, 0xFF, 0xFF, 0xFF, 0x00, 0x00, 0x00, 0x00, 0xFF, 0x00, 0x00, 0x00, 0x00,
			   0xFF, 0x00, 0x00, 0x00, 0x00, 0xFF, 0x00, 0x00, 0x00, 0x0F, 0xF0, 0x00, 0x00, 0xFF, 0xFF, 0x00,
			   0x00, 0x00, 0x00, 0x00, 0x00, 0x00, 0x00, 0x00, 0x00, 0x00, 0x00, 0x00, 0x00, 0x00, 0x00, 0x00},
    {'A',0x00, 0x00, 0x00, 0x00, 0x00, 0x00, 0x00, 0x00, 0x00, 0x00, 0x00, 0x00, 0x00, 0x00, 0x00, 0x00,
			   0x00, 0xF0, 0x00, 0x00, 0x00, 0x0F, 0xFF, 0x00, 0x00, 0x00, 0xFF, 0x0F, 0xF0, 0x00, 0x0F, 0xF0,
			   0x00, 0xFF, 0x00, 0x0F, 0xF0, 0x00, 0xFF, 0x00, 0x0F, 0xFF, 0xFF, 0xFF, 0x00, 0x0F, 0xF0, 0x00,
			   0xFF, 0x00, 0x0F, 0xF0, 0x00, 0xFF, 0x00, 0x0F, 0xF0, 0x00, 0xFF, 0x00, 0x0F, 0xF0, 0x00, 0xFF,
			   0x00, 0x00, 0x00, 0x00, 0x00, 0x00, 0x00, 0x00, 0x00, 0x00, 0x00, 0x00, 0x00, 0x00, 0x00, 0x00},		
    {'C',0x00, 0x00, 0x00, 0x00, 0x00, 0x00, 0x00, 0x00, 0x00, 0x00, 0x00, 0x00, 0x00, 0x00, 0x00, 0x00,
			   0x0F, 0xFF, 0xF0, 0x00, 0x00, 0xFF, 0x00, 0xFF, 0x00, 0x0F, 0xF0, 0x00, 0x0F, 0x00, 0x0F, 0xF0,
			   0x00, 0x00, 0x00, 0x0F, 0xF0, 0x00, 0x00, 0x00, 0x0F, 0xF0, 0x00, 0x00, 0x00, 0x0F, 0xF0, 0x00,
			   0x00, 0x00, 0x0F, 0xF0, 0x00, 0x0F, 0x00, 0x00, 0xFF, 0x00, 0xFF, 0x00, 0x00, 0x0F, 0xFF, 0xF0,
			   0x00, 0x00, 0x00, 0x00, 0x00, 0x00, 0x00, 0x00, 0x00, 0x00, 0x00, 0x00, 0x00, 0x00, 0x00, 0x00},	
    {'H',0x00, 0x00, 0x00, 0x00, 0x00, 0x00, 0x00, 0x00, 0x00, 0x00, 0x00, 0x00, 0x00, 0x00, 0x00, 0x0F,
			   0xF0, 0x00, 0xFF, 0x00, 0x0F, 0xF0, 0x00, 0xFF, 0x00, 0x0F, 0xF0, 0x00, 0xFF, 0x00, 0x0F, 0xF0,
			   0x00, 0xFF, 0x00, 0x0F, 0xFF, 0xFF, 0xFF, 0x00, 0x0F, 0xF0, 0x00, 0xFF, 0x00, 0x0F, 0xF0, 0x00,
			   0xFF, 0x00, 0x0F, 0xF0, 0x00, 0xFF, 0x00, 0x0F, 0xF0, 0x00, 0xFF, 0x00, 0x0F, 0xF0, 0x00, 0xFF,
			   0x00, 0x00, 0x00, 0x00, 0x00, 0x00, 0x00, 0x00, 0x00, 0x00, 0x00, 0x00, 0x00, 0x00, 0x00, 0x00},		
    {'M',0x00, 0x00, 0x00, 0x00, 0x00, 0x00, 0x00, 0x00, 0x00, 0x00, 0x00, 0x00, 0x00, 0x00, 0x00, 0x0F,
			   0xF0, 0x00, 0xFF, 0x00, 0x0F, 0xFF, 0x0F, 0xFF, 0x00, 0x0F, 0xFF, 0xFF, 0xFF, 0x00, 0x0F, 0xFF,
			   0xFF, 0xFF, 0x00, 0x0F, 0xF0, 0xF0, 0xFF, 0x00, 0x0F, 0xF0, 0x00, 0xFF, 0x00, 0x0F, 0xF0, 0x00,
			   0xFF, 0x00, 0x0F, 0xF0, 0x00, 0xFF, 0x00, 0x0F, 0xF0, 0x00, 0xFF, 0x00, 0x0F, 0xF0, 0x00, 0xFF,
		     0x00, 0x00, 0x00, 0x00, 0x00, 0x00, 0x00, 0x00, 0x00, 0x00, 0x00, 0x00, 0x00, 0x00, 0x00, 0x00},	
    {'K',0x00, 0x00, 0x00, 0x00, 0x00, 0x00, 0x00, 0x00, 0x00, 0x00, 0x00, 0x00, 0x00, 0x00, 0x00, 0x0F,
			   0xFF, 0x00, 0xFF, 0x00, 0x00, 0xFF, 0x00, 0xFF, 0x00, 0x00, 0xFF, 0x0F, 0xF0, 0x00, 0x00, 0xFF,
			   0x0F, 0xF0, 0x00, 0x00, 0xFF, 0xFF, 0x00, 0x00, 0x00, 0xFF, 0xFF, 0x00, 0x00, 0x00, 0xFF, 0x0F,
			   0xF0, 0x00, 0x00, 0xFF, 0x00, 0xFF, 0x00, 0x00, 0xFF, 0x00, 0xFF, 0x00, 0x0F, 0xFF, 0x00, 0xFF,
			   0x00, 0x00, 0x00, 0x00, 0x00, 0x00, 0x00, 0x00, 0x00, 0x00, 0x00, 0x00, 0x00, 0x00, 0x00, 0x00},		
    {'O',0x00, 0x00, 0x00, 0x00, 0x00, 0x00, 0x00, 0x00, 0x00, 0x00, 0x00, 0x00, 0x00, 0x00, 0x00, 0x00,
			   0x0F, 0xFF, 0x00, 0x00, 0x00, 0xFF, 0x0F, 0xF0, 0x00, 0x0F, 0xF0, 0x00, 0xFF, 0x00, 0x0F, 0xF0,
			   0x00, 0xFF, 0x00, 0x0F, 0xF0, 0x00, 0xFF, 0x00, 0x0F, 0xF0, 0x00, 0xFF, 0x00, 0x0F, 0xF0, 0x00,
			   0xFF, 0x00, 0x0F, 0xF0, 0x00, 0xFF, 0x00, 0x00, 0xFF, 0x0F, 0xF0, 0x00, 0x00, 0x0F, 0xFF, 0x00,
			   0x00, 0x00, 0x00, 0x00, 0x00, 0x00, 0x00, 0x00, 0x00, 0x00, 0x00, 0x00, 0x00, 0x00, 0x00, 0x00},
    {'P',0x00, 0x00, 0x00, 0x00, 0x00, 0x00, 0x00, 0x00, 0x00, 0x00, 0x00, 0x00, 0x00, 0x00, 0x00, 0x0F,
			   0xFF, 0xFF, 0xF0, 0x00, 0x00, 0xFF, 0x00, 0xFF, 0x00, 0x00, 0xFF, 0x00, 0xFF, 0x00, 0x00, 0xFF, 
			   0x00, 0xFF, 0x00, 0x00, 0xFF, 0x00, 0xFF, 0x00, 0x00, 0xFF, 0xFF, 0xF0, 0x00, 0x00, 0xFF, 0x00, 
			   0x00, 0x00, 0x00, 0xFF, 0x00, 0x00, 0x00, 0x00, 0xFF, 0x00, 0x00, 0x00, 0x0F, 0xFF, 0xF0, 0x00, 
			   0x00, 0x00, 0x00, 0x00, 0x00, 0x00, 0x00, 0x00, 0x00, 0x00, 0x00, 0x00, 0x00, 0x00, 0x00, 0x00},
    {'S',0x00, 0x00, 0x00, 0x00, 0x00, 0x00, 0x00, 0x00, 0x00, 0x00, 0x00, 0x00, 0x00, 0x00, 0x00, 0x00, 
			   0xFF, 0xFF, 0xF0, 0x00, 0x0F, 0xF0, 0x00, 0xFF, 0x00, 0x0F, 0xF0, 0x00, 0xFF, 0x00, 0x00, 0xFF, 
			   0x00, 0x00, 0x00, 0x00, 0x0F, 0xFF, 0x00, 0x00, 0x00, 0x00, 0x0F, 0xF0, 0x00, 0x00, 0x00, 0x00, 
			   0xFF, 0x00, 0x0F, 0xF0, 0x00, 0xFF, 0x00, 0x0F, 0xF0, 0x00, 0xFF, 0x00, 0x00, 0xFF, 0xFF, 0xF0, 
			   0x00, 0x00, 0x00, 0x00, 0x00, 0x00, 0x00, 0x00, 0x00, 0x00, 0x00, 0x00, 0x00, 0x00, 0x00, 0x00},		
    {'T',0x00, 0x00, 0x00, 0x00, 0x00, 0x00, 0x00, 0x00, 0x00, 0x00, 0x00, 0x00, 0x00, 0x00, 0x00, 0x00,
			   0xFF, 0xFF, 0xFF, 0x00, 0x00, 0xFF, 0xFF, 0xFF, 0x00, 0x00, 0xF0, 0xFF, 0x0F, 0x00, 0x00, 0x00, 
			   0xFF, 0x00, 0x00, 0x00, 0x00, 0xFF, 0x00, 0x00, 0x00, 0x00, 0xFF, 0x00, 0x00, 0x00, 0x00, 0xFF, 
			   0x00, 0x00, 0x00, 0x00, 0xFF, 0x00, 0x00, 0x00, 0x00, 0xFF, 0x00, 0x00, 0x00, 0x0F, 0xFF, 0xF0, 
			   0x00, 0x00, 0x00, 0x00, 0x00, 0x00, 0x00, 0x00, 0x00, 0x00, 0x00, 0x00, 0x00, 0x00, 0x00, 0x00},				 
				 
    {'V',0x00, 0x00, 0x00, 0x00, 0x00, 0x00, 0x00, 0x00, 0x00, 0x00, 0x00, 0x00, 0x00, 0x00, 0x00, 0x0F, 
			   0xF0, 0x00, 0xFF, 0x00, 0x0F, 0xF0, 0x00, 0xFF, 0x00, 0x0F, 0xF0, 0x00, 0xFF, 0x00, 0x0F, 0xF0, 
			   0x00, 0xFF, 0x00, 0x0F, 0xF0, 0x00, 0xFF, 0x00, 0x0F, 0xF0, 0x00, 0xFF, 0x00, 0x0F, 0xF0, 0x00, 
			   0xFF, 0x00, 0x00, 0xFF, 0x0F, 0xF0, 0x00, 0x00, 0x0F, 0xFF, 0x00, 0x00, 0x00, 0x00, 0xF0, 0x00, 
			   0x00, 0x00, 0x00, 0x00, 0x00, 0x00, 0x00, 0x00, 0x00, 0x00, 0x00, 0x00, 0x00, 0x00, 0x00, 0x00},
    {'a',0x00, 0x00, 0x00, 0x00, 0x00, 0x00, 0x00, 0x00, 0x00, 0x00, 0x00, 0x00, 0x00, 0x00, 0x00, 0x00, 
			   0x00, 0x00, 0x00, 0x00, 0x00, 0x00, 0x00, 0x00, 0x00, 0x00, 0x00, 0x00, 0x00, 0x00, 0x00, 0xFF, 
			   0xFF, 0x00, 0x00, 0x00, 0x00, 0x0F, 0xF0, 0x00, 0x00, 0xFF, 0xFF, 0xF0, 0x00, 0x0F, 0xF0, 0x0F, 
			   0xF0, 0x00, 0x0F, 0xF0, 0x0F, 0xF0, 0x00, 0x0F, 0xF0, 0x0F, 0xF0, 0x00, 0x00, 0xFF, 0xF0, 0x0F, 
			   0x00, 0x00, 0x00, 0x00, 0x00, 0x00, 0x00, 0x00, 0x00, 0x00, 0x00, 0x00, 0x00, 0x00, 0x00, 0x00},
    {'b',0x00, 0x00, 0x00, 0x00, 0x00, 0x00, 0x00, 0x00, 0x00, 0x00, 0x00, 0x00, 0x00, 0x00, 0x00, 0x0F, 
			   0xFF, 0x00, 0x00, 0x00, 0x00, 0xFF, 0x00, 0x00, 0x00, 0x00, 0xFF, 0x00, 0x00, 0x00, 0x00, 0xFF, 
			   0xFF, 0x00, 0x00, 0x00, 0xFF, 0x0F, 0xF0, 0x00, 0x00, 0xFF, 0x00, 0xFF, 0x00, 0x00, 0xFF, 0x00, 
			   0xFF, 0x00, 0x00, 0xFF, 0x00, 0xFF, 0x00, 0x00, 0xFF, 0x00, 0xFF, 0x00, 0x0F, 0xF0, 0xFF, 0xF0, 
			   0x00, 0x00, 0x00, 0x00, 0x00, 0x00, 0x00, 0x00, 0x00, 0x00, 0x00, 0x00, 0x00, 0x00, 0x00, 0x00},
    {'d',0x00, 0x00, 0x00, 0x00, 0x00, 0x00, 0x00, 0x00, 0x00, 0x00, 0x00, 0x00, 0x00, 0x00, 0x00, 0x00, 
			   0x00, 0xFF, 0xF0, 0x00, 0x00, 0x00, 0x0F, 0xF0, 0x00, 0x00, 0x00, 0x0F, 0xF0, 0x00, 0x00, 0x0F, 
			   0xFF, 0xF0, 0x00, 0x00, 0xFF, 0x0F, 0xF0, 0x00, 0x0F, 0xF0, 0x0F, 0xF0, 0x00, 0x0F, 0xF0, 0x0F, 
			   0xF0, 0x00, 0x0F, 0xF0, 0x0F, 0xF0, 0x00, 0x0F, 0xF0, 0x0F, 0xF0, 0x00, 0x00, 0xFF, 0xF0, 0xFF, 
			   0x00, 0x00, 0x00, 0x00, 0x00, 0x00, 0x00, 0x00, 0x00, 0x00, 0x00, 0x00, 0x00, 0x00, 0x00, 0x00},
				 
    {'m',0x00, 0x00, 0x00, 0x00, 0x00, 0x00, 0x00, 0x00, 0x00, 0x00, 0x00, 0x00, 0x00, 0x00, 0x00, 0x00, 
			   0x00, 0x00, 0x00, 0x00, 0x00, 0x00, 0x00, 0x00, 0x00, 0x00, 0x00, 0x00, 0x00, 0x00, 0x0F, 0xFF, 
			   0x0F, 0xF0, 0x00, 0x0F, 0xFF, 0xFF, 0xFF, 0x00, 0x0F, 0xF0, 0xF0, 0xFF, 0x00, 0x0F, 0xF0, 0xF0, 
			   0xFF, 0x00, 0x0F, 0xF0, 0xF0, 0xFF, 0x00, 0x0F, 0xF0, 0xF0, 0xFF, 0x00, 0x0F, 0xF0, 0xF0, 0xFF, 
			   0x00, 0x00, 0x00, 0x00, 0x00, 0x00, 0x00, 0x00, 0x00, 0x00, 0x00, 0x00, 0x00, 0x00, 0x00, 0x00},
    {'i',0x00, 0x00, 0x00, 0x00, 0x00, 0x00, 0x00, 0x00, 0x00, 0x00, 0x00, 0x00, 0x00, 0x00, 0x00, 0x00, 
			   0x00, 0xFF, 0x00, 0x00, 0x00, 0x00, 0xFF, 0x00, 0x00, 0x00, 0x00, 0x00, 0x00, 0x00, 0x00, 0x0F, 
			   0xFF, 0x00, 0x00, 0x00, 0x00, 0xFF, 0x00, 0x00, 0x00, 0x00, 0xFF, 0x00, 0x00, 0x00, 0x00, 0xFF, 
			   0x00, 0x00, 0x00, 0x00, 0xFF, 0x00, 0x00, 0x00, 0x00, 0xFF, 0x00, 0x00, 0x00, 0x0F, 0xFF, 0xF0, 
			   0x00, 0x00, 0x00, 0x00, 0x00, 0x00, 0x00, 0x00, 0x00, 0x00, 0x00, 0x00, 0x00, 0x00, 0x00, 0x00},
    {'n',0x00, 0x00, 0x00, 0x00, 0x00, 0x00, 0x00, 0x00, 0x00, 0x00, 0x00, 0x00, 0x00, 0x00, 0x00, 0x00, 
			   0x00, 0x00, 0x00, 0x00, 0x00, 0x00, 0x00, 0x00, 0x00, 0x00, 0x00, 0x00, 0x00, 0x00, 0x0F, 0xF0, 
			   0xFF, 0xF0, 0x00, 0x00, 0xFF, 0x00, 0xFF, 0x00, 0x00, 0xFF, 0x00, 0xFF, 0x00, 0x00, 0xFF, 0x00, 
			   0xFF, 0x00, 0x00, 0xFF, 0x00, 0xFF, 0x00, 0x00, 0xFF, 0x00, 0xFF, 0x00, 0x00, 0xFF, 0x00, 0xFF, 
			   0x00, 0x00, 0x00, 0x00, 0x00, 0x00, 0x00, 0x00, 0x00, 0x00, 0x00, 0x00, 0x00, 0x00, 0x00, 0x00},		

    {'o',0x00, 0x00, 0x00, 0x00, 0x00, 0x00, 0x00, 0x00, 0x00, 0x00, 0x00, 0x00, 0x00, 0x00, 0x00, 0x00, 
			   0x00, 0x00, 0x00, 0x00, 0x00, 0x00, 0x00, 0x00, 0x00, 0x00, 0x00, 0x00, 0x00, 0x00, 0x00, 0xFF, 
			   0xFF, 0xF0, 0x00, 0x0F, 0xF0, 0x00, 0xFF, 0x00, 0x0F, 0xF0, 0x00, 0xFF, 0x00, 0x0F, 0xF0, 0x00, 
			   0xFF, 0x00, 0x0F, 0xF0, 0x00, 0xFF, 0x00, 0x0F, 0xF0, 0x00, 0xFF, 0x00, 0x00, 0xFF, 0xFF, 0xF0, 
			   0x00, 0x00, 0x00, 0x00, 0x00, 0x00, 0x00, 0x00, 0x00, 0x00, 0x00, 0x00, 0x00, 0x00, 0x00, 0x00},
    {'s',0x00, 0x00, 0x00, 0x00, 0x00, 0x00, 0x00, 0x00, 0x00, 0x00, 0x00, 0x00, 0x00, 0x00, 0x00, 0x00, 
			   0x00, 0x00, 0x00, 0x00, 0x00, 0x00, 0x00, 0x00, 0x00, 0x00, 0x00, 0x00, 0x00, 0x00, 0x00, 0xFF, 
			   0xFF, 0xF0, 0x00, 0x0F, 0xF0, 0x00, 0xFF, 0x00, 0x00, 0xFF, 0x00, 0x00, 0x00, 0x00, 0x0F, 0xFF, 
			   0x00, 0x00, 0x00, 0x00, 0x0F, 0xF0, 0x00, 0x0F, 0xF0, 0x00, 0xFF, 0x00, 0x00, 0xFF, 0xFF, 0xF0, 
			   0x00, 0x00, 0x00, 0x00, 0x00, 0x00, 0x00, 0x00, 0x00, 0x00, 0x00, 0x00, 0x00, 0x00, 0x00, 0x00},

    {'u',0x00, 0x00, 0x00, 0x00, 0x00, 0x00, 0x00, 0x00, 0x00, 0x00, 0x00, 0x00, 0x00, 0x00, 0x00, 0x00, 
			   0x00, 0x00, 0x00, 0x00, 0x00, 0x00, 0x00, 0x00, 0x00, 0x00, 0x00, 0x00, 0x00, 0x00, 0x0F, 0xF0, 
			   0x0F, 0xF0, 0x00, 0x0F, 0xF0, 0x0F, 0xF0, 0x00, 0x0F, 0xF0, 0x0F, 0xF0, 0x00, 0x0F, 0xF0, 0x0F, 
			   0xF0, 0x00, 0x0F, 0xF0, 0x0F, 0xF0, 0x00, 0x0F, 0xF0, 0x0F, 0xF0, 0x00, 0x00, 0xFF, 0xF0, 0xFF, 
			   0x00, 0x00, 0x00, 0x00, 0x00, 0x00, 0x00, 0x00, 0x00, 0x00, 0x00, 0x00, 0x00, 0x00, 0x00, 0x00},

    {'#',0x00, 0x00, 0x00, 0x00, 0x00, 0x00, 0x00, 0x00, 0x00, 0x00, 0x00, 0x0F, 0xFF, 0xF0, 0x00, 0x00, 
			   0x00, 0xFF, 0x00, 0x00, 0x00, 0x00, 0xFF, 0x00, 0x00, 0x00, 0xFF, 0xFF, 0xFF, 0x00, 0x0F, 0x00, 
			   0xFF, 0x00, 0xF0, 0x0F, 0x00, 0xFF, 0x00, 0xF0, 0x0F, 0x00, 0xFF, 0x00, 0xF0, 0x0F, 0x00, 0xFF, 
			   0x00, 0xF0, 0x00, 0xFF, 0xFF, 0xFF, 0x00, 0x00, 0x00, 0xFF, 0x00, 0x00, 0x00, 0x00, 0xFF, 0x00, 
			   0x00, 0x00, 0x0F, 0xFF, 0xF0, 0x00, 0x00, 0x00, 0x00, 0x00, 0x00, 0x00, 0x00, 0x00, 0x00, 0x00},

    {'+',0x00, 0x00, 0x00, 0x00, 0x00, 0x00, 0x00, 0x00, 0x00, 0x00, 0x00, 0x00, 0x00, 0x00, 0x00, 0x00, 
			   0x00, 0x00, 0x00, 0x00, 0x00, 0x00, 0x00, 0x00, 0x00, 0x00, 0x00, 0xF0, 0x00, 0x00, 0x00, 0x00, 
			   0xF0, 0x00, 0x00, 0x00, 0x00, 0xF0, 0x00, 0x00, 0x0F, 0xFF, 0xFF, 0xFF, 0x00, 0x00, 0x00, 0xF0, 
			   0x00, 0x00, 0x00, 0x00, 0xF0, 0x00, 0x00, 0x00, 0x00, 0xF0, 0x00, 0x00, 0x00, 0x00, 0x00, 0x00, 
			   0x00, 0x00, 0x00, 0x00, 0x00, 0x00, 0x00, 0x00, 0x00, 0x00, 0x00, 0x00, 0x00, 0x00, 0x00, 0x00},
    {'-',0x00, 0x00, 0x00, 0x00, 0x00, 0x00, 0x00, 0x00, 0x00, 0x00, 0x00, 0x00, 0x00, 0x00, 0x00, 0x00, 
			   0x00, 0x00, 0x00, 0x00, 0x00, 0x00, 0x00, 0x00, 0x00, 0x00, 0x00, 0x00, 0x00, 0x00, 0x00, 0x00, 
			   0x00, 0x00, 0x00, 0x00, 0x00, 0x00, 0x00, 0x00, 0x0F, 0xFF, 0xFF, 0xFF, 0x00, 0x00, 0x00, 0x00, 
			   0x00, 0x00, 0x00, 0x00, 0x00, 0x00, 0x00, 0x00, 0x00, 0x00, 0x00, 0x00, 0x00, 0x00, 0x00, 0x00, 
			   0x00, 0x00, 0x00, 0x00, 0x00, 0x00, 0x00, 0x00, 0x00, 0x00, 0x00, 0x00, 0x00, 0x00, 0x00, 0x00},
    {'/',0x00, 0x00, 0x00, 0x00, 0x00, 0x00, 0x00, 0x00, 0x00, 0x00, 0x00, 0x00, 0x00, 0x00, 0x00, 0x00, 
			   0x00, 0x00, 0x00, 0x00, 0x00, 0x00, 0x00, 0x0F, 0x00, 0x00, 0x00, 0x00, 0xFF, 0x00, 0x00, 0x00, 
			   0x0F, 0xF0, 0x00, 0x00, 0x00, 0xFF, 0x00, 0x00, 0x00, 0x0F, 0xF0, 0x00, 0x00, 0x00, 0xFF, 0x00, 
			   0x00, 0x00, 0x0F, 0xF0, 0x00, 0x00, 0x00, 0x0F, 0x00, 0x00, 0x00, 0x00, 0x00, 0x00, 0x00, 0x00, 
			   0x00, 0x00, 0x00, 0x00, 0x00, 0x00, 0x00, 0x00, 0x00, 0x00, 0x00, 0x00, 0x00, 0x00, 0x00, 0x00},
 };		
const unsigned char F16x9_COUNT = (sizeof(F16X9) / sizeof(F16X9[0])); 
	
////阴码 列行式 逆向 宽9像素，高16像素
//const u8  code  F16X9[][32]=
//{
// {
//    0x00,0x00,0x00,0x00,0x00,0x00,0x00,0x00,0x00,0x00,0x00,0x00,0x00,0x00,0x00,0x00,
//    0x00,0x00,0x00,0x00,0x00,0x00,0x00,0x00,0x00,0x00,0x00,0x00,0x00,0x00,0x00,0x00, /*' ',0*/
//  },
//  {
//    0x00,0x00,0x10,0x00,0x10,0x00,0x10,0x00,0x10,0x00,0x10,0x00,0x10,0x00,0x10,0x00,
//    0x00,0x00,0x00,0x00,0x10,0x00,0x10,0x00,0x00,0x00,0x00,0x00,0x00,0x00,0x00,0x00, /*'!',1*/
//  },
//  {
//    0x48,0x00,0x48,0x00,0x24,0x00,0x00,0x00,0x00,0x00,0x00,0x00,0x00,0x00,0x00,0x00,
//    0x00,0x00,0x00,0x00,0x00,0x00,0x00,0x00,0x00,0x00,0x00,0x00,0x00,0x00,0x00,0x00, /*'"',2*/
//  },
//  {
//    0x00,0x00,0x90,0x00,0x90,0x00,0x90,0x00,0xFC,0x00,0x48,0x00,0x48,0x00,0x48,0x00,
//    0xFC,0x00,0x48,0x00,0x48,0x00,0x48,0x00,0x00,0x00,0x00,0x00,0x00,0x00,0x00,0x00, /*'#',3*/
//  },
//  {
//    0x20,0x00,0x78,0x00,0xA4,0x00,0xA4,0x00,0x24,0x00,0x38,0x00,0x60,0x00,0xA0,0x00,
//    0xA0,0x00,0xA4,0x00,0xA4,0x00,0x78,0x00,0x20,0x00,0x20,0x00,0x00,0x00,0x00,0x00, /*'$',4*/
//  },
//  {
//    0x00,0x00,0x44,0x00,0x4A,0x00,0x2A,0x00,0x2A,0x00,0x1A,0x00,0x54,0x00,0xB0,0x00,
//    0xA8,0x00,0xA8,0x00,0xA4,0x00,0x44,0x00,0x00,0x00,0x00,0x00,0x00,0x00,0x00,0x00, /*'%',5*/
//  },
//  {
//    0x00,0x00,0x18,0x00,0x24,0x00,0x24,0x00,0x24,0x00,0x14,0x00,0xEC,0x00,0x4A,0x00,
//    0x52,0x00,0x32,0x00,0x22,0x01,0xDC,0x00,0x00,0x00,0x00,0x00,0x00,0x00,0x00,0x00, /*'&',6*/
//  },
//  {
//    0x08,0x00,0x08,0x00,0x04,0x00,0x00,0x00,0x00,0x00,0x00,0x00,0x00,0x00,0x00,0x00,
//    0x00,0x00,0x00,0x00,0x00,0x00,0x00,0x00,0x00,0x00,0x00,0x00,0x00,0x00,0x00,0x00, /*''',7*/
//  },
//  {
//    0x40,0x00,0x20,0x00,0x20,0x00,0x10,0x00,0x10,0x00,0x10,0x00,0x10,0x00,0x10,0x00,
//    0x10,0x00,0x20,0x00,0x20,0x00,0x40,0x00,0x80,0x00,0x00,0x00,0x00,0x00,0x00,0x00, /*'(',8*/
//  },
//  {
//    0x08,0x00,0x10,0x00,0x10,0x00,0x20,0x00,0x20,0x00,0x20,0x00,0x20,0x00,0x20,0x00,
//    0x20,0x00,0x10,0x00,0x10,0x00,0x08,0x00,0x04,0x00,0x00,0x00,0x00,0x00,0x00,0x00, /*')',9*/
//  },
//  {
//    0x00,0x00,0x00,0x00,0x10,0x00,0x10,0x00,0xD6,0x00,0x38,0x00,0x38,0x00,0xD6,0x00,
//    0x10,0x00,0x10,0x00,0x00,0x00,0x00,0x00,0x00,0x00,0x00,0x00,0x00,0x00,0x00,0x00, /*'*',10*/
//  },
//  {
//    0x00,0x00,0x00,0x00,0x00,0x00,0x20,0x00,0x20,0x00,0x20,0x00,0xFC,0x01,0x20,0x00,
//    0x20,0x00,0x20,0x00,0x00,0x00,0x00,0x00,0x00,0x00,0x00,0x00,0x00,0x00,0x00,0x00, /*'+',11*/
//  },
//  {
//    0x00,0x00,0x00,0x00,0x00,0x00,0x00,0x00,0x00,0x00,0x00,0x00,0x00,0x00,0x00,0x00,
//    0x00,0x00,0x00,0x00,0x0C,0x00,0x08,0x00,0x08,0x00,0x04,0x00,0x00,0x00,0x00,0x00, /*',',12*/
//  },
//  {
//    0x00,0x00,0x00,0x00,0x00,0x00,0x00,0x00,0x00,0x00,0x00,0x00,0xFC,0x00,0x00,0x00,
//    0x00,0x00,0x00,0x00,0x00,0x00,0x00,0x00,0x00,0x00,0x00,0x00,0x00,0x00,0x00,0x00, /*'-',13*/
//  },
//  {
//    0x00,0x00,0x00,0x00,0x00,0x00,0x00,0x00,0x00,0x00,0x00,0x00,0x00,0x00,0x00,0x00,
//    0x00,0x00,0x00,0x00,0x0C,0x00,0x0C,0x00,0x00,0x00,0x00,0x00,0x00,0x00,0x00,0x00, /*'.',14*/
//  },
//  {
//    0x80,0x00,0x40,0x00,0x40,0x00,0x40,0x00,0x20,0x00,0x20,0x00,0x10,0x00,0x10,0x00,
//    0x10,0x00,0x08,0x00,0x08,0x00,0x04,0x00,0x04,0x00,0x00,0x00,0x00,0x00,0x00,0x00, /*'/',15*/
//  },
//  {
//    0x00,0x00,0x30,0x00,0x48,0x00,0x84,0x00,0x84,0x00,0x84,0x00,0x84,0x00,0x84,0x00,
//    0x84,0x00,0x84,0x00,0x48,0x00,0x30,0x00,0x00,0x00,0x00,0x00,0x00,0x00,0x00,0x00, /*'0',16*/
//  },
//  {
//    0x00,0x00,0x20,0x00,0x38,0x00,0x20,0x00,0x20,0x00,0x20,0x00,0x20,0x00,0x20,0x00,
//    0x20,0x00,0x20,0x00,0x20,0x00,0xF8,0x00,0x00,0x00,0x00,0x00,0x00,0x00,0x00,0x00, /*'1',17*/
//  },
//  {
//    0x00,0x00,0x78,0x00,0x84,0x00,0x84,0x00,0x84,0x00,0x80,0x00,0x40,0x00,0x20,0x00,
//    0x10,0x00,0x08,0x00,0x84,0x00,0xFC,0x00,0x00,0x00,0x00,0x00,0x00,0x00,0x00,0x00, /*'2',18*/
//  },
//  {
//    0x00,0x00,0x78,0x00,0x84,0x00,0x84,0x00,0x80,0x00,0x40,0x00,0x30,0x00,0x40,0x00,
//    0x80,0x00,0x84,0x00,0x84,0x00,0x78,0x00,0x00,0x00,0x00,0x00,0x00,0x00,0x00,0x00, /*'3',19*/
//  },
//  {
//    0x00,0x00,0x40,0x00,0x60,0x00,0x60,0x00,0x50,0x00,0x48,0x00,0x48,0x00,0x44,0x00,
//    0xFC,0x01,0x40,0x00,0x40,0x00,0xF0,0x01,0x00,0x00,0x00,0x00,0x00,0x00,0x00,0x00, /*'4',20*/
//  },
//  {
//    0x00,0x00,0xFC,0x00,0x04,0x00,0x04,0x00,0x04,0x00,0x3C,0x00,0x44,0x00,0x80,0x00,
//    0x80,0x00,0x84,0x00,0x44,0x00,0x38,0x00,0x00,0x00,0x00,0x00,0x00,0x00,0x00,0x00, /*'5',21*/
//  },
//  {
//    0x00,0x00,0x30,0x00,0x48,0x00,0x04,0x00,0x04,0x00,0x74,0x00,0x8C,0x00,0x84,0x00,
//    0x84,0x00,0x84,0x00,0x88,0x00,0x70,0x00,0x00,0x00,0x00,0x00,0x00,0x00,0x00,0x00, /*'6',22*/
//  },
//  {
//    0x00,0x00,0xFC,0x00,0x84,0x00,0x40,0x00,0x40,0x00,0x20,0x00,0x20,0x00,0x10,0x00,
//    0x10,0x00,0x10,0x00,0x10,0x00,0x10,0x00,0x00,0x00,0x00,0x00,0x00,0x00,0x00,0x00, /*'7',23*/
//  },
//  {
//    0x00,0x00,0x78,0x00,0x84,0x00,0x84,0x00,0x84,0x00,0x48,0x00,0x30,0x00,0x48,0x00,
//    0x84,0x00,0x84,0x00,0x84,0x00,0x78,0x00,0x00,0x00,0x00,0x00,0x00,0x00,0x00,0x00, /*'8',24*/
//  },
//  {
//    0x00,0x00,0x38,0x00,0x44,0x00,0x84,0x00,0x84,0x00,0x84,0x00,0xC4,0x00,0xB8,0x00,
//    0x80,0x00,0x80,0x00,0x48,0x00,0x30,0x00,0x00,0x00,0x00,0x00,0x00,0x00,0x00,0x00, /*'9',25*/
//  },
//  {
//				0x00,0x00,0x00,0x00,0x00,0x00,0x00,0x00,0x06,0x00,0x06,0x00,0x00,0x00,0x00,0x00, 
//       0x00,0x00,0x00,0x00,0x06,0x00,0x06,0x00,0x00,0x00,0x00,0x00,0x00,0x00,0x00,0x00, /*':',26*/
//  },
//  {
//    0x00,0x00,0x00,0x00,0x00,0x00,0x00,0x00,0x00,0x00,0x10,0x00,0x00,0x00,0x00,0x00,
//    0x00,0x00,0x00,0x00,0x00,0x00,0x10,0x00,0x10,0x00,0x10,0x00,0x00,0x00,0x00,0x00, /*';',27*/
//  },
//  {
//    0x00,0x00,0x80,0x00,0x40,0x00,0x20,0x00,0x10,0x00,0x08,0x00,0x04,0x00,0x08,0x00,
//    0x10,0x00,0x20,0x00,0x40,0x00,0x80,0x00,0x00,0x00,0x00,0x00,0x00,0x00,0x00,0x00, /*'<',28*/
//  },
//  {
//    0x00,0x00,0x00,0x00,0x00,0x00,0x00,0x00,0xFC,0x00,0x00,0x00,0x00,0x00,0xFC,0x00,
//    0x00,0x00,0x00,0x00,0x00,0x00,0x00,0x00,0x00,0x00,0x00,0x00,0x00,0x00,0x00,0x00, /*'=',29*/
//  },
//  {
//    0x00,0x00,0x04,0x00,0x08,0x00,0x10,0x00,0x20,0x00,0x40,0x00,0x80,0x00,0x40,0x00,
//    0x20,0x00,0x10,0x00,0x08,0x00,0x04,0x00,0x00,0x00,0x00,0x00,0x00,0x00,0x00,0x00, /*'>',30*/
//  },
//  {
//    0x00,0x00,0x78,0x00,0x84,0x00,0x84,0x00,0x8C,0x00,0x40,0x00,0x20,0x00,0x20,0x00,
//    0x20,0x00,0x00,0x00,0x30,0x00,0x30,0x00,0x00,0x00,0x00,0x00,0x00,0x00,0x00,0x00, /*'?',31*/
//  },
//  {
//    0x00,0x00,0x38,0x00,0x44,0x00,0xB4,0x00,0xAA,0x00,0xAA,0x00,0xAA,0x00,0xAA,0x00,
//    0xAA,0x00,0x74,0x00,0x84,0x00,0x78,0x00,0x00,0x00,0x00,0x00,0x00,0x00,0x00,0x00, /*'@',32*/
//  },
//  {
//    0x00,0x00,0x10,0x00,0x10,0x00,0x30,0x00,0x28,0x00,0x28,0x00,0x48,0x00,0x78,0x00,
//    0x44,0x00,0x84,0x00,0x84,0x00,0xCE,0x01,0x00,0x00,0x00,0x00,0x00,0x00,0x00,0x00, /*'A',33*/
//  },
//  {
//    0x00,0x00,0x3E,0x00,0x44,0x00,0x44,0x00,0x44,0x00,0x3C,0x00,0x44,0x00,0x84,0x00,
//    0x84,0x00,0x84,0x00,0x44,0x00,0x3E,0x00,0x00,0x00,0x00,0x00,0x00,0x00,0x00,0x00, /*'B',34*/
//  },
//  {
//    0x00,0x00,0xF8,0x00,0x84,0x00,0x84,0x00,0x02,0x00,0x02,0x00,0x02,0x00,0x02,0x00,
//    0x02,0x00,0x84,0x00,0x44,0x00,0x38,0x00,0x00,0x00,0x00,0x00,0x00,0x00,0x00,0x00, /*'C',35*/
//  },
//  {
//    0x00,0x00,0x3E,0x00,0x44,0x00,0x84,0x00,0x84,0x00,0x84,0x00,0x84,0x00,0x84,0x00,
//    0x84,0x00,0x84,0x00,0x44,0x00,0x3E,0x00,0x00,0x00,0x00,0x00,0x00,0x00,0x00,0x00, /*'D',36*/
//  },
//  {
//    0x00,0x00,0x7E,0x00,0x84,0x00,0x24,0x00,0x24,0x00,0x3C,0x00,0x24,0x00,0x24,0x00,
//    0x04,0x00,0x84,0x00,0x84,0x00,0x7E,0x00,0x00,0x00,0x00,0x00,0x00,0x00,0x00,0x00, /*'E',37*/
//  },
//  {
//    0x00,0x00,0x7E,0x00,0x84,0x00,0x24,0x00,0x24,0x00,0x3C,0x00,0x24,0x00,0x24,0x00,
//    0x04,0x00,0x04,0x00,0x04,0x00,0x0E,0x00,0x00,0x00,0x00,0x00,0x00,0x00,0x00,0x00, /*'F',38*/
//  },
//  {
//    0x00,0x00,0x78,0x00,0x44,0x00,0x44,0x00,0x02,0x00,0x02,0x00,0x02,0x00,0xE2,0x00,
//    0x42,0x00,0x44,0x00,0x44,0x00,0x38,0x00,0x00,0x00,0x00,0x00,0x00,0x00,0x00,0x00, /*'G',39*/
//  },
//  {
//    0x00,0x00,0xCE,0x01,0x84,0x00,0x84,0x00,0x84,0x00,0x84,0x00,0xFC,0x00,0x84,0x00,
//    0x84,0x00,0x84,0x00,0x84,0x00,0xCE,0x01,0x00,0x00,0x00,0x00,0x00,0x00,0x00,0x00, /*'H',40*/
//  },
//  {
//    0x00,0x00,0x7C,0x00,0x10,0x00,0x10,0x00,0x10,0x00,0x10,0x00,0x10,0x00,0x10,0x00,
//    0x10,0x00,0x10,0x00,0x10,0x00,0x7C,0x00,0x00,0x00,0x00,0x00,0x00,0x00,0x00,0x00, /*'I',41*/
//  },
//  {
//    0x00,0x00,0xF8,0x00,0x20,0x00,0x20,0x00,0x20,0x00,0x20,0x00,0x20,0x00,0x20,0x00,
//    0x20,0x00,0x20,0x00,0x20,0x00,0x20,0x00,0x22,0x00,0x1E,0x00,0x00,0x00,0x00,0x00, /*'J',42*/
//  },
//  {
//    0x00,0x00,0xEE,0x00,0x44,0x00,0x24,0x00,0x14,0x00,0x1C,0x00,0x14,0x00,0x24,0x00,
//    0x24,0x00,0x44,0x00,0x44,0x00,0xEE,0x00,0x00,0x00,0x00,0x00,0x00,0x00,0x00,0x00, /*'K',43*/
//  },
//  {
//    0x00,0x00,0x0E,0x00,0x04,0x00,0x04,0x00,0x04,0x00,0x04,0x00,0x04,0x00,0x04,0x00,
//    0x04,0x00,0x04,0x00,0x84,0x00,0xFE,0x00,0x00,0x00,0x00,0x00,0x00,0x00,0x00,0x00, /*'L',44*/
//  },
//  {
//    0x00,0x00,0xEE,0x00,0x6C,0x00,0x6C,0x00,0x6C,0x00,0x6C,0x00,0x6C,0x00,0x54,0x00,
//    0x54,0x00,0x54,0x00,0x54,0x00,0xD6,0x00,0x00,0x00,0x00,0x00,0x00,0x00,0x00,0x00, /*'M',45*/
//  },
//  {
//    0x00,0x00,0xC6,0x01,0x8C,0x00,0x8C,0x00,0x94,0x00,0x94,0x00,0xA4,0x00,0xA4,0x00,
//    0xA4,0x00,0xC4,0x00,0xC4,0x00,0x8E,0x00,0x00,0x00,0x00,0x00,0x00,0x00,0x00,0x00, /*'N',46*/
//  },
//  {
//    0x00,0x00,0x38,0x00,0x44,0x00,0x82,0x00,0x82,0x00,0x82,0x00,0x82,0x00,0x82,0x00,
//    0x82,0x00,0x82,0x00,0x44,0x00,0x38,0x00,0x00,0x00,0x00,0x00,0x00,0x00,0x00,0x00, /*'O',47*/
//  },
//  {
//    0x00,0x00,0x7E,0x00,0x84,0x00,0x84,0x00,0x84,0x00,0x84,0x00,0x7C,0x00,0x04,0x00,
//    0x04,0x00,0x04,0x00,0x04,0x00,0x0E,0x00,0x00,0x00,0x00,0x00,0x00,0x00,0x00,0x00, /*'P',48*/
//  },
//  {
//    0x00,0x00,0x38,0x00,0x44,0x00,0x82,0x00,0x82,0x00,0x82,0x00,0x82,0x00,0x82,0x00,
//    0x82,0x00,0x9A,0x00,0x64,0x00,0x38,0x00,0xC0,0x00,0x00,0x00,0x00,0x00,0x00,0x00, /*'Q',49*/
//  },
//  {
//    0x00,0x00,0x7E,0x00,0x84,0x00,0x84,0x00,0x84,0x00,0x7C,0x00,0x24,0x00,0x24,0x00,
//    0x44,0x00,0x44,0x00,0x84,0x00,0x8E,0x01,0x00,0x00,0x00,0x00,0x00,0x00,0x00,0x00, /*'R',50*/
//  },
//  {
//    0x00,0x00,0xF8,0x00,0x84,0x00,0x84,0x00,0x04,0x00,0x08,0x00,0x30,0x00,0x40,0x00,
//    0x80,0x00,0x84,0x00,0x84,0x00,0x7C,0x00,0x00,0x00,0x00,0x00,0x00,0x00,0x00,0x00, /*'S',51*/
//  },
//  {
//    0x00,0x00,0xFE,0x00,0x92,0x00,0x10,0x00,0x10,0x00,0x10,0x00,0x10,0x00,0x10,0x00,
//    0x10,0x00,0x10,0x00,0x10,0x00,0x38,0x00,0x00,0x00,0x00,0x00,0x00,0x00,0x00,0x00, /*'T',52*/
//  },
//  {
//    0x00,0x00,0xCE,0x01,0x84,0x00,0x84,0x00,0x84,0x00,0x84,0x00,0x84,0x00,0x84,0x00,
//    0x84,0x00,0x84,0x00,0x84,0x00,0x78,0x00,0x00,0x00,0x00,0x00,0x00,0x00,0x00,0x00, /*'U',53*/
//  },
//  {
//    0x00,0x00,0xCE,0x01,0x84,0x00,0x84,0x00,0x44,0x00,0x48,0x00,0x48,0x00,0x28,0x00,
//    0x28,0x00,0x30,0x00,0x10,0x00,0x10,0x00,0x00,0x00,0x00,0x00,0x00,0x00,0x00,0x00, /*'V',54*/
//  },
//  {
//    0x00,0x00,0xD6,0x00,0x54,0x00,0x54,0x00,0x54,0x00,0x54,0x00,0x54,0x00,0x6C,0x00,
//    0x28,0x00,0x28,0x00,0x28,0x00,0x28,0x00,0x00,0x00,0x00,0x00,0x00,0x00,0x00,0x00, /*'W',55*/
//  },
//  {
//    0x00,0x00,0xCE,0x01,0x84,0x00,0x48,0x00,0x48,0x00,0x30,0x00,0x30,0x00,0x30,0x00,
//    0x48,0x00,0x48,0x00,0x84,0x00,0xCE,0x01,0x00,0x00,0x00,0x00,0x00,0x00,0x00,0x00, /*'X',56*/
//  },
//  {
//    0x00,0x00,0xEE,0x00,0x44,0x00,0x44,0x00,0x28,0x00,0x28,0x00,0x10,0x00,0x10,0x00,
//    0x10,0x00,0x10,0x00,0x10,0x00,0x38,0x00,0x00,0x00,0x00,0x00,0x00,0x00,0x00,0x00, /*'Y',57*/
//  },
//  {
//    0x00,0x00,0xFC,0x00,0x42,0x00,0x40,0x00,0x20,0x00,0x20,0x00,0x10,0x00,0x08,0x00,
//    0x08,0x00,0x84,0x00,0x84,0x00,0x7E,0x00,0x00,0x00,0x00,0x00,0x00,0x00,0x00,0x00, /*'Z',58*/
//  },
//  {
//    0x10,0x00,0x10,0x00,0x10,0x00,0x10,0x00,0x10,0x00,0x10,0x00,0x10,0x00,0x10,0x00,
//    0x10,0x00,0x10,0x00,0x10,0x00,0x10,0x00,0xF0,0x00,0x00,0x00,0x00,0x00,0x00,0x00, /*'[',59*/
//  },
//  {
//    0x04,0x00,0x08,0x00,0x08,0x00,0x08,0x00,0x10,0x00,0x10,0x00,0x10,0x00,0x20,0x00,
//    0x20,0x00,0x40,0x00,0x40,0x00,0x40,0x00,0x80,0x00,0x80,0x00,0x00,0x00,0x00,0x00, /*'\',60*/
//  },
//  {
//    0x20,0x00,0x20,0x00,0x20,0x00,0x20,0x00,0x20,0x00,0x20,0x00,0x20,0x00,0x20,0x00,
//    0x20,0x00,0x20,0x00,0x20,0x00,0x20,0x00,0x3C,0x00,0x00,0x00,0x00,0x00,0x00,0x00, /*']',61*/
//  },
//  {
//    0x48,0x00,0x00,0x00,0x00,0x00,0x00,0x00,0x00,0x00,0x00,0x00,0x00,0x00,0x00,0x00,
//    0x00,0x00,0x00,0x00,0x00,0x00,0x00,0x00,0x00,0x00,0x00,0x00,0x00,0x00,0x00,0x00, /*'^',62*/
//  },
//  {
//    0x00,0x00,0x00,0x00,0x00,0x00,0x00,0x00,0x00,0x00,0x00,0x00,0x00,0x00,0x00,0x00,
//    0x00,0x00,0x00,0x00,0x00,0x00,0x00,0x00,0x00,0x00,0xFE,0x01,0x00,0x00,0x00,0x00, /*'_',63*/
//  },
//  {
//    0x10,0x00,0x00,0x00,0x00,0x00,0x00,0x00,0x00,0x00,0x00,0x00,0x00,0x00,0x00,0x00,
//    0x00,0x00,0x00,0x00,0x00,0x00,0x00,0x00,0x00,0x00,0x00,0x00,0x00,0x00,0x00,0x00, /*'`',64*/
//  },
//  {
//    0x00,0x00,0x00,0x00,0x00,0x00,0x00,0x00,0x00,0x00,0x38,0x00,0x44,0x00,0x60,0x00,
//    0x58,0x00,0x44,0x00,0x64,0x00,0xD8,0x00,0x00,0x00,0x00,0x00,0x00,0x00,0x00,0x00, /*'a',65*/
//  },
//  {
//    0x00,0x00,0x00,0x00,0x06,0x00,0x04,0x00,0x04,0x00,0x34,0x00,0x4C,0x00,0x84,0x00,
//    0x84,0x00,0x84,0x00,0x4C,0x00,0x34,0x00,0x00,0x00,0x00,0x00,0x00,0x00,0x00,0x00, /*'b',66*/
//  },
//  {
//    0x00,0x00,0x00,0x00,0x00,0x00,0x00,0x00,0x00,0x00,0x70,0x00,0x88,0x00,0x04,0x00,
//    0x04,0x00,0x04,0x00,0x88,0x00,0x70,0x00,0x00,0x00,0x00,0x00,0x00,0x00,0x00,0x00, /*'c',67*/
//  },
//  {
//    0x00,0x00,0x00,0x00,0xC0,0x00,0x80,0x00,0x80,0x00,0xF8,0x00,0x84,0x00,0x84,0x00,
//    0x84,0x00,0x84,0x00,0xC4,0x00,0xB8,0x01,0x00,0x00,0x00,0x00,0x00,0x00,0x00,0x00, /*'d',68*/
//  },
//  {
//    0x00,0x00,0x00,0x00,0x00,0x00,0x00,0x00,0x00,0x00,0x78,0x00,0x84,0x00,0x84,0x00,
//    0xFC,0x00,0x04,0x00,0x84,0x00,0x78,0x00,0x00,0x00,0x00,0x00,0x00,0x00,0x00,0x00, /*'e',69*/
//  },
//  {
//    0x00,0x00,0x00,0x00,0x60,0x00,0x90,0x00,0x10,0x00,0x7C,0x00,0x10,0x00,0x10,0x00,
//    0x10,0x00,0x10,0x00,0x10,0x00,0x7C,0x00,0x00,0x00,0x00,0x00,0x00,0x00,0x00,0x00, /*'f',70*/
//  },
//  {
//    0x00,0x00,0x00,0x00,0x00,0x00,0x00,0x00,0x00,0x00,0xF8,0x00,0x44,0x00,0x44,0x00,
//    0x38,0x00,0x04,0x00,0x78,0x00,0x84,0x00,0x84,0x00,0x78,0x00,0x00,0x00,0x00,0x00, /*'g',71*/
//  },
//  {
//    0x00,0x00,0x00,0x00,0x06,0x00,0x04,0x00,0x04,0x00,0x74,0x00,0x8C,0x00,0x84,0x00,
//    0x84,0x00,0x84,0x00,0x84,0x00,0xCE,0x01,0x00,0x00,0x00,0x00,0x00,0x00,0x00,0x00, /*'h',72*/
//  },
//  {
//    0x00,0x00,0x18,0x00,0x18,0x00,0x00,0x00,0x00,0x00,0x1C,0x00,0x10,0x00,0x10,0x00,
//    0x10,0x00,0x10,0x00,0x10,0x00,0x7C,0x00,0x00,0x00,0x00,0x00,0x00,0x00,0x00,0x00, /*'i',73*/
//  },
//  {
//    0x00,0x00,0x60,0x00,0x60,0x00,0x00,0x00,0x00,0x00,0x70,0x00,0x40,0x00,0x40,0x00,
//    0x40,0x00,0x40,0x00,0x40,0x00,0x40,0x00,0x44,0x00,0x3C,0x00,0x00,0x00,0x00,0x00, /*'j',74*/
//  },
//  {
//    0x00,0x00,0x00,0x00,0x06,0x00,0x04,0x00,0x04,0x00,0xE4,0x00,0x24,0x00,0x14,0x00,
//    0x1C,0x00,0x24,0x00,0x44,0x00,0xEE,0x00,0x00,0x00,0x00,0x00,0x00,0x00,0x00,0x00, /*'k',75*/
//  },
//  {
//    0x00,0x00,0x10,0x00,0x1C,0x00,0x10,0x00,0x10,0x00,0x10,0x00,0x10,0x00,0x10,0x00,
//    0x10,0x00,0x10,0x00,0x10,0x00,0x7C,0x00,0x00,0x00,0x00,0x00,0x00,0x00,0x00,0x00, /*'l',76*/
//  },
//  {
//    0x00,0x00,0x00,0x00,0x00,0x00,0x00,0x00,0x00,0x00,0xFE,0x00,0x24,0x01,0x24,0x01,
//    0x24,0x01,0x24,0x01,0x24,0x01,0x6E,0x01,0x00,0x00,0x00,0x00,0x00,0x00,0x00,0x00, /*'m',77*/
//  },
//  {
//    0x00,0x00,0x00,0x00,0x00,0x00,0x00,0x00,0x00,0x00,0x76,0x00,0x8C,0x00,0x84,0x00,
//    0x84,0x00,0x84,0x00,0x84,0x00,0xCE,0x01,0x00,0x00,0x00,0x00,0x00,0x00,0x00,0x00, /*'n',78*/
//  },
//  {
//    0x00,0x00,0x00,0x00,0x00,0x00,0x00,0x00,0x00,0x00,0x78,0x00,0x84,0x00,0x84,0x00,
//    0x84,0x00,0x84,0x00,0x84,0x00,0x78,0x00,0x00,0x00,0x00,0x00,0x00,0x00,0x00,0x00, /*'o',79*/
//  },
//  {
//    0x00,0x00,0x00,0x00,0x00,0x00,0x00,0x00,0x00,0x00,0x36,0x00,0x4C,0x00,0x84,0x00,
//    0x84,0x00,0x84,0x00,0x4C,0x00,0x34,0x00,0x04,0x00,0x0E,0x00,0x00,0x00,0x00,0x00, /*'p',80*/
//  },
//  {
//    0x00,0x00,0x00,0x00,0x00,0x00,0x00,0x00,0x00,0x00,0xB0,0x00,0xC8,0x00,0x84,0x00,
//    0x84,0x00,0x84,0x00,0xC8,0x00,0xB0,0x00,0x80,0x00,0xC0,0x01,0x00,0x00,0x00,0x00, /*'q',81*/
//  },
//  {
//    0x00,0x00,0x00,0x00,0x00,0x00,0x00,0x00,0x00,0x00,0xEE,0x00,0x98,0x00,0x08,0x00,
//    0x08,0x00,0x08,0x00,0x08,0x00,0x3E,0x00,0x00,0x00,0x00,0x00,0x00,0x00,0x00,0x00, /*'r',82*/
//  },
//  {
//    0x00,0x00,0x00,0x00,0x00,0x00,0x00,0x00,0x00,0x00,0xF8,0x00,0x84,0x00,0x04,0x00,
//    0x78,0x00,0x80,0x00,0x84,0x00,0x7C,0x00,0x00,0x00,0x00,0x00,0x00,0x00,0x00,0x00, /*'s',83*/
//  },
//  {
//    0x00,0x00,0x00,0x00,0x00,0x00,0x10,0x00,0x10,0x00,0x7C,0x00,0x10,0x00,0x10,0x00,
//    0x10,0x00,0x10,0x00,0x90,0x00,0x60,0x00,0x00,0x00,0x00,0x00,0x00,0x00,0x00,0x00, /*'t',84*/
//  },
//  {
//    0x00,0x00,0x00,0x00,0x00,0x00,0x00,0x00,0x00,0x00,0xC6,0x00,0x84,0x00,0x84,0x00,
//    0x84,0x00,0x84,0x00,0xC4,0x00,0xB8,0x01,0x00,0x00,0x00,0x00,0x00,0x00,0x00,0x00, /*'u',85*/
//  },
//  {
//    0x00,0x00,0x00,0x00,0x00,0x00,0x00,0x00,0x00,0x00,0xEE,0x00,0x44,0x00,0x44,0x00,
//    0x28,0x00,0x28,0x00,0x10,0x00,0x10,0x00,0x00,0x00,0x00,0x00,0x00,0x00,0x00,0x00, /*'v',86*/
//  },
//  {
//    0x00,0x00,0x00,0x00,0x00,0x00,0x00,0x00,0x00,0x00,0xB6,0x01,0x22,0x01,0xA4,0x00,
//    0xB4,0x00,0x54,0x00,0x48,0x00,0x48,0x00,0x00,0x00,0x00,0x00,0x00,0x00,0x00,0x00, /*'w',87*/
//  },
//  {
//    0x00,0x00,0x00,0x00,0x00,0x00,0x00,0x00,0x00,0x00,0xDC,0x00,0x48,0x00,0x30,0x00,
//    0x30,0x00,0x30,0x00,0x48,0x00,0xEC,0x00,0x00,0x00,0x00,0x00,0x00,0x00,0x00,0x00, /*'x',88*/
//  },
//  {
//    0x00,0x00,0x00,0x00,0x00,0x00,0x00,0x00,0x00,0x00,0xCE,0x01,0x84,0x00,0x48,0x00,
//    0x48,0x00,0x30,0x00,0x30,0x00,0x10,0x00,0x10,0x00,0x0C,0x00,0x00,0x00,0x00,0x00, /*'y',89*/
//  },
//  {
//    0x00,0x00,0x00,0x00,0x00,0x00,0x00,0x00,0x00,0x00,0xFC,0x00,0x44,0x00,0x20,0x00,
//    0x10,0x00,0x10,0x00,0x88,0x00,0xFC,0x00,0x00,0x00,0x00,0x00,0x00,0x00,0x00,0x00, /*'z',90*/
//  },
//  {
//    0x40,0x00,0x40,0x00,0x40,0x00,0x40,0x00,0x40,0x00,0x40,0x00,0x20,0x00,0x40,0x00,
//    0x40,0x00,0x40,0x00,0x40,0x00,0x40,0x00,0x80,0x01,0x00,0x00,0x00,0x00,0x00,0x00, /*'{',91*/
//  },
//  {
//    0x20,0x00,0x20,0x00,0x20,0x00,0x20,0x00,0x20,0x00,0x20,0x00,0x20,0x00,0x20,0x00,
//    0x20,0x00,0x20,0x00,0x20,0x00,0x20,0x00,0x20,0x00,0x20,0x00,0x00,0x00,0x00,0x00, /*'|',92*/
//  },
//  {
//    0x08,0x00,0x08,0x00,0x08,0x00,0x08,0x00,0x08,0x00,0x08,0x00,0x10,0x00,0x08,0x00,
//    0x08,0x00,0x08,0x00,0x08,0x00,0x08,0x00,0x06,0x00,0x00,0x00,0x00,0x00,0x00,0x00, /*'}',93*/
//  },
//  {
//    0x40,0x00,0x00,0x00,0x00,0x00,0x00,0x00,0x00,0x00,0x00,0x00,0x00,0x00,0x00,0x00,
//    0x00,0x00,0x00,0x00,0x00,0x00,0x00,0x00,0x00,0x00,0x00,0x00,0x00,0x00,0x00,0x00, /*'~',94*/
//  },
//  {
//    0x00,0x00,0x00,0x00,0x00,0x00,0x00,0x00,0x00,0x00,0x00,0x00,0x00,0x00,0x00,0x00,
//    0x00,0x00,0x00,0x00,0x00,0x00,0x00,0x00,0x00,0x00,0x00,0x00,0x00,0x00,0x00,0x00, /*'',95*/
//  },
//};




//汉字字模数据(带索引) 宽18像素，高16像素 字体大小14*14
const FONT_DATA code Hzk[] =
{
 {
		 "自",0x00,0x00,0x00,0x00,0x00,0x00,0x00,0x00,0x00,0x00,0x00,0x00,0xF0,0x00,0x00,0x00,
					0x00,0x00,0x00,0x00,0x0F,0x00,0x00,0x00,0x00,0x00,0x00,0x00,0xFF,0xFF,0xFF,0xFF,
					0xFF,0xF0,0x00,0x00,0x00,0xF0,0x00,0x00,0x00,0x00,0xF0,0x00,0x00,0x00,0xF0,0x00,
					0x00,0x00,0x00,0xF0,0x00,0x00,0x00,0xFF,0xFF,0xFF,0xFF,0xFF,0xF0,0x00,0x00,0x00,
					0xF0,0x00,0x00,0x00,0x00,0xF0,0x00,0x00,0x00,0xF0,0x00,0x00,0x00,0x00,0xF0,0x00,
					0x00,0x00,0xF0,0x00,0x00,0x00,0x00,0xF0,0x00,0x00,0x00,0xFF,0xFF,0xFF,0xFF,0xFF,
					0xF0,0x00,0x00,0x00,0xF0,0x00,0x00,0x00,0x00,0xF0,0x00,0x00,0x00,0xF0,0x00,0x00,
					0x00,0x00,0xF0,0x00,0x00,0x00,0xFF,0xFF,0xFF,0xFF,0xFF,0xF0,0x00,0x00,0x00,0xF0,
					0x00,0x00,0x00,0x00,0xF0,0x00,0x00,0x00,0x00,0x00,0x00,0x00,0x00,0x00,0x00,0x00,  /* 0 */ 
  },
  {
    "动", 0x00,0x00,0x00,0x00,0x00,0x00,0x00,0x00,0x00,0x00,0x00,0x00,0x00,0x0F,0x00,0x00,
					0x00,0x00,0x00,0xFF,0xFF,0x00,0x0F,0x00,0x00,0x00,0x00,0x00,0x00,0x00,0x00,0x0F,
					0x00,0x00,0x00,0x00,0x00,0x00,0x00,0x0F,0xFF,0xFF,0xFF,0x00,0x00,0x00,0x00,0x00,
					0x00,0x0F,0x00,0x0F,0x00,0x00,0x0F,0xFF,0xFF,0xF0,0x0F,0x00,0x0F,0x00,0x00,0x00,
					0x0F,0x00,0x00,0x0F,0x00,0x0F,0x00,0x00,0x00,0x0F,0x00,0x00,0x0F,0x00,0x0F,0x00,
					0x00,0x00,0xF0,0x0F,0x00,0x0F,0x00,0x0F,0x00,0x00,0x00,0xF0,0x00,0xF0,0x0F,0x00,
					0x0F,0x00,0x00,0x0F,0xFF,0xFF,0xF0,0xF0,0x00,0x0F,0x00,0x00,0x00,0xF0,0x00,0x00,
					0xF0,0x00,0x0F,0x00,0x00,0x00,0x00,0x00,0x0F,0x00,0x00,0x0F,0x00,0x00,0x00,0x00,
					0x00,0xF0,0x00,0x0F,0xF0,0x00,0x00,0x00,0x00,0x00,0x00,0x00,0x00,0x00,0x00,0x00,  /* 1 */ 
  },
  {
    "时", 0x00,0x00,0x00,0x00,0x00,0x00,0x00,0x00,0x00,0x00,0x00,0x00,0x00,0x00,0x0F,0x00,
					0x00,0x00,0x00,0x00,0x00,0x00,0x00,0x0F,0x00,0x00,0x00,0x0F,0xFF,0xF0,0x00,0x00,
					0x0F,0x00,0x00,0x00,0x0F,0x00,0xF0,0xFF,0xFF,0xFF,0xFF,0xF0,0x00,0x0F,0x00,0xF0,
					0x00,0x00,0x0F,0x00,0x00,0x00,0x0F,0x00,0xF0,0x00,0x00,0x0F,0x00,0x00,0x00,0x0F,
					0xFF,0xF0,0x0F,0x00,0x0F,0x00,0x00,0x00,0x0F,0x00,0xF0,0x00,0xF0,0x0F,0x00,0x00,
					0x00,0x0F,0x00,0xF0,0x00,0xF0,0x0F,0x00,0x00,0x00,0x0F,0x00,0xF0,0x00,0x00,0x0F,
					0x00,0x00,0x00,0x0F,0xFF,0xF0,0x00,0x00,0x0F,0x00,0x00,0x00,0x0F,0x00,0xF0,0x00,
					0x00,0x0F,0x00,0x00,0x00,0x0F,0x00,0x00,0x00,0x0F,0x0F,0x00,0x00,0x00,0x00,0x00,
					0x00,0x00,0x00,0xFF,0x00,0x00,0x00,0x00,0x00,0x00,0x00,0x00,0x00,0x00,0x00,0x00,  /* 2 */ 
  },
  {
    "间", 0x00,0x00,0x00,0x00,0x00,0x00,0x00,0x00,0x00,0x00,0x0F,0x00,0x00,0x00,0x00,0x0F,
					0x00,0x00,0x00,0x00,0xF0,0xFF,0xFF,0xFF,0xFF,0xF0,0x00,0x00,0x00,0xF0,0x00,0x00,
					0x00,0x0F,0x00,0x00,0x00,0xF0,0x00,0x00,0x00,0x00,0x0F,0x00,0x00,0x00,0xF0,0x0F,
					0xFF,0xFF,0xF0,0x0F,0x00,0x00,0x00,0xF0,0x0F,0x00,0x00,0xF0,0x0F,0x00,0x00,0x00,
					0xF0,0x0F,0x00,0x00,0xF0,0x0F,0x00,0x00,0x00,0xF0,0x0F,0xFF,0xFF,0xF0,0x0F,0x00,
					0x00,0x00,0xF0,0x0F,0x00,0x00,0xF0,0x0F,0x00,0x00,0x00,0xF0,0x0F,0x00,0x00,0xF0,
					0x0F,0x00,0x00,0x00,0xF0,0x0F,0xFF,0xFF,0xF0,0x0F,0x00,0x00,0x00,0xF0,0x00,0x00,
					0x00,0x00,0x0F,0x00,0x00,0x00,0xF0,0x00,0x00,0x00,0x0F,0x0F,0x00,0x00,0x00,0xF0,
					0x00,0x00,0x00,0x00,0xF0,0x00,0x00,0x00,0x00,0x00,0x00,0x00,0x00,0x00,0x00,0x00,  /* 3 */ 
  },
  {
    "主", 0x00,0x00,0x00,0xF0,0x00,0x00,0x00,0x00,0x00,0x00,0x00,0x00,0x0F,0xF0,0x00,0x00,
					0x00,0x00,0x00,0x00,0x00,0x00,0xF0,0x00,0xF0,0x00,0x00,0x00,0x0F,0xFF,0xFF,0xFF,
					0xFF,0xFF,0x00,0x00,0x00,0x00,0x00,0x00,0xF0,0x00,0x00,0x00,0x00,0x00,0x00,0x00,
					0x00,0xF0,0x00,0x00,0x00,0x00,0x00,0x00,0x00,0x00,0xF0,0x00,0x00,0x00,0x00,0x00,
					0x00,0x00,0x00,0xF0,0x00,0x00,0x00,0x00,0x00,0x00,0xFF,0xFF,0xFF,0xFF,0xF0,0x00,
					0x00,0x00,0x00,0x00,0x00,0xF0,0x00,0x00,0x00,0x00,0x00,0x00,0x00,0x00,0xF0,0x00,
					0x00,0x00,0x00,0x00,0x00,0x00,0x00,0xF0,0x00,0x00,0x00,0x00,0x00,0x00,0x00,0x00,
					0xF0,0x00,0x00,0x00,0x00,0x00,0x00,0x00,0x00,0xF0,0x00,0x0F,0x00,0x00,0x00,0xFF,
					0xFF,0xFF,0xFF,0xFF,0xFF,0xF0,0x00,0x00,0x00,0x00,0x00,0x00,0x00,0x00,0x00,0x00,  /* 4 */ 
  },
  {
    "菜", 0x00,0x00,0x00,0x00,0x00,0x00,0x00,0x00,0x00,0x00,0x00,0xF0,0x00,0x00,0xF0,0x00,
					0x00,0x00,0x0F,0xFF,0xFF,0xFF,0xFF,0xFF,0xFF,0x00,0x00,0x00,0x00,0xF0,0x00,0x00,
					0xF0,0x00,0x00,0x00,0x00,0x00,0x00,0x00,0x0F,0xFF,0xF0,0x00,0x00,0x00,0xFF,0xFF,
					0xFF,0xF0,0x0F,0x00,0x00,0x00,0x00,0x0F,0x00,0xF0,0x00,0x0F,0x00,0x00,0x00,0x00,
					0x00,0xF0,0x0F,0x00,0xF0,0x00,0x00,0x00,0x00,0x00,0x00,0x0F,0x00,0x00,0x00,0x00,
					0x00,0x0F,0xFF,0xFF,0xFF,0xFF,0xFF,0xFF,0x00,0x00,0x00,0x00,0x00,0xFF,0xF0,0x00,
					0x00,0x00,0x00,0x00,0x00,0x0F,0x0F,0x0F,0x00,0x00,0x00,0x00,0x00,0x0F,0xF0,0x0F,
					0x00,0xFF,0x00,0x00,0x00,0x0F,0xF0,0x00,0x0F,0x00,0x00,0xFF,0x00,0x00,0x00,0x00,
					0x00,0x0F,0x00,0x00,0x00,0x00,0x00,0x00,0x00,0x00,0x00,0x00,0x00,0x00,0x00,0x00,  /* 5 */ 
  },
  {
    "单", 0x00,0x00,0x00,0x00,0x00,0x00,0x00,0x00,0x00,0x00,0x00,0xF0,0x00,0x00,0xF0,0x00,
					0x00,0x00,0x00,0x00,0x0F,0x00,0x0F,0x00,0x00,0x00,0x00,0x00,0x0F,0xFF,0xFF,0xFF,
					0xFF,0x00,0x00,0x00,0x00,0x0F,0x00,0x0F,0x00,0x0F,0x00,0x00,0x00,0x00,0x0F,0x00,
					0x0F,0x00,0x0F,0x00,0x00,0x00,0x00,0x0F,0xFF,0xFF,0xFF,0xFF,0x00,0x00,0x00,0x00,
					0x0F,0x00,0x0F,0x00,0x0F,0x00,0x00,0x00,0x00,0x0F,0x00,0x0F,0x00,0x0F,0x00,0x00,
					0x00,0x00,0x0F,0xFF,0xFF,0xFF,0xFF,0x00,0x00,0x00,0x00,0x00,0x00,0x0F,0x00,0x00,
					0x00,0x00,0x00,0x00,0x00,0x00,0x0F,0x00,0x00,0x00,0x00,0x00,0x0F,0xFF,0xFF,0xFF,
					0xFF,0xFF,0xFF,0x00,0x00,0x00,0x00,0x00,0x0F,0x00,0x00,0x00,0x00,0x00,0x00,0x00,
					0x00,0x0F,0x00,0x00,0x00,0x00,0x00,0x00,0x00,0x00,0x00,0x00,0x00,0x00,0x00,0x00,  /* 6 */ 
  },
  {
    "系", 0x00,0x00,0x00,0x00,0x00,0x00,0x00,0x00,0x00,0x00,0x00,0x00,0x00,0xFF,0xFF,0x00,
					0x00,0x00,0x00,0xFF,0xFF,0xFF,0x00,0x00,0x00,0x00,0x00,0x00,0x00,0x00,0xF0,0x00,
					0x00,0x00,0x00,0x00,0x00,0x00,0x0F,0x00,0x00,0xF0,0x00,0x00,0x00,0x00,0x00,0xF0,
					0x00,0x0F,0x00,0x00,0x00,0x00,0x00,0x0F,0xFF,0xFF,0xF0,0x00,0x00,0x00,0x00,0x00,
					0x00,0x00,0xF0,0x00,0xF0,0x00,0x00,0x00,0x00,0x00,0xFF,0x00,0x00,0x0F,0x00,0x00,
					0x00,0x00,0xFF,0xFF,0xFF,0xFF,0xFF,0xF0,0x00,0x00,0x00,0x00,0x00,0x0F,0x00,0x00,
					0xF0,0x00,0x00,0x00,0x00,0xF0,0x0F,0x00,0xF0,0x00,0x00,0x00,0x00,0x0F,0x00,0x0F,
					0x00,0x0F,0x00,0x00,0x00,0x00,0xF0,0x00,0x0F,0x00,0x00,0xF0,0x00,0x00,0x00,0x00,
					0x0F,0xFF,0x00,0x00,0x00,0x00,0x00,0x00,0x00,0x00,0x00,0x00,0x00,0x00,0x00,0x00,  /* 7 */ 
  },
  {
    "统", 0x00,0x00,0x00,0x00,0x00,0x00,0x00,0x00,0x00,0x00,0x0F,0x00,0x00,0xF0,0x00,0x00,
					0x00,0x00,0x00,0x0F,0x00,0x00,0x0F,0x00,0x00,0x00,0x00,0x00,0xF0,0x00,0x00,0x00,
					0x00,0x00,0x00,0x00,0x0F,0x00,0xF0,0xFF,0xFF,0xFF,0xFF,0x00,0x00,0x0F,0xFF,0xF0,
					0x00,0xF0,0x00,0x00,0x00,0x00,0x00,0x0F,0x00,0x00,0xF0,0x0F,0x00,0x00,0x00,0x00,
					0xF0,0x00,0x0F,0x00,0x00,0xF0,0x00,0x00,0x0F,0x00,0x00,0xFF,0xFF,0xFF,0xF0,0x00,
					0x00,0x0F,0xFF,0xF0,0x00,0xF0,0xF0,0xF0,0x00,0x00,0x00,0x00,0x00,0x00,0xF0,0xF0,
					0x00,0x00,0x00,0x00,0x00,0x00,0x0F,0x00,0xF0,0x00,0x00,0x00,0x00,0x0F,0xF0,0x0F,
					0x00,0xF0,0x0F,0x00,0x00,0x0F,0xF0,0x00,0xF0,0x00,0xF0,0x0F,0x00,0x00,0x00,0x00,
					0x0F,0x00,0x00,0x0F,0xFF,0x00,0x00,0x00,0x00,0x00,0x00,0x00,0x00,0x00,0x00,0x00,  /* 8 */ 
  },
  {
    "设", 0x00,0x00,0x00,0x00,0x00,0x00,0x00,0x00,0x00,0x00,0xF0,0x00,0x00,0x00,0x00,0x00,
					0x00,0x00,0x00,0x0F,0x00,0x0F,0xFF,0xFF,0x00,0x00,0x00,0x00,0x0F,0x00,0x0F,0x00,
					0x0F,0x00,0x00,0x00,0x00,0x00,0x00,0x0F,0x00,0x0F,0x00,0x00,0x00,0x00,0x00,0x00,
					0x0F,0x00,0x0F,0x00,0x00,0x00,0x0F,0xFF,0x00,0xF0,0x00,0x00,0xFF,0x00,0x00,0x00,
					0x0F,0x0F,0x00,0x00,0x00,0x00,0x00,0x00,0x00,0x0F,0x00,0xFF,0xFF,0xFF,0xF0,0x00,
					0x00,0x00,0x0F,0x00,0x0F,0x00,0x00,0xF0,0x00,0x00,0x00,0x0F,0x00,0x0F,0x00,0x0F,
					0x00,0x00,0x00,0x00,0x0F,0x0F,0x00,0xF0,0xF0,0x00,0x00,0x00,0x00,0x0F,0xF0,0x00,
					0x0F,0x00,0x00,0x00,0x00,0x00,0x0F,0x00,0x0F,0xF0,0xFF,0x00,0x00,0x00,0x00,0x00,
					0x0F,0xF0,0x00,0x00,0xFF,0x00,0x00,0x00,0x00,0x00,0x00,0x00,0x00,0x00,0x00,0x00,  /* 9 */ 
  },
  {
    "置", 0x00,0x00,0x00,0x00,0x00,0x00,0x00,0x00,0x00,0x00,0x00,0x00,0x00,0x00,0x00,0xF0,
					0x00,0x00,0x00,0xFF,0xFF,0xFF,0xFF,0xFF,0xFF,0x00,0x00,0x00,0xF0,0x0F,0x00,0x0F,
					0x00,0xF0,0x00,0x00,0x00,0xFF,0xFF,0xFF,0xFF,0xFF,0xF0,0x00,0x00,0x00,0x00,0x00,
					0x0F,0x00,0x00,0x00,0x00,0x00,0x0F,0xFF,0xFF,0xFF,0xFF,0xFF,0xFF,0x00,0x00,0x00,
					0x00,0x00,0x0F,0x00,0x00,0x00,0x00,0x00,0x00,0x0F,0xFF,0xFF,0xFF,0xFF,0x00,0x00,
					0x00,0x00,0x0F,0x00,0x00,0x00,0x0F,0x00,0x00,0x00,0x00,0x0F,0xFF,0xFF,0xFF,0xFF,
					0x00,0x00,0x00,0x00,0x0F,0x00,0x00,0x00,0x0F,0x00,0x00,0x00,0x00,0x0F,0xFF,0xFF,
					0xFF,0xFF,0x00,0x00,0x00,0x00,0x0F,0x00,0x00,0x00,0x0F,0x00,0x00,0x00,0x0F,0xFF,
					0xFF,0xFF,0xFF,0xFF,0xFF,0x00,0x00,0x00,0x00,0x00,0x00,0x00,0x00,0x00,0x00,0x00,  /* 10 */ 
  },
  {
    "参", 0x00,0x00,0x00,0x00,0x00,0x00,0x00,0x00,0x00,0x00,0x00,0x0F,0x00,0x0F,0x00,0x00,
					0x00,0x00,0x00,0x00,0xF0,0x00,0x00,0xF0,0x00,0x00,0x00,0x00,0x0F,0xFF,0xFF,0xFF,
					0xFF,0x00,0x00,0x00,0x00,0x00,0x00,0xF0,0x00,0x00,0x00,0x00,0x00,0x0F,0xFF,0xFF,
					0xFF,0xFF,0xFF,0xFF,0x00,0x00,0x00,0x00,0xF0,0x00,0x00,0xF0,0x00,0x00,0x00,0x00,
					0x0F,0x00,0x00,0xF0,0x0F,0x00,0x00,0x00,0x0F,0xF0,0x00,0xFF,0x00,0x00,0xFF,0x00,
					0x00,0x00,0x0F,0xFF,0x00,0x0F,0x00,0x00,0x00,0x00,0x00,0x00,0x00,0x00,0xF0,0x00,
					0x00,0x00,0x00,0x00,0x00,0x0F,0xFF,0x00,0x0F,0x00,0x00,0x00,0x00,0xFF,0xF0,0x00,
					0x0F,0xF0,0x00,0x00,0x00,0x00,0x00,0x00,0xFF,0xF0,0x00,0x00,0x00,0x00,0x0F,0xFF,
					0xFF,0x00,0x00,0x00,0x00,0x00,0x00,0x00,0x00,0x00,0x00,0x00,0x00,0x00,0x00,0x00,  /* 11 */ 
  },
  {
    "数\xFD",0x00,0x00,0x00,0x00,0x00,0x00,0x00,0x00,0x00,0x00,0x00,0xF0,0x00,0x00,0xF0,0x00,
					0x00,0x00,0x0F,0x00,0xF0,0x0F,0x00,0xF0,0x00,0x00,0x00,0x00,0xF0,0xF0,0xF0,0x00,
					0xF0,0x00,0x00,0x00,0x0F,0xFF,0xFF,0xFF,0x00,0xFF,0xFF,0x00,0x00,0x00,0x0F,0xFF,
					0x00,0x0F,0x00,0xF0,0x00,0x00,0x00,0xF0,0xF0,0xF0,0x0F,0x00,0xF0,0x00,0x00,0x0F,
					0x00,0xF0,0x0F,0xF0,0xF0,0xF0,0x00,0x00,0x00,0x0F,0x00,0x00,0x00,0xF0,0xF0,0x00,
					0x00,0x0F,0xFF,0xFF,0xF0,0x00,0xF0,0xF0,0x00,0x00,0x00,0x0F,0x00,0xF0,0x00,0xF0,
					0xF0,0x00,0x00,0x00,0xFF,0x00,0xF0,0x00,0x0F,0x00,0x00,0x00,0x00,0x00,0xFF,0x00,
					0x00,0x0F,0x00,0x00,0x00,0x00,0x0F,0xF0,0xF0,0x00,0xF0,0xF0,0x00,0x00,0x0F,0xF0,
					0x00,0x0F,0x0F,0x00,0x0F,0x00,0x00,0x00,0x00,0x00,0x00,0x00,0x00,0x00,0x00,0x00,  /* 12 */ 
  },
  {
    "调", 0x00,0x00,0x00,0x00,0x00,0x00,0x00,0x00,0x00,0x0F,0x00,0x00,0x00,0x00,0x00,0x00,
					0x00,0x00,0x00,0xF0,0x00,0xFF,0xFF,0xFF,0xFF,0x00,0x00,0x00,0x0F,0x00,0xF0,0x0F,
					0x00,0x0F,0x00,0x00,0x00,0x00,0x00,0xF0,0x0F,0x00,0x0F,0x00,0x00,0x0F,0xFF,0x00,
					0xF0,0xFF,0xFF,0x0F,0x00,0x00,0x00,0x0F,0x00,0xF0,0x0F,0x00,0x0F,0x00,0x00,0x00,
					0x0F,0x00,0xFF,0xFF,0xFF,0xFF,0x00,0x00,0x00,0x0F,0x00,0xF0,0x00,0x00,0x0F,0x00,
					0x00,0x00,0x0F,0x00,0xF0,0xFF,0xFF,0x0F,0x00,0x00,0x00,0x0F,0x0F,0xF0,0xF0,0x0F,
					0x0F,0x00,0x00,0x00,0x0F,0xF0,0xF0,0xF0,0x0F,0x0F,0x00,0x00,0x00,0x0F,0x00,0xF0,
					0xFF,0xFF,0x0F,0x00,0x00,0x00,0x00,0x00,0xF0,0x00,0x00,0x0F,0x00,0x00,0x00,0x00,
					0x0F,0x00,0x00,0x0F,0xFF,0x00,0x00,0x00,0x00,0x00,0x00,0x00,0x00,0x00,0x00,0x00,  /* 13 */ 
  },
  {
    "试", 0x00,0x00,0x00,0x00,0x00,0x00,0x00,0x00,0x00,0x00,0xF0,0x00,0x00,0x00,0xF0,0xF0,
					0x00,0x00,0x00,0x0F,0x00,0x00,0x00,0xF0,0x0F,0x00,0x00,0x00,0x0F,0x00,0x00,0x00,
					0xF0,0x00,0x00,0x00,0x00,0x00,0x0F,0xFF,0xFF,0xFF,0xFF,0x00,0x00,0x00,0x00,0x00,
					0x00,0x00,0xF0,0x00,0x00,0x00,0x0F,0xFF,0x00,0x00,0x00,0xF0,0x00,0x00,0x00,0x00,
					0x0F,0x00,0xFF,0xF0,0xF0,0x00,0x00,0x00,0x00,0x0F,0x00,0x0F,0x00,0xF0,0x00,0x00,
					0x00,0x00,0x0F,0x00,0x0F,0x00,0xF0,0x00,0x00,0x00,0x00,0x0F,0x00,0x0F,0x00,0x0F,
					0x00,0x00,0x00,0x00,0x0F,0x0F,0x0F,0x00,0x0F,0x0F,0x00,0x00,0x00,0x0F,0xF0,0x0F,
					0xFF,0x0F,0x0F,0x00,0x00,0x00,0x0F,0x0F,0xFF,0x00,0x00,0xFF,0x00,0x00,0x00,0x00,
					0x00,0x00,0x00,0x00,0x0F,0x00,0x00,0x00,0x00,0x00,0x00,0x00,0x00,0x00,0x00,0x00,  /* 14 */ 
  },
  {
    "投", 0x00,0x00,0x00,0x00,0x00,0x00,0x00,0x00,0x00,0x00,0x0F,0x00,0x00,0x00,0x00,0x00,
					0x00,0x00,0x00,0x0F,0x00,0x0F,0xFF,0xFF,0x00,0x00,0x00,0x00,0x0F,0x00,0x0F,0x00,
					0x0F,0x00,0x00,0x00,0x0F,0xFF,0xFF,0x0F,0x00,0x0F,0x00,0x00,0x00,0x00,0x0F,0x00,
					0x0F,0x00,0x0F,0x00,0x00,0x00,0x00,0x0F,0x00,0xF0,0x00,0x00,0xFF,0x00,0x00,0x00,
					0x0F,0x0F,0x00,0x00,0x00,0x00,0x00,0x00,0x00,0x0F,0xF0,0xFF,0xFF,0xFF,0xF0,0x00,
					0x00,0x0F,0xFF,0x00,0x0F,0x00,0x00,0xF0,0x00,0x00,0x00,0x0F,0x00,0x0F,0x00,0x0F,
					0x00,0x00,0x00,0x00,0x0F,0x00,0x00,0xF0,0xF0,0x00,0x00,0x00,0x00,0x0F,0x00,0x00,
					0x0F,0x00,0x00,0x00,0x00,0x00,0x0F,0x00,0x0F,0xF0,0xFF,0x00,0x00,0x00,0x0F,0xFF,
					0x0F,0xF0,0x00,0x00,0xFF,0x00,0x00,0x00,0x00,0x00,0x00,0x00,0x00,0x00,0x00,0x00,  /* 15 */ 
  },
  {
    "切", 0x00,0x00,0x00,0x00,0x00,0x00,0x00,0x00,0x00,0x00,0x0F,0x00,0x00,0x00,0x00,0x00,
					0x00,0x00,0x00,0x0F,0x00,0x0F,0xFF,0xFF,0xFF,0x00,0x00,0x00,0x0F,0x00,0x00,0x0F,
					0x00,0x0F,0x00,0x00,0x00,0x0F,0x00,0x00,0x0F,0x00,0x0F,0x00,0x00,0x00,0x0F,0xFF,
					0xF0,0x0F,0x00,0x0F,0x00,0x00,0x0F,0xFF,0x00,0x00,0x0F,0x00,0x0F,0x00,0x00,0x00,
					0x0F,0x00,0x00,0x0F,0x00,0x0F,0x00,0x00,0x00,0x0F,0x00,0x00,0x0F,0x00,0x0F,0x00,
					0x00,0x00,0x0F,0x00,0xF0,0x0F,0x00,0x0F,0x00,0x00,0x00,0x0F,0x0F,0x00,0xF0,0x00,
					0x0F,0x00,0x00,0x00,0x0F,0xF0,0x00,0xF0,0x00,0x0F,0x00,0x00,0x00,0x0F,0x00,0x0F,
					0x00,0x00,0x0F,0x00,0x00,0x00,0x00,0x00,0xF0,0x00,0x00,0x0F,0x00,0x00,0x00,0x00,
					0x0F,0x00,0x00,0x0F,0xF0,0x00,0x00,0x00,0x00,0x00,0x00,0x00,0x00,0x00,0x00,0x00,  /* 16 */ 
  },

  {
    "事", 0x00,0x00,0x00,0x00,0x00,0x00,0x00,0x00,0x00,0x00,0x00,0x00,0x0F,0x00,0x00,0x00,
					0x00,0x00,0x0F,0xFF,0xFF,0xFF,0xFF,0xFF,0xFF,0x00,0x00,0x00,0x00,0x00,0x0F,0x00,
					0x00,0x00,0x00,0x00,0x00,0x0F,0xFF,0xFF,0xFF,0xFF,0x00,0x00,0x00,0x00,0x0F,0x00,
					0x0F,0x00,0x0F,0x00,0x00,0x00,0x00,0x0F,0xFF,0xFF,0xFF,0xFF,0x00,0x00,0x00,0x00,
					0x00,0x00,0x0F,0x00,0x00,0x00,0x00,0x00,0x00,0x0F,0xFF,0xFF,0xFF,0xFF,0x00,0x00,
					0x00,0x00,0x00,0x00,0x0F,0x00,0x0F,0x00,0x00,0x00,0x0F,0xFF,0xFF,0xFF,0xFF,0xFF,
					0xFF,0x00,0x00,0x00,0x00,0x00,0x0F,0x00,0x0F,0x00,0x00,0x00,0x00,0x0F,0xFF,0xFF,
					0xFF,0xFF,0x00,0x00,0x00,0x00,0x00,0x00,0x0F,0x00,0x00,0x00,0x00,0x00,0x00,0x00,
					0x0F,0xFF,0x00,0x00,0x00,0x00,0x00,0x00,0x00,0x00,0x00,0x00,0x00,0x00,0x00,0x00,  /* 17 */ 
  },
  {
    "件", 0x00,0x00,0x00,0x00,0x00,0x00,0x00,0x00,0x00,0x00,0x00,0xF0,0x00,0x0F,0x00,0x00,
					0x00,0x00,0x00,0x00,0xF0,0xF0,0x0F,0x00,0x00,0x00,0x00,0x00,0x0F,0x00,0xF0,0x0F,
					0x00,0x00,0x00,0x00,0x00,0x0F,0x00,0xFF,0xFF,0xFF,0xF0,0x00,0x00,0x00,0xFF,0x0F,
					0x00,0x0F,0x00,0x00,0x00,0x00,0x0F,0x0F,0x00,0x00,0x0F,0x00,0x00,0x00,0x00,0x00,
					0x0F,0x00,0x00,0x0F,0x00,0x00,0x00,0x00,0x00,0x0F,0x00,0x00,0x0F,0x00,0x00,0x00,
					0x00,0x00,0x0F,0x0F,0xFF,0xFF,0xFF,0xFF,0x00,0x00,0x00,0x0F,0x00,0x00,0x0F,0x00,
					0x00,0x00,0x00,0x00,0x0F,0x00,0x00,0x0F,0x00,0x00,0x00,0x00,0x00,0x0F,0x00,0x00,
					0x0F,0x00,0x00,0x00,0x00,0x00,0x0F,0x00,0x00,0x0F,0x00,0x00,0x00,0x00,0x00,0x0F,
					0x00,0x00,0x0F,0x00,0x00,0x00,0x00,0x00,0x00,0x00,0x00,0x00,0x00,0x00,0x00,0x00,  /* 18 */ 
  },
  {
    "记", 0x00,0x00,0x00,0x00,0x00,0x00,0x00,0x00,0x00,0x00,0xF0,0x00,0x00,0x00,0x00,0x00,
					0x00,0x00,0x00,0x0F,0x00,0xFF,0xFF,0xFF,0xF0,0x00,0x00,0x00,0x0F,0x00,0x00,0x00,
					0x00,0xF0,0x00,0x00,0x00,0x00,0x00,0x00,0x00,0x00,0xF0,0x00,0x00,0x00,0x00,0x00,
					0x00,0x00,0x00,0xF0,0x00,0x00,0x0F,0xFF,0x00,0x00,0x00,0x00,0xF0,0x00,0x00,0x00,
					0x0F,0x00,0xFF,0xFF,0xFF,0xF0,0x00,0x00,0x00,0x0F,0x00,0xF0,0x00,0x00,0x00,0x00,
					0x00,0x00,0x0F,0x00,0xF0,0x00,0x00,0x00,0x00,0x00,0x00,0x0F,0x00,0xF0,0x00,0x00,
					0x00,0x00,0x00,0x00,0x0F,0x0F,0xF0,0x00,0x00,0x00,0x00,0x00,0x00,0x0F,0xF0,0xF0,
					0x00,0x00,0x0F,0x00,0x00,0x00,0x0F,0x00,0xF0,0x00,0x00,0x0F,0x00,0x00,0x00,0x00,
					0x00,0x0F,0xFF,0xFF,0xFF,0x00,0x00,0x00,0x00,0x00,0x00,0x00,0x00,0x00,0x00,0x00,  /* 19 */ 
  },
  {
    "录", 0x00,0x00,0x00,0x00,0x00,0x00,0x00,0x00,0x00,0x00,0x00,0x00,0x00,0x00,0x00,0x00,
					0x00,0x00,0x00,0xFF,0xFF,0xFF,0xFF,0xFF,0x00,0x00,0x00,0x00,0x00,0x00,0x00,0x00,
					0x0F,0x00,0x00,0x00,0x00,0x0F,0xFF,0xFF,0xFF,0xFF,0x00,0x00,0x00,0x00,0x00,0x00,
					0x00,0x00,0x0F,0x00,0x00,0x00,0x0F,0xFF,0xFF,0xFF,0xFF,0xFF,0xFF,0x00,0x00,0x00,
					0x00,0x00,0x0F,0x00,0x00,0x00,0x00,0x00,0x00,0x0F,0x00,0x0F,0x00,0x0F,0x00,0x00,
					0x00,0x00,0x00,0xF0,0x0F,0xF0,0xF0,0x00,0x00,0x00,0x00,0x00,0x0F,0x0F,0x0F,0x00,
					0x00,0x00,0x00,0x00,0x00,0xF0,0x0F,0x00,0xF0,0x00,0x00,0x00,0x00,0x0F,0x00,0x0F,
					0x00,0x0F,0x00,0x00,0x00,0x0F,0xF0,0x00,0x0F,0x00,0x00,0xFF,0x00,0x00,0x00,0x00,
					0x0F,0xFF,0x00,0x00,0x00,0x00,0x00,0x00,0x00,0x00,0x00,0x00,0x00,0x00,0x00,0x00,  /* 20 */ 
  },
	{
   "采",  0x00,0x00,0x00,0x00,0x00,0x00,0x00,0x00,0x00,0x00,0x00,0x00,0x00,0x0F,0xFF,0xF0,
					0x00,0x00,0x00,0xFF,0xFF,0xFF,0xF0,0x00,0x00,0x00,0x00,0x00,0x00,0x00,0xF0,0x00,
					0x0F,0x00,0x00,0x00,0x00,0x0F,0x00,0x0F,0x00,0x0F,0x00,0x00,0x00,0x00,0x00,0xF0,
					0x00,0x00,0xF0,0x00,0x00,0x00,0x00,0x00,0x00,0x0F,0x00,0x00,0x00,0x00,0x00,0x00,
					0x00,0x00,0x0F,0x00,0x00,0x00,0x00,0x00,0x0F,0xFF,0xFF,0xFF,0xFF,0xFF,0xFF,0x00,
					0x00,0x00,0x00,0x00,0xFF,0xF0,0x00,0x00,0x00,0x00,0x00,0x00,0x0F,0x0F,0x0F,0x00,
					0x00,0x00,0x00,0x00,0x00,0xF0,0x0F,0x00,0xF0,0x00,0x00,0x00,0x00,0x0F,0x00,0x0F,
					0x00,0x0F,0x00,0x00,0x00,0x0F,0xF0,0x00,0x0F,0x00,0x00,0xFF,0x00,0x00,0x00,0x00,
					0x00,0x0F,0x00,0x00,0x00,0x00,0x00,0x00,0x00,0x00,0x00,0x00,0x00,0x00,0x00,0x00,
	},
	{
  "样",   0x00,0x00,0x00,0x00,0x00,0x00,0x00,0x00,0x00,0x00,0x0F,0x00,0xF0,0x00,0x00,0xF0,
					0x00,0x00,0x00,0x0F,0x00,0x0F,0x00,0x0F,0x00,0x00,0x00,0x00,0x0F,0x00,0x00,0x00,
					0x00,0x00,0x00,0x00,0x0F,0xFF,0xF0,0xFF,0xFF,0xFF,0xF0,0x00,0x00,0x00,0x0F,0x00,
					0x00,0x0F,0x00,0x00,0x00,0x00,0x00,0x0F,0x00,0x00,0x0F,0x00,0x00,0x00,0x00,0x00,
					0xFF,0xF0,0xFF,0xFF,0xFF,0xF0,0x00,0x00,0x00,0xFF,0x0F,0x00,0x0F,0x00,0x00,0x00,
					0x00,0x0F,0x0F,0x00,0x00,0x0F,0x00,0x00,0x00,0x00,0x00,0x0F,0x0F,0xFF,0xFF,0xFF,
					0xFF,0x00,0x00,0x00,0x0F,0x00,0x00,0x0F,0x00,0x00,0x00,0x00,0x00,0x0F,0x00,0x00,
					0x0F,0x00,0x00,0x00,0x00,0x00,0x0F,0x00,0x00,0x0F,0x00,0x00,0x00,0x00,0x00,0x0F,
					0x00,0x00,0x0F,0x00,0x00,0x00,0x00,0x00,0x00,0x00,0x00,0x00,0x00,0x00,0x00,0x00,
	},
	{
  "校",   0x00,0x00,0x00,0x00,0x00,0x00,0x00,0x00,0x00,0x00,0x00,0xF0,0x00,0x0F,0x00,0x00,
					0x00,0x00,0x00,0x00,0xF0,0x00,0x00,0xF0,0x00,0x00,0x00,0x00,0x00,0xF0,0x0F,0xFF,
					0xFF,0xFF,0x00,0x00,0x0F,0xFF,0xFF,0xF0,0x00,0x00,0x00,0x00,0x00,0x00,0x00,0xF0,
					0x00,0x0F,0x0F,0x00,0x00,0x00,0x00,0x0F,0xF0,0x00,0xF0,0x00,0xF0,0x00,0x00,0x00,
					0x0F,0xFF,0x0F,0x00,0x00,0x0F,0x00,0x00,0x00,0xF0,0xF0,0xF0,0xF0,0x00,0xF0,0x00,
					0x00,0x00,0xF0,0xF0,0x00,0xF0,0x00,0xF0,0x00,0x00,0x0F,0x00,0xF0,0x00,0x0F,0x0F,
					0x00,0x00,0x00,0x00,0x00,0xF0,0x00,0x00,0xF0,0x00,0x00,0x00,0x00,0x00,0xF0,0x00,
					0x0F,0x0F,0x00,0x00,0x00,0x00,0x00,0xF0,0x00,0xF0,0x00,0xF0,0x00,0x00,0x00,0x00,
					0xF0,0x0F,0x00,0x00,0x0F,0x00,0x00,0x00,0x00,0x00,0x00,0x00,0x00,0x00,0x00,0x00,
	},
	{
  "准", 	0x00,0x00,0x00,0x00,0x00,0x00,0x00,0x00,0x00,0x00,0x00,0x00,0x0F,0x00,0xF0,0x00,
					0x00,0x00,0x00,0xF0,0x00,0x0F,0x00,0x0F,0x00,0x00,0x00,0x00,0x0F,0x00,0xF0,0x00,
					0x00,0x00,0x00,0x00,0x00,0x0F,0x00,0xFF,0xFF,0xFF,0xFF,0x00,0x00,0x00,0x00,0x0F,
					0xF0,0x00,0xF0,0x00,0x00,0x00,0x00,0x00,0xF0,0xF0,0x00,0xF0,0x00,0x00,0x00,0x00,
					0x00,0x00,0xFF,0xFF,0xFF,0xF0,0x00,0x00,0x00,0x0F,0x00,0xF0,0x00,0xF0,0x00,0x00,
					0x00,0x00,0x0F,0x00,0xF0,0x00,0xF0,0x00,0x00,0x00,0x00,0xF0,0x00,0xFF,0xFF,0xFF,
					0xF0,0x00,0x00,0x00,0xF0,0x00,0xF0,0x00,0xF0,0x00,0x00,0x00,0x0F,0x00,0x00,0xF0,
					0x00,0xF0,0x00,0x00,0x00,0x0F,0x00,0x00,0xFF,0xFF,0xFF,0xFF,0x00,0x00,0x00,0x00,
					0x00,0xF0,0x00,0x00,0x00,0x00,0x00,0x00,0x00,0x00,0x00,0x00,0x00,0x00,0x00,0x00,
	},
  {
    "据", 0x00,0x00,0x00,0x00,0x00,0x00,0x00,0x00,0x00,0x00,0x0F,0x00,0x00,0x00,0x00,0x00,
					0x00,0x00,0x00,0x0F,0x00,0xFF,0xFF,0xFF,0xF0,0x00,0x00,0x00,0x0F,0x00,0xF0,0x00,
					0x00,0xF0,0x00,0x00,0x0F,0xFF,0xF0,0xF0,0x00,0x00,0xF0,0x00,0x00,0x00,0x0F,0x00,
					0xFF,0xFF,0xFF,0xF0,0x00,0x00,0x00,0x0F,0x00,0xF0,0x00,0xF0,0x00,0x00,0x00,0x00,
					0x0F,0x00,0xF0,0x00,0xF0,0x00,0x00,0x00,0x00,0x0F,0xF0,0xFF,0xFF,0xFF,0xFF,0x00,
					0x00,0x0F,0xFF,0x00,0xF0,0x00,0xF0,0x00,0x00,0x00,0x00,0x0F,0x00,0xF0,0x00,0xF0,
					0x00,0x00,0x00,0x00,0x0F,0x00,0xF0,0xFF,0xFF,0xF0,0x00,0x00,0x00,0x0F,0x0F,0x00,
					0xF0,0x00,0xF0,0x00,0x00,0x0F,0x0F,0x0F,0x00,0xF0,0x00,0xF0,0x00,0x00,0x00,0xFF,
					0xFF,0x00,0xFF,0xFF,0xF0,0x00,0x00,0x00,0x00,0x00,0x00,0x00,0x00,0x00,0x00,0x00,  /* 21 */ 
  },
  {
    "计", 0x00,0x00,0x00,0x00,0x00,0x00,0x00,0x00,0x00,0x00,0xF0,0x00,0x00,0x0F,0x00,0x00,
					0x00,0x00,0x00,0x0F,0x00,0x00,0x0F,0x00,0x00,0x00,0x00,0x00,0x0F,0x00,0x00,0x0F,
					0x00,0x00,0x00,0x00,0x00,0x00,0x00,0x00,0x0F,0x00,0x00,0x00,0x00,0x00,0x00,0x00,
					0x00,0x0F,0x00,0x00,0x00,0x00,0x0F,0xFF,0x0F,0xFF,0xFF,0xFF,0xFF,0x00,0x00,0x00,
					0x0F,0x00,0x00,0x0F,0x00,0x00,0x00,0x00,0x00,0x0F,0x00,0x00,0x0F,0x00,0x00,0x00,
					0x00,0x00,0x0F,0x00,0x00,0x0F,0x00,0x00,0x00,0x00,0x00,0x0F,0x00,0x00,0x0F,0x00,
					0x00,0x00,0x00,0x00,0x0F,0x0F,0x00,0x0F,0x00,0x00,0x00,0x00,0x00,0x0F,0xF0,0x00,
					0x0F,0x00,0x00,0x00,0x00,0x00,0x0F,0x00,0x00,0x0F,0x00,0x00,0x00,0x00,0x00,0x00,
					0x00,0x00,0x0F,0x00,0x00,0x00,0x00,0x00,0x00,0x00,0x00,0x00,0x00,0x00,0x00,0x00,  /* 22 */ 
  },
  {
    "保", 0x00,0x00,0x00,0x00,0x00,0x00,0x00,0x00,0x00,0x00,0x00,0xF0,0x00,0x00,0x00,0x00,
					0x00,0x00,0x00,0x00,0xF0,0xFF,0xFF,0xFF,0xF0,0x00,0x00,0x00,0x00,0xF0,0xF0,0x00,
					0x00,0xF0,0x00,0x00,0x00,0x0F,0x00,0xF0,0x00,0x00,0xF0,0x00,0x00,0x00,0x0F,0x00,
					0xFF,0xFF,0xFF,0xF0,0x00,0x00,0x00,0xFF,0x00,0x00,0x0F,0x00,0x00,0x00,0x00,0x0F,
					0x0F,0x00,0x00,0x0F,0x00,0x00,0x00,0x00,0x00,0x0F,0x0F,0xFF,0xFF,0xFF,0xFF,0x00,
					0x00,0x00,0x0F,0x00,0x00,0xFF,0xF0,0x00,0x00,0x00,0x00,0x0F,0x00,0x0F,0x0F,0x0F,
					0x00,0x00,0x00,0x00,0x0F,0x00,0x0F,0x0F,0x0F,0x00,0x00,0x00,0x00,0x0F,0x00,0xF0,
					0x0F,0x00,0xF0,0x00,0x00,0x00,0x0F,0x0F,0x00,0x0F,0x00,0x0F,0x00,0x00,0x00,0x0F,
					0x00,0x00,0x0F,0x00,0x00,0x00,0x00,0x00,0x00,0x00,0x00,0x00,0x00,0x00,0x00,0x00,  /* 23 */ 
  },
	
	{"过\xFD",0x00,0x00,0x00,0x00,0x00,0x00,0x00,0x00,0x00,0x00,0x00,0x00,0x00,0x00,0x0F,0x00,
					0x00,0x00,0x00,0xF0,0x00,0x00,0x00,0x0F,0x00,0x00,0x00,0x00,0x0F,0x00,0x00,0x00,
					0x0F,0x00,0x00,0x00,0x00,0x0F,0x0F,0xFF,0xFF,0xFF,0xFF,0x00,0x00,0x00,0x00,0x00,
					0x00,0x00,0x0F,0x00,0x00,0x00,0x00,0x00,0x00,0xF0,0x00,0x0F,0x00,0x00,0x00,0x0F,
					0xFF,0x00,0x0F,0x00,0x0F,0x00,0x00,0x00,0x00,0x0F,0x00,0x0F,0x00,0x0F,0x00,0x00,
					0x00,0x00,0x0F,0x00,0x00,0x00,0x0F,0x00,0x00,0x00,0x00,0x0F,0x00,0x00,0x00,0x0F,
					0x00,0x00,0x00,0x00,0x0F,0x00,0x00,0x00,0x0F,0x00,0x00,0x00,0x00,0x0F,0x00,0x00,
					0x0F,0xFF,0x00,0x00,0x00,0x00,0xF0,0xF0,0x00,0x00,0x00,0x00,0x00,0x00,0x0F,0x00,
					0x0F,0xFF,0xFF,0xFF,0xFF,0x00,0x00,0x00,0x00,0x00,0x00,0x00,0x00,0x00,0x00,0x00,
},
  {
    "护", 0x00,0x00,0x00,0x00,0x00,0x00,0x00,0x00,0x00,0x00,0x0F,0x00,0x00,0x0F,0x00,0x00,
					0x00,0x00,0x00,0x0F,0x00,0x00,0x00,0xF0,0x00,0x00,0x00,0x00,0x0F,0x00,0x0F,0xFF,
					0xFF,0xFF,0x00,0x00,0x0F,0xFF,0xFF,0x0F,0x00,0x00,0x0F,0x00,0x00,0x00,0x0F,0x00,
					0x0F,0x00,0x00,0x0F,0x00,0x00,0x00,0x0F,0x00,0x0F,0x00,0x00,0x0F,0x00,0x00,0x00,
					0x0F,0x0F,0x0F,0xFF,0xFF,0xFF,0x00,0x00,0x00,0x0F,0xF0,0x0F,0x00,0x00,0x0F,0x00,
					0x00,0x0F,0xFF,0x00,0x0F,0x00,0x00,0x00,0x00,0x00,0x00,0x0F,0x00,0x0F,0x00,0x00,
					0x00,0x00,0x00,0x00,0x0F,0x00,0x0F,0x00,0x00,0x00,0x00,0x00,0x00,0x0F,0x00,0xF0,
					0x00,0x00,0x00,0x00,0x00,0x00,0x0F,0x00,0xF0,0x00,0x00,0x00,0x00,0x00,0x0F,0xFF,
					0x0F,0x00,0x00,0x00,0x00,0x00,0x00,0x00,0x00,0x00,0x00,0x00,0x00,0x00,0x00,0x00,  /* 24 */ 
  },
  {
    "口", 0x00,0x00,0x00,0x00,0x00,0x00,0x00,0x00,0x00,0x00,0x00,0x00,0x00,0x00,0x00,0x00,
					0x00,0x00,0x00,0x00,0x00,0x00,0x00,0x00,0x00,0x00,0x00,0x00,0xFF,0xFF,0xFF,0xFF,
					0xFF,0xF0,0x00,0x00,0x00,0xF0,0x00,0x00,0x00,0x00,0xF0,0x00,0x00,0x00,0xF0,0x00,
					0x00,0x00,0x00,0xF0,0x00,0x00,0x00,0xF0,0x00,0x00,0x00,0x00,0xF0,0x00,0x00,0x00,
					0xF0,0x00,0x00,0x00,0x00,0xF0,0x00,0x00,0x00,0xF0,0x00,0x00,0x00,0x00,0xF0,0x00,
					0x00,0x00,0xF0,0x00,0x00,0x00,0x00,0xF0,0x00,0x00,0x00,0xF0,0x00,0x00,0x00,0x00,
					0xF0,0x00,0x00,0x00,0xF0,0x00,0x00,0x00,0x00,0xF0,0x00,0x00,0x00,0xFF,0xFF,0xFF,
					0xFF,0xFF,0xF0,0x00,0x00,0x00,0xF0,0x00,0x00,0x00,0x00,0xF0,0x00,0x00,0x00,0x00,
					0x00,0x00,0x00,0x00,0x00,0x00,0x00,0x00,0x00,0x00,0x00,0x00,0x00,0x00,0x00,0x00,  /* 25 */ 
  },
  {
    "令", 0x00,0x00,0x00,0x00,0x00,0x00,0x00,0x00,0x00,0x00,0x00,0x00,0x0F,0x00,0x00,0x00,
					0x00,0x00,0x00,0x00,0x00,0xF0,0xF0,0x00,0x00,0x00,0x00,0x00,0x00,0x0F,0x00,0x0F,
					0x00,0x00,0x00,0x00,0x00,0x00,0xF0,0x00,0x00,0xF0,0x00,0x00,0x00,0x00,0x0F,0x00,
					0xF0,0x00,0x0F,0x00,0x00,0x00,0x0F,0xF0,0x00,0x0F,0x00,0x00,0xFF,0x00,0x00,0x00,
					0x00,0x00,0x0F,0x00,0x00,0x00,0x00,0x00,0x00,0x0F,0xFF,0xFF,0xFF,0xFF,0x00,0x00,
					0x00,0x00,0x00,0x00,0x00,0x00,0x0F,0x00,0x00,0x00,0x00,0x00,0x00,0x00,0x00,0xF0,
					0x00,0x00,0x00,0x00,0x00,0x00,0x00,0x0F,0x00,0x00,0x00,0x00,0x00,0x00,0xFF,0xF0,
					0xF0,0x00,0x00,0x00,0x00,0x00,0x00,0x00,0x0F,0xF0,0x00,0x00,0x00,0x00,0x00,0x00,
					0x00,0x00,0x0F,0xF0,0x00,0x00,0x00,0x00,0x00,0x00,0x00,0x00,0x00,0x00,0x00,0x00,  /* 26 */ 
  },
  {
    "日", 0x00,0x00,0x00,0x00,0x00,0x00,0x00,0x00,0x00,0x00,0xFF,0xFF,0xFF,0xFF,0xFF,0xF0,
					0x00,0x00,0x00,0xF0,0x00,0x00,0x00,0x00,0xF0,0x00,0x00,0x00,0xF0,0x00,0x00,0x00,
					0x00,0xF0,0x00,0x00,0x00,0xF0,0x00,0x00,0x00,0x00,0xF0,0x00,0x00,0x00,0xF0,0x00,
					0x00,0x00,0x00,0xF0,0x00,0x00,0x00,0xF0,0x00,0x00,0x00,0x00,0xF0,0x00,0x00,0x00,
					0xFF,0xFF,0xFF,0xFF,0xFF,0xF0,0x00,0x00,0x00,0xF0,0x00,0x00,0x00,0x00,0xF0,0x00,
					0x00,0x00,0xF0,0x00,0x00,0x00,0x00,0xF0,0x00,0x00,0x00,0xF0,0x00,0x00,0x00,0x00,
					0xF0,0x00,0x00,0x00,0xF0,0x00,0x00,0x00,0x00,0xF0,0x00,0x00,0x00,0xF0,0x00,0x00,
					0x00,0x00,0xF0,0x00,0x00,0x00,0xFF,0xFF,0xFF,0xFF,0xFF,0xF0,0x00,0x00,0x00,0xF0,
					0x00,0x00,0x00,0x00,0xF0,0x00,0x00,0x00,0x00,0x00,0x00,0x00,0x00,0x00,0x00,0x00,  /* 27 */ 
  },
  {
    "期", 0x00,0x00,0x00,0x00,0x00,0x00,0x00,0x00,0x00,0x00,0xF0,0x00,0xF0,0x00,0x00,0x00,
					0x00,0x00,0x00,0xF0,0x00,0xF0,0x0F,0xFF,0xFF,0x00,0x00,0x0F,0xFF,0xFF,0xFF,0x0F,
					0x00,0x0F,0x00,0x00,0x00,0xF0,0x00,0xF0,0x0F,0x00,0x0F,0x00,0x00,0x00,0xF0,0x00,
					0xF0,0x0F,0x00,0x0F,0x00,0x00,0x00,0xFF,0xFF,0xF0,0x0F,0xFF,0xFF,0x00,0x00,0x00,
					0xF0,0x00,0xF0,0x0F,0x00,0x0F,0x00,0x00,0x00,0xFF,0xFF,0xF0,0x0F,0x00,0x0F,0x00,
					0x00,0x00,0xF0,0x00,0xF0,0x0F,0xFF,0xFF,0x00,0x00,0x00,0xF0,0x00,0xF0,0x0F,0x00,
					0x0F,0x00,0x00,0x0F,0xFF,0xFF,0xFF,0x0F,0x00,0x0F,0x00,0x00,0x00,0x00,0x00,0x00,
					0xF0,0x00,0x0F,0x00,0x00,0x00,0xF0,0x00,0xF0,0xF0,0x00,0x0F,0x00,0x00,0x0F,0x00,
					0x00,0x0F,0x00,0x0F,0xFF,0x00,0x00,0x00,0x00,0x00,0x00,0x00,0x00,0x00,0x00,0x00,  /* 28 */ 
  },
  {"入", 0x00,0x00,0x00,0x00,0x00,0x00,0x00,0x00,0x00,0x00,0x00,0x0F,0x00,0x00,0x00,0x00,
					0x00,0x00,0x00,0x00,0x00,0xF0,0x00,0x00,0x00,0x00,0x00,0x00,0x00,0x00,0xF0,0x00,
					0x00,0x00,0x00,0x00,0x00,0x00,0x00,0x0F,0x00,0x00,0x00,0x00,0x00,0x00,0x00,0x00,
					0x0F,0x00,0x00,0x00,0x00,0x00,0x00,0x00,0x00,0xF0,0xF0,0x00,0x00,0x00,0x00,0x00,
					0x00,0x00,0xF0,0xF0,0x00,0x00,0x00,0x00,0x00,0x00,0x0F,0x00,0x0F,0x00,0x00,0x00,
					0x00,0x00,0x00,0x0F,0x00,0x0F,0x00,0x00,0x00,0x00,0x00,0x00,0xF0,0x00,0x00,0xF0,
					0x00,0x00,0x00,0x00,0x00,0xF0,0x00,0x00,0xF0,0x00,0x00,0x00,0x00,0x0F,0x00,0x00,
					0x00,0x0F,0x00,0x00,0x00,0x00,0xF0,0x00,0x00,0x00,0x00,0xF0,0x00,0x00,0x0F,0x00,
					0x00,0x00,0x00,0x00,0x0F,0x00,0x00,0x00,0x00,0x00,0x00,0x00,0x00,0x00,0x00,0x00,
	},
  {
    "报", 0x00,0x00,0x00,0x00,0x00,0x00,0x00,0x00,0x00,0x00,0x0F,0x00,0x00,0x00,0x00,0x00,
					0x00,0x00,0x00,0x0F,0x00,0x0F,0xFF,0xFF,0xF0,0x00,0x00,0x00,0x0F,0x00,0x0F,0x00,
					0x00,0xF0,0x00,0x00,0x0F,0xFF,0xFF,0x0F,0x00,0x00,0xF0,0x00,0x00,0x00,0x0F,0x00,
					0x0F,0x00,0xFF,0xF0,0x00,0x00,0x00,0x0F,0x00,0x0F,0x00,0x00,0x00,0x00,0x00,0x00,
					0x0F,0x0F,0x0F,0xFF,0xFF,0xF0,0x00,0x00,0x00,0x0F,0xF0,0x0F,0x0F,0x00,0xF0,0x00,
					0x00,0x0F,0xFF,0x00,0x0F,0x0F,0x00,0xF0,0x00,0x00,0x00,0x0F,0x00,0x0F,0x0F,0x0F,
					0x00,0x00,0x00,0x00,0x0F,0x00,0x0F,0x00,0xF0,0x00,0x00,0x00,0x00,0x0F,0x00,0x0F,
					0x0F,0x0F,0x00,0x00,0x00,0x00,0x0F,0x00,0x0F,0xF0,0x00,0xF0,0x00,0x00,0x0F,0xFF,
					0x00,0x0F,0x00,0x00,0x0F,0x00,0x00,0x00,0x00,0x00,0x00,0x00,0x00,0x00,0x00,0x00,  /* 29 */ 
  },
  {
    "警", 0x00,0x00,0x00,0x00,0x00,0x00,0x00,0x00,0x00,0x00,0x0F,0x00,0xF0,0x00,0xF0,0x00,
					0x00,0x00,0x00,0xFF,0xFF,0xFF,0x0F,0xFF,0xFF,0x00,0x00,0x00,0x0F,0x00,0xF0,0xF0,
					0x00,0xF0,0x00,0x00,0x00,0xFF,0xFF,0xFF,0x0F,0x00,0xF0,0x00,0x00,0x0F,0x0F,0x0F,
					0x0F,0x00,0xFF,0x00,0x00,0x00,0x00,0x0F,0xFF,0x0F,0x0F,0x00,0xFF,0x00,0x00,0x00,
					0x00,0x00,0xFF,0x00,0x00,0x00,0x00,0x00,0x0F,0xFF,0xFF,0xFF,0xFF,0xFF,0xFF,0x00,
					0x00,0x00,0x00,0x00,0x00,0x00,0x00,0x00,0x00,0x00,0x00,0x0F,0xFF,0xFF,0xFF,0xFF,
					0x00,0x00,0x00,0x00,0x00,0x00,0x00,0x00,0x00,0x00,0x00,0x00,0x00,0x0F,0xFF,0xFF,
					0xFF,0xFF,0x00,0x00,0x00,0x00,0x0F,0x00,0x00,0x00,0x0F,0x00,0x00,0x00,0x00,0x0F,
					0xFF,0xFF,0xFF,0xFF,0x00,0x00,0x00,0x00,0x00,0x00,0x00,0x00,0x00,0x00,0x00,0x00,  /* 30 */ 
  },
  {
    "对", 0x00,0x00,0x00,0x00,0x00,0x00,0x00,0x00,0x00,0x00,0x00,0x00,0x00,0x00,0x0F,0x00,
					0x00,0x00,0x00,0x00,0x00,0x00,0x00,0x0F,0x00,0x00,0x00,0x00,0xFF,0xFF,0xF0,0x00,
					0x0F,0x00,0x00,0x00,0x00,0x00,0x00,0xF0,0xFF,0xFF,0xFF,0x00,0x00,0x00,0x00,0x00,
					0xF0,0x00,0x0F,0x00,0x00,0x00,0x00,0xF0,0x0F,0x00,0x00,0x0F,0x00,0x00,0x00,0x00,
					0x0F,0x0F,0x00,0xF0,0x0F,0x00,0x00,0x00,0x00,0x00,0xF0,0x00,0x0F,0x0F,0x00,0x00,
					0x00,0x00,0x00,0xFF,0x00,0x0F,0x0F,0x00,0x00,0x00,0x00,0x0F,0x0F,0x00,0x00,0x0F,
					0x00,0x00,0x00,0x00,0x0F,0x00,0xF0,0x00,0x0F,0x00,0x00,0x00,0x00,0xF0,0x00,0xF0,
					0x00,0x0F,0x00,0x00,0x00,0x0F,0x00,0x00,0x00,0x00,0x0F,0x00,0x00,0x00,0x00,0x00,
					0x00,0x00,0x0F,0xFF,0x00,0x00,0x00,0x00,0x00,0x00,0x00,0x00,0x00,0x00,0x00,0x00,  /* 31 */ 
  },
  {
    "比", 0x00,0x00,0x00,0x00,0x00,0x00,0x00,0x00,0x00,0x00,0x00,0x00,0x00,0xF0,0x00,0x00,
					0x00,0x00,0x00,0xF0,0x00,0x00,0xF0,0x00,0x00,0x00,0x00,0x00,0xF0,0x00,0x00,0xF0,
					0x00,0x00,0x00,0x00,0x00,0xF0,0x00,0x00,0xF0,0x00,0xF0,0x00,0x00,0x00,0xF0,0x00,
					0x00,0xF0,0x0F,0x00,0x00,0x00,0x00,0xFF,0xFF,0xF0,0xF0,0xF0,0x00,0x00,0x00,0x00,
					0xF0,0x00,0x00,0xFF,0x00,0x00,0x00,0x00,0x00,0xF0,0x00,0x00,0xF0,0x00,0x00,0x00,
					0x00,0x00,0xF0,0x00,0x00,0xF0,0x00,0x00,0x00,0x00,0x00,0xF0,0x00,0x00,0xF0,0x00,
					0x00,0x00,0x00,0x00,0xF0,0x0F,0x00,0xF0,0x00,0x00,0x00,0x00,0x00,0xF0,0xF0,0x00,
					0xF0,0x00,0x0F,0x00,0x00,0x00,0xFF,0x00,0x00,0xF0,0x00,0x0F,0x00,0x00,0x00,0xF0,
					0x00,0x00,0x0F,0xFF,0xFF,0x00,0x00,0x00,0x00,0x00,0x00,0x00,0x00,0x00,0x00,0x00,  /* 32 */ 
  },
  {
    "度", 0x00,0x00,0x00,0x00,0x00,0x00,0x00,0x00,0x00,0x00,0x00,0x00,0x0F,0x00,0x00,0x00,
					0x00,0x00,0x00,0x00,0x00,0x00,0xF0,0x00,0x00,0x00,0x00,0x00,0x0F,0xFF,0xFF,0xFF,
					0xFF,0xFF,0x00,0x00,0x00,0x0F,0x00,0xF0,0x00,0x0F,0x00,0x00,0x00,0x00,0x0F,0xFF,
					0xFF,0xFF,0xFF,0xFF,0x00,0x00,0x00,0x0F,0x00,0xF0,0x00,0x0F,0x00,0x00,0x00,0x00,
					0x0F,0x00,0xFF,0xFF,0xFF,0x00,0x00,0x00,0x00,0x0F,0x00,0x00,0x00,0x00,0x00,0x00,
					0x00,0x00,0x0F,0x0F,0xFF,0xFF,0xFF,0xF0,0x00,0x00,0x00,0x0F,0x00,0xF0,0x00,0x0F,
					0x00,0x00,0x00,0x00,0x0F,0x00,0x0F,0x00,0xF0,0x00,0x00,0x00,0x00,0xF0,0x00,0x00,
					0xFF,0x00,0x00,0x00,0x00,0x00,0xF0,0x00,0xFF,0x00,0xFF,0x00,0x00,0x00,0x0F,0x00,
					0xFF,0x00,0x00,0x00,0xFF,0x00,0x00,0x00,0x00,0x00,0x00,0x00,0x00,0x00,0x00,0x00,  /* 33 */ 
  },
  {
    "电", 0x00,0x00,0x00,0x00,0x00,0x00,0x00,0x00,0x00,0x00,0x00,0x00,0x0F,0x00,0x00,0x00,
					0x00,0x00,0x00,0x00,0x00,0x0F,0x00,0x00,0x00,0x00,0x00,0x00,0x00,0x00,0x0F,0x00,
					0x00,0x00,0x00,0x00,0x00,0xFF,0xFF,0xFF,0xFF,0xFF,0xF0,0x00,0x00,0x00,0xF0,0x00,
					0x0F,0x00,0x00,0xF0,0x00,0x00,0x00,0xF0,0x00,0x0F,0x00,0x00,0xF0,0x00,0x00,0x00,
					0xFF,0xFF,0xFF,0xFF,0xFF,0xF0,0x00,0x00,0x00,0xF0,0x00,0x0F,0x00,0x00,0xF0,0x00,
					0x00,0x00,0xF0,0x00,0x0F,0x00,0x00,0xF0,0x00,0x00,0x00,0xFF,0xFF,0xFF,0xFF,0xFF,
					0xF0,0x00,0x00,0x00,0xF0,0x00,0x0F,0x00,0x00,0x00,0x00,0x00,0x00,0x00,0x00,0x0F,
					0x00,0x00,0x0F,0x00,0x00,0x00,0x00,0x00,0x0F,0x00,0x00,0x0F,0x00,0x00,0x00,0x00,
					0x00,0x00,0xFF,0xFF,0xFF,0x00,0x00,0x00,0x00,0x00,0x00,0x00,0x00,0x00,0x00,0x00,  /* 34 */ 
  },
  {
    "容", 0x00,0x00,0x00,0x00,0x00,0x00,0x00,0x00,0x00,0x00,0x00,0x00,0x0F,0x00,0x00,0x00,
					0x00,0x00,0x0F,0xFF,0xFF,0xFF,0xFF,0xFF,0xFF,0x00,0x00,0x0F,0x00,0x00,0x00,0x00,
					0x00,0x0F,0x00,0x00,0x00,0x00,0xF0,0x00,0x00,0xF0,0x00,0x00,0x00,0x00,0x0F,0x00,
					0x0F,0x00,0x0F,0x00,0x00,0x00,0x00,0xF0,0x00,0xF0,0xF0,0x00,0xF0,0x00,0x00,0x00,
					0x00,0x0F,0x00,0x0F,0x00,0x00,0x00,0x00,0x00,0x0F,0xF0,0x00,0x00,0xFF,0x00,0x00,
					0x00,0x0F,0xF0,0x00,0x00,0x00,0x00,0xFF,0x00,0x00,0x00,0x0F,0xFF,0xFF,0xFF,0xFF,
					0x00,0x00,0x00,0x00,0x0F,0x00,0x00,0x00,0x0F,0x00,0x00,0x00,0x00,0x0F,0x00,0x00,
					0x00,0x0F,0x00,0x00,0x00,0x00,0x0F,0xFF,0xFF,0xFF,0xFF,0x00,0x00,0x00,0x00,0x0F,
					0x00,0x00,0x00,0x0F,0x00,0x00,0x00,0x00,0x00,0x00,0x00,0x00,0x00,0x00,0x00,0x00,  /* 35 */ 
  },
  {
    "控", 0x00,0x00,0x00,0x00,0x00,0x00,0x00,0x00,0x00,0x00,0x0F,0x00,0x00,0xF0,0x00,0x00,
					0x00,0x00,0x00,0x0F,0x00,0x00,0x0F,0x00,0x00,0x00,0x00,0x00,0x0F,0x00,0xFF,0xFF,
					0xFF,0xFF,0x00,0x00,0x0F,0xFF,0xF0,0xF0,0x00,0x00,0x0F,0x00,0x00,0x00,0x0F,0x00,
					0x00,0xF0,0x0F,0x00,0x00,0x00,0x00,0x0F,0x00,0x0F,0x00,0x00,0xF0,0x00,0x00,0x00,
					0x0F,0x00,0xF0,0x00,0x00,0x0F,0x00,0x00,0x00,0x0F,0xF0,0x00,0x00,0x00,0x00,0x00,
					0x00,0x0F,0xFF,0x00,0x0F,0xFF,0xFF,0xF0,0x00,0x00,0x00,0x0F,0x00,0x00,0x0F,0x00,
					0x00,0x00,0x00,0x00,0x0F,0x00,0x00,0x0F,0x00,0x00,0x00,0x00,0x00,0x0F,0x00,0x00,
					0x0F,0x00,0x00,0x00,0x00,0x00,0x0F,0x00,0x00,0x0F,0x00,0x00,0x00,0x00,0x0F,0xFF,
					0x00,0xFF,0xFF,0xFF,0xFF,0x00,0x00,0x00,0x00,0x00,0x00,0x00,0x00,0x00,0x00,0x00,  /* 36 */ 
  },
  {
    "制", 0x00,0x00,0x00,0x00,0x00,0x00,0x00,0x00,0x00,0x00,0x00,0x0F,0x00,0x00,0x00,0xF0,
					0x00,0x00,0x00,0xF0,0x0F,0x00,0x00,0x00,0xF0,0x00,0x00,0x00,0xFF,0xFF,0xFF,0xF0,
					0xF0,0xF0,0x00,0x00,0x0F,0x00,0x0F,0x00,0x00,0xF0,0xF0,0x00,0x00,0x00,0x00,0x0F,
					0x00,0x00,0xF0,0xF0,0x00,0x00,0x0F,0xFF,0xFF,0xFF,0xF0,0xF0,0xF0,0x00,0x00,0x00,
					0x00,0x0F,0x00,0x00,0xF0,0xF0,0x00,0x00,0x00,0x00,0x0F,0x00,0x00,0xF0,0xF0,0x00,
					0x00,0x00,0xFF,0xFF,0xFF,0xF0,0xF0,0xF0,0x00,0x00,0x00,0xF0,0x0F,0x00,0xF0,0xF0,
					0xF0,0x00,0x00,0x00,0xF0,0x0F,0x00,0xF0,0x00,0xF0,0x00,0x00,0x00,0xF0,0x0F,0x00,
					0xF0,0x00,0xF0,0x00,0x00,0x00,0xF0,0x0F,0x0F,0xF0,0x00,0xF0,0x00,0x00,0x00,0x00,
					0x0F,0x00,0x00,0xFF,0xF0,0x00,0x00,0x00,0x00,0x00,0x00,0x00,0x00,0x00,0x00,0x00,  /* 37 */ 
  },
  {
    "通", 0x00,0x00,0x00,0x00,0x00,0x00,0x00,0x00,0x00,0x00,0xF0,0x00,0xFF,0xFF,0xFF,0xF0,
					0x00,0x00,0x00,0x0F,0x00,0x00,0xF0,0x0F,0x00,0x00,0x00,0x00,0x0F,0x00,0x00,0x0F,
					0xF0,0x00,0x00,0x00,0x00,0x00,0x00,0xFF,0xFF,0xFF,0xF0,0x00,0x00,0x00,0x00,0x00,
					0xF0,0x0F,0x00,0xF0,0x00,0x00,0x0F,0xFF,0x00,0xF0,0x0F,0x00,0xF0,0x00,0x00,0x00,
					0x0F,0x00,0xFF,0xFF,0xFF,0xF0,0x00,0x00,0x00,0x0F,0x00,0xF0,0x0F,0x00,0xF0,0x00,
					0x00,0x00,0x0F,0x00,0xF0,0x0F,0x00,0xF0,0x00,0x00,0x00,0x0F,0x00,0xFF,0xFF,0xFF,
					0xF0,0x00,0x00,0x00,0x0F,0x00,0xF0,0x0F,0x00,0xF0,0x00,0x00,0x00,0x0F,0x00,0xF0,
					0x0F,0x0F,0xF0,0x00,0x00,0x00,0xF0,0xF0,0x00,0x00,0x00,0x00,0x00,0x00,0x0F,0x00,
					0x0F,0xFF,0xFF,0xFF,0xFF,0x00,0x00,0x00,0x00,0x00,0x00,0x00,0x00,0x00,0x00,0x00,  /* 38 */ 
  },
  {
    "讯", 0x00,0x00,0x00,0x00,0x00,0x00,0x00,0x00,0x00,0x00,0xF0,0x00,0x00,0x00,0x00,0x00,
					0x00,0x00,0x00,0x0F,0x0F,0xFF,0xFF,0xFF,0x00,0x00,0x00,0x00,0x0F,0x00,0x0F,0x00,
					0x0F,0x00,0x00,0x00,0x00,0x00,0x00,0x0F,0x00,0x0F,0x00,0x00,0x00,0x00,0x00,0x00,
					0x0F,0x00,0x0F,0x00,0x00,0x00,0x0F,0xFF,0x00,0x0F,0x00,0x0F,0x00,0x00,0x00,0x00,
					0x0F,0x0F,0xFF,0xFF,0xFF,0x00,0x00,0x00,0x00,0x0F,0x00,0x0F,0x00,0x0F,0x00,0x00,
					0x00,0x00,0x0F,0x00,0x0F,0x00,0x0F,0x00,0x00,0x00,0x00,0x0F,0x00,0x0F,0x00,0x0F,
					0x0F,0x00,0x00,0x00,0x0F,0x0F,0x0F,0x00,0x0F,0x0F,0x00,0x00,0x00,0x0F,0xF0,0x0F,
					0x00,0x0F,0x0F,0x00,0x00,0x00,0x0F,0x00,0x0F,0x00,0x00,0xFF,0x00,0x00,0x00,0x00,
					0x00,0x0F,0x00,0x00,0x0F,0x00,0x00,0x00,0x00,0x00,0x00,0x00,0x00,0x00,0x00,0x00,  /* 39 */ 
  },
  {
    "关", 0x00,0x00,0x00,0x00,0x00,0x00,0x00,0x00,0x00,0x00,0x00,0xF0,0x00,0x00,0xF0,0x00,
					0x00,0x00,0x00,0x00,0x0F,0x00,0x00,0xF0,0x00,0x00,0x00,0x00,0x00,0x0F,0x00,0x0F,
					0x00,0x00,0x00,0x00,0x00,0xFF,0xFF,0xFF,0xFF,0xFF,0xF0,0x00,0x00,0x00,0x00,0x00,
					0x0F,0x00,0x00,0x00,0x00,0x00,0x00,0x00,0x00,0x0F,0x00,0x00,0x00,0x00,0x00,0x00,
					0x00,0x00,0x0F,0x00,0x00,0x00,0x00,0x00,0x0F,0xFF,0xFF,0xFF,0xFF,0xFF,0xFF,0x00,
					0x00,0x00,0x00,0x00,0xF0,0xF0,0x00,0x00,0x00,0x00,0x00,0x00,0x00,0xF0,0xF0,0x00,
					0x00,0x00,0x00,0x00,0x00,0x0F,0x00,0x0F,0x00,0x00,0x00,0x00,0x00,0x00,0xF0,0x00,
					0x00,0xF0,0x00,0x00,0x00,0x00,0x0F,0x00,0x00,0x00,0x0F,0x00,0x00,0x00,0x0F,0xF0,
					0x00,0x00,0x00,0x00,0xFF,0x00,0x00,0x00,0x00,0x00,0x00,0x00,0x00,0x00,0x00,0x00,  /* 40 */ 
  },
  {
    "闭", 0x00,0x00,0x00,0x00,0x00,0x00,0x00,0x00,0x00,0x00,0xF0,0x00,0x00,0x00,0x00,0x00,
					0x00,0x00,0x00,0x0F,0x0F,0xFF,0xFF,0xFF,0xFF,0x00,0x00,0x00,0x00,0x00,0x00,0x00,
					0x00,0x0F,0x00,0x00,0x00,0xF0,0x00,0x00,0x0F,0x00,0x0F,0x00,0x00,0x00,0xF0,0x00,
					0x00,0x0F,0x00,0x0F,0x00,0x00,0x00,0xF0,0xFF,0xFF,0xFF,0xFF,0x0F,0x00,0x00,0x00,
					0xF0,0x00,0x00,0xFF,0x00,0x0F,0x00,0x00,0x00,0xF0,0x00,0x0F,0x0F,0x00,0x0F,0x00,
					0x00,0x00,0xF0,0x00,0xF0,0x0F,0x00,0x0F,0x00,0x00,0x00,0xF0,0x0F,0x00,0x0F,0x00,
					0x0F,0x00,0x00,0x00,0xF0,0xF0,0x00,0x0F,0x00,0x0F,0x00,0x00,0x00,0xF0,0x00,0x0F,
					0xFF,0x00,0x0F,0x00,0x00,0x00,0xF0,0x00,0x00,0x00,0x00,0x0F,0x00,0x00,0x00,0xF0,
					0x00,0x00,0x00,0x0F,0xFF,0x00,0x00,0x00,0x00,0x00,0x00,0x00,0x00,0x00,0x00,0x00,  /* 41 */ 
  },
  {
    "打", 0x00,0x00,0x00,0x00,0x00,0x00,0x00,0x00,0x00,0x00,0x0F,0x00,0x00,0x00,0x00,0x00,
					0x00,0x00,0x00,0x0F,0x00,0xFF,0xFF,0xFF,0xFF,0x00,0x00,0x00,0x0F,0x00,0x00,0x00,
					0xF0,0x00,0x00,0x00,0x0F,0xFF,0xFF,0x00,0x00,0xF0,0x00,0x00,0x00,0x00,0x0F,0x00,
					0x00,0x00,0xF0,0x00,0x00,0x00,0x00,0x0F,0x00,0x00,0x00,0xF0,0x00,0x00,0x00,0x00,
					0x0F,0x0F,0x00,0x00,0xF0,0x00,0x00,0x00,0x00,0x0F,0xF0,0x00,0x00,0xF0,0x00,0x00,
					0x00,0x0F,0xFF,0x00,0x00,0x00,0xF0,0x00,0x00,0x00,0x00,0x0F,0x00,0x00,0x00,0xF0,
					0x00,0x00,0x00,0x00,0x0F,0x00,0x00,0x00,0xF0,0x00,0x00,0x00,0x00,0x0F,0x00,0x00,
					0x00,0xF0,0x00,0x00,0x00,0x00,0x0F,0x00,0x00,0x00,0xF0,0x00,0x00,0x00,0x0F,0xFF,
					0x00,0x00,0xFF,0xF0,0x00,0x00,0x00,0x00,0x00,0x00,0x00,0x00,0x00,0x00,0x00,0x00,  /* 42 */ 
  },
  {
    "开", 0x00,0x00,0x00,0x00,0x00,0x00,0x00,0x00,0x00,0x00,0xFF,0xFF,0xFF,0xFF,0xFF,0xF0,
					0x00,0x00,0x00,0x00,0xF0,0x00,0x00,0xF0,0x00,0x00,0x00,0x00,0x00,0xF0,0x00,0x00,
					0xF0,0x00,0x00,0x00,0x00,0x00,0xF0,0x00,0x00,0xF0,0x00,0x00,0x00,0x00,0x00,0xF0,
					0x00,0x00,0xF0,0x00,0x00,0x00,0x00,0x00,0xF0,0x00,0x00,0xF0,0x00,0x00,0x00,0x0F,
					0xFF,0xFF,0xFF,0xFF,0xFF,0xFF,0x00,0x00,0x00,0x00,0xF0,0x00,0x00,0xF0,0x00,0x00,
					0x00,0x00,0x00,0xF0,0x00,0x00,0xF0,0x00,0x00,0x00,0x00,0x00,0xF0,0x00,0x00,0xF0,
					0x00,0x00,0x00,0x00,0x0F,0x00,0x00,0x00,0xF0,0x00,0x00,0x00,0x00,0x0F,0x00,0x00,
					0x00,0xF0,0x00,0x00,0x00,0x00,0xF0,0x00,0x00,0x00,0xF0,0x00,0x00,0x00,0x0F,0x00,
					0x00,0x00,0x00,0xF0,0x00,0x00,0x00,0x00,0x00,0x00,0x00,0x00,0x00,0x00,0x00,0x00,  /* 43 */ 
  },
  {
    "退", 0x00,0x00,0x00,0x00,0x00,0x00,0x00,0x00,0x00,0x00,0x00,0x00,0x00,0x00,0x00,0x00,
					0x00,0x00,0x00,0xF0,0x00,0xFF,0xFF,0xFF,0x00,0x00,0x00,0x00,0x0F,0x00,0xF0,0x00,
					0x0F,0x00,0x00,0x00,0x00,0x0F,0x00,0xFF,0xFF,0xFF,0x00,0x00,0x00,0x00,0x00,0x00,
					0xF0,0x00,0x0F,0x00,0x00,0x00,0x00,0x00,0x00,0xFF,0xFF,0xFF,0x00,0x00,0x00,0x0F,
					0xFF,0x00,0xF0,0xF0,0x00,0xF0,0x00,0x00,0x00,0x0F,0x00,0xF0,0x0F,0x0F,0x00,0x00,
					0x00,0x00,0x0F,0x00,0xF0,0x00,0xF0,0x00,0x00,0x00,0x00,0x0F,0x00,0xF0,0xF0,0x0F,
					0x00,0x00,0x00,0x00,0x0F,0x00,0xFF,0x00,0x00,0xF0,0x00,0x00,0x00,0x0F,0x00,0xF0,
					0x00,0x00,0xF0,0x00,0x00,0x00,0xF0,0xF0,0x00,0x00,0x00,0x00,0x00,0x00,0x0F,0x00,
					0x0F,0xFF,0xFF,0xFF,0xFF,0x00,0x00,0x00,0x00,0x00,0x00,0x00,0x00,0x00,0x00,0x00,  /* 44 */ 
  },
  {
    "一", 0x00,0x00,0x00,0x00,0x00,0x00,0x00,0x00,0x00,0x00,0x00,0x00,0x00,0x00,0x00,0x00,
					0x00,0x00,0x00,0x00,0x00,0x00,0x00,0x00,0x00,0x00,0x00,0x00,0x00,0x00,0x00,0x00,
					0x00,0x00,0x00,0x00,0x00,0x00,0x00,0x00,0x00,0x00,0x00,0x00,0x00,0x00,0x00,0x00,
					0x00,0x00,0x00,0x00,0x00,0x00,0x00,0x00,0x00,0x00,0x00,0x00,0x00,0x00,0x00,0x0F,
					0xFF,0xFF,0xFF,0xFF,0xFF,0xFF,0x00,0x00,0x00,0x00,0x00,0x00,0x00,0x00,0x00,0x00,
					0x00,0x00,0x00,0x00,0x00,0x00,0x00,0x00,0x00,0x00,0x00,0x00,0x00,0x00,0x00,0x00,
					0x00,0x00,0x00,0x00,0x00,0x00,0x00,0x00,0x00,0x00,0x00,0x00,0x00,0x00,0x00,0x00,
					0x00,0x00,0x00,0x00,0x00,0x00,0x00,0x00,0x00,0x00,0x00,0x00,0x00,0x00,0x00,0x00,
					0x00,0x00,0x00,0x00,0x00,0x00,0x00,0x00,0x00,0x00,0x00,0x00,0x00,0x00,0x00,0x00,  /* 45 */ 
  },
  {
    "二", 0x00,0x00,0x00,0x00,0x00,0x00,0x00,0x00,0x00,0x00,0x00,0x00,0x00,0x00,0x00,0x00,
					0x00,0x00,0x00,0x00,0x00,0x00,0x00,0x00,0x00,0x00,0x00,0x00,0xFF,0xFF,0xFF,0xFF,
					0xFF,0xF0,0x00,0x00,0x00,0x00,0x00,0x00,0x00,0x00,0x00,0x00,0x00,0x00,0x00,0x00,
					0x00,0x00,0x00,0x00,0x00,0x00,0x00,0x00,0x00,0x00,0x00,0x00,0x00,0x00,0x00,0x00,
					0x00,0x00,0x00,0x00,0x00,0x00,0x00,0x00,0x00,0x00,0x00,0x00,0x00,0x00,0x00,0x00,
					0x00,0x00,0x00,0x00,0x00,0x00,0x00,0x00,0x00,0x00,0x00,0x00,0x00,0x00,0x00,0x00,
					0x00,0x00,0x00,0x00,0x00,0x00,0x00,0x00,0x00,0x00,0x00,0x00,0x00,0x00,0x00,0x00,
					0x00,0x00,0x00,0x00,0x00,0x0F,0xFF,0xFF,0xFF,0xFF,0xFF,0xFF,0x00,0x00,0x00,0x00,
					0x00,0x00,0x00,0x00,0x00,0x00,0x00,0x00,0x00,0x00,0x00,0x00,0x00,0x00,0x00,0x00,  /* 46 */ 
  },
  {
    "三\xFD",0x00,0x00,0x00,0x00,0x00,0x00,0x00,0x00,0x00,0x00,0x00,0x00,0x00,0x00,0x00,0x00,
					0x00,0x00,0x00,0xFF,0xFF,0xFF,0xFF,0xFF,0xF0,0x00,0x00,0x00,0x00,0x00,0x00,0x00,
					0x00,0x00,0x00,0x00,0x00,0x00,0x00,0x00,0x00,0x00,0x00,0x00,0x00,0x00,0x00,0x00,
					0x00,0x00,0x00,0x00,0x00,0x00,0x00,0x00,0x00,0x00,0x00,0x00,0x00,0x00,0x00,0x00,
					0x00,0x00,0x00,0x00,0x00,0x00,0x00,0x00,0x00,0x0F,0xFF,0xFF,0xFF,0xFF,0x00,0x00,
					0x00,0x00,0x00,0x00,0x00,0x00,0x00,0x00,0x00,0x00,0x00,0x00,0x00,0x00,0x00,0x00,
					0x00,0x00,0x00,0x00,0x00,0x00,0x00,0x00,0x00,0x00,0x00,0x00,0x00,0x00,0x00,0x00,
					0x00,0x00,0x00,0x00,0x00,0x00,0x00,0x00,0x00,0x00,0x00,0x00,0x00,0x00,0x0F,0xFF,
					0xFF,0xFF,0xFF,0xFF,0xFF,0x00,0x00,0x00,0x00,0x00,0x00,0x00,0x00,0x00,0x00,0x00,  /* 47 */ 
  },
  {"差",0x00,0x00,0x00,0x00,0x00,0x00,0x00,0x00,0x00,0x00,0x00,0xF0,0x00,0x00,0xF0,0x00,
				0x00,0x00,0x00,0x00,0x0F,0x00,0x0F,0x00,0x00,0x00,0x00,0x00,0xFF,0xFF,0xFF,0xFF,
				0xFF,0xF0,0x00,0x00,0x00,0x00,0x00,0x0F,0x00,0x00,0x00,0x00,0x00,0x00,0x0F,0xFF,
				0xFF,0xFF,0xFF,0x00,0x00,0x00,0x00,0x00,0x00,0xF0,0x00,0x00,0x00,0x00,0x00,0x0F,
				0xFF,0xFF,0xFF,0xFF,0xFF,0xFF,0x00,0x00,0x00,0x00,0x0F,0x00,0x00,0x00,0x00,0x00,
				0x00,0x00,0x00,0xF0,0x00,0x00,0x00,0x00,0x00,0x00,0x00,0x0F,0x0F,0xFF,0xFF,0xFF,
				0x00,0x00,0x00,0x00,0xF0,0x00,0x00,0xF0,0x00,0x00,0x00,0x00,0x0F,0x00,0x00,0x00,
				0xF0,0x00,0x00,0x00,0x00,0x00,0x00,0x00,0x00,0xF0,0x00,0x00,0x00,0x00,0x00,0x0F,
				0xFF,0xFF,0xFF,0xFF,0xFF,0x00,0x00,0x00,0x00,0x00,0x00,0x00,0x00,0x00,0x00,0x00,
	},
	{
  "组", 0x00,0x00,0x00,0x00,0x00,0x00,0x00,0x00,0x00,0x00,0x0F,0x00,0x00,0x00,0x00,0x00,
				0x00,0x00,0x00,0x0F,0x00,0x0F,0xFF,0xFF,0xF0,0x00,0x00,0x00,0xF0,0x0F,0x0F,0x00,
				0x00,0xF0,0x00,0x00,0x00,0xF0,0x0F,0x0F,0x00,0x00,0xF0,0x00,0x00,0x0F,0xFF,0xF0,
				0x0F,0x00,0x00,0xF0,0x00,0x00,0x00,0x00,0xF0,0x0F,0xFF,0xFF,0xF0,0x00,0x00,0x00,
				0x0F,0x00,0x0F,0x00,0x00,0xF0,0x00,0x00,0x00,0xF0,0x00,0x0F,0x00,0x00,0xF0,0x00,
				0x00,0x0F,0xFF,0xFF,0x0F,0x00,0x00,0xF0,0x00,0x00,0x00,0x00,0x00,0x0F,0xFF,0xFF,
				0xF0,0x00,0x00,0x00,0x00,0x00,0x0F,0x00,0x00,0xF0,0x00,0x00,0x00,0x00,0xFF,0x0F,
				0x00,0x00,0xF0,0x00,0x00,0x0F,0xFF,0x00,0x0F,0x00,0x00,0xF0,0x00,0x00,0x00,0x00,
				0x00,0xFF,0xFF,0xFF,0xFF,0x00,0x00,0x00,0x00,0x00,0x00,0x00,0x00,0x00,0x00,0x00,
	},
	{
  "合", 0x00,0x00,0x00,0x00,0x00,0x00,0x00,0x00,0x00,0x00,0x00,0x00,0x0F,0x00,0x00,0x00,
				0x00,0x00,0x00,0x00,0x00,0xF0,0xF0,0x00,0x00,0x00,0x00,0x00,0x00,0x0F,0x00,0x0F,
				0x00,0x00,0x00,0x00,0x00,0x0F,0xF0,0x00,0x00,0xFF,0x00,0x00,0x00,0x0F,0xF0,0x00,
				0x00,0x00,0x00,0xFF,0x00,0x00,0x00,0x00,0xFF,0xFF,0xFF,0xF0,0x00,0x00,0x00,0x00,
				0x00,0x00,0x00,0x00,0x00,0x00,0x00,0x00,0x00,0x00,0x00,0x00,0x00,0x00,0x00,0x00,
				0x00,0x00,0x0F,0xFF,0xFF,0xFF,0xFF,0x00,0x00,0x00,0x00,0x0F,0x00,0x00,0x00,0x0F,
				0x00,0x00,0x00,0x00,0x0F,0x00,0x00,0x00,0x0F,0x00,0x00,0x00,0x00,0x0F,0x00,0x00,
				0x00,0x0F,0x00,0x00,0x00,0x00,0x0F,0xFF,0xFF,0xFF,0xFF,0x00,0x00,0x00,0x00,0x0F,
				0x00,0x00,0x00,0x0F,0x00,0x00,0x00,0x00,0x00,0x00,0x00,0x00,0x00,0x00,0x00,0x00,
	},
	{
  "等", 0x00,0x00,0x00,0x00,0x00,0x00,0x00,0x00,0x00,0x00,0x0F,0x00,0x00,0x0F,0x00,0x00,
				0x00,0x00,0x00,0x0F,0xFF,0xF0,0x0F,0xFF,0xFF,0x00,0x00,0x00,0xF0,0xF0,0x00,0xF0,
				0x0F,0x00,0x00,0x00,0x0F,0x00,0x0F,0x0F,0x00,0x00,0xF0,0x00,0x00,0x00,0x00,0x00,
				0x0F,0x00,0x00,0x00,0x00,0x00,0x00,0x0F,0xFF,0xFF,0xFF,0xFF,0x00,0x00,0x00,0x00,
				0x00,0x00,0x0F,0x00,0x00,0x00,0x00,0x00,0x0F,0xFF,0xFF,0xFF,0xFF,0xFF,0xFF,0x00,
				0x00,0x00,0x00,0x00,0x00,0x0F,0x00,0x00,0x00,0x00,0x00,0xFF,0xFF,0xFF,0xFF,0xFF,
				0xF0,0x00,0x00,0x00,0x00,0x00,0x00,0x0F,0x00,0x00,0x00,0x00,0x00,0x00,0xF0,0x00,
				0x0F,0x00,0x00,0x00,0x00,0x00,0x00,0x0F,0x00,0x0F,0x00,0x00,0x00,0x00,0x00,0x00,
				0x00,0x0F,0xFF,0x00,0x00,0x00,0x00,0x00,0x00,0x00,0x00,0x00,0x00,0x00,0x00,0x00,
	},
	{
	
	  "滤",0x00,0x00,0x00,0x00,0x00,0x00,0x00,0x00,0x00,0x00,0x00,0x00,0x00,0x0F,0x00,0x00,
				0x00,0x00,0x00,0xF0,0x00,0x00,0x0F,0xFF,0xF0,0x00,0x00,0x00,0x0F,0x00,0x00,0x0F,
				0x00,0x00,0x00,0x00,0x00,0x00,0xF0,0xFF,0xFF,0xFF,0xFF,0x00,0x00,0x00,0x00,0x00,
				0xF0,0x0F,0x00,0x0F,0x00,0x00,0x0F,0x00,0x00,0xF0,0x0F,0xFF,0x00,0x00,0x00,0x00,
				0xF0,0x00,0xFF,0xFF,0x00,0x0F,0x00,0x00,0x00,0x00,0xF0,0xF0,0x00,0xFF,0xFF,0x00,
				0x00,0x00,0x00,0xF0,0xF0,0x00,0x00,0x00,0x00,0x00,0x00,0x0F,0x00,0xF0,0x0F,0x00,
				0x00,0x00,0x00,0x00,0x0F,0x00,0xF0,0x00,0xF0,0xF0,0x00,0x00,0x00,0xF0,0x0F,0x0F,
				0x0F,0x00,0x0F,0x00,0x00,0x00,0xF0,0x0F,0x0F,0x0F,0x0F,0x0F,0x00,0x00,0x00,0x00,
				0xF0,0xF0,0x00,0xFF,0x00,0x00,0x00,0x00,0x00,0x00,0x00,0x00,0x00,0x00,0x00,0x00,
	},
  {
    "四",0x00,0x00,0x00,0x00,0x00,0x00,0x00,0x00,0x00,0x00,0x00,0x00,0x00,0x00,0x00,0x00,
				0x00,0x00,0x00,0xFF,0xFF,0xFF,0xFF,0xFF,0xFF,0x00,0x00,0x00,0xF0,0x00,0xF0,0x0F,
				0x00,0x0F,0x00,0x00,0x00,0xF0,0x00,0xF0,0x0F,0x00,0x0F,0x00,0x00,0x00,0xF0,0x00,
				0xF0,0x0F,0x00,0x0F,0x00,0x00,0x00,0xF0,0x00,0xF0,0x0F,0x00,0x0F,0x00,0x00,0x00,
				0xF0,0x00,0xF0,0x0F,0x00,0x0F,0x00,0x00,0x00,0xF0,0x00,0xF0,0x0F,0x00,0x0F,0x00,
				0x00,0x00,0xF0,0x00,0xF0,0x0F,0x00,0x0F,0x00,0x00,0x00,0xF0,0x0F,0x00,0x00,0xFF,
				0xFF,0x00,0x00,0x00,0xF0,0xF0,0x00,0x00,0x00,0x0F,0x00,0x00,0x00,0xF0,0x00,0x00,
				0x00,0x00,0x0F,0x00,0x00,0x00,0xFF,0xFF,0xFF,0xFF,0xFF,0xFF,0x00,0x00,0x00,0xF0,
				0x00,0x00,0x00,0x00,0x0F,0x00,0x00,0x00,0x00,0x00,0x00,0x00,0x00,0x00,0x00,0x00,  /* 48 */ 
  },
  {
    "拒",0x00,0x00,0x00,0x00,0x00,0x00,0x00,0x00,0x00,0x00,0x0F,0x00,0x00,0x00,0x00,0x00,
				0x00,0x00,0x00,0x0F,0x00,0x0F,0xFF,0xFF,0xFF,0x00,0x00,0x00,0x0F,0x00,0x0F,0x00,
				0x00,0x00,0x00,0x00,0x0F,0xFF,0xFF,0x0F,0x00,0x00,0x00,0x00,0x00,0x00,0x0F,0x00,
				0x0F,0x00,0x00,0x00,0x00,0x00,0x00,0x0F,0x00,0x0F,0xFF,0xFF,0xF0,0x00,0x00,0x00,
				0x0F,0x0F,0x0F,0x00,0x00,0xF0,0x00,0x00,0x00,0x0F,0xF0,0x0F,0x00,0x00,0xF0,0x00,
				0x00,0x0F,0xFF,0x00,0x0F,0x00,0x00,0xF0,0x00,0x00,0x00,0x0F,0x00,0x0F,0xFF,0xFF,
				0xF0,0x00,0x00,0x00,0x0F,0x00,0x0F,0x00,0x00,0x00,0x00,0x00,0x00,0x0F,0x00,0x0F,
				0x00,0x00,0x00,0x00,0x00,0x00,0x0F,0x00,0x0F,0x00,0x00,0x00,0x00,0x00,0x0F,0xFF,
				0x00,0x0F,0xFF,0xFF,0xFF,0x00,0x00,0x00,0x00,0x00,0x00,0x00,0x00,0x00,0x00,0x00,  /* 49 */ 
  },
  {
    "除\xFD",0x00,0x00,0x00,0x00,0x00,0x00,0x00,0x00,0x00,0x00,0x00,0x00,0x00,0x0F,0x00,0x00,
				0x00,0x00,0x0F,0xFF,0xF0,0x00,0x0F,0x00,0x00,0x00,0x00,0x0F,0x00,0xF0,0x00,0xF0,
				0xF0,0x00,0x00,0x00,0x0F,0x00,0xF0,0x0F,0x00,0x0F,0x00,0x00,0x00,0x0F,0x0F,0x00,
				0xF0,0x00,0x00,0xF0,0x00,0x00,0x0F,0x0F,0x0F,0x0F,0xFF,0xFF,0x0F,0x00,0x00,0x0F,
				0x00,0xF0,0x00,0x0F,0x00,0x00,0x00,0x00,0x0F,0x00,0xF0,0x00,0x0F,0x00,0x00,0x00,
				0x00,0x0F,0x00,0xF0,0xFF,0xFF,0xFF,0xF0,0x00,0x00,0x0F,0x00,0xF0,0x00,0x0F,0x00,
				0x00,0x00,0x00,0x0F,0xFF,0x00,0xF0,0x0F,0x00,0xF0,0x00,0x00,0x0F,0x00,0x00,0xF0,
				0x0F,0x00,0x0F,0x00,0x00,0x0F,0x00,0x0F,0x00,0x0F,0x00,0x0F,0x00,0x00,0x0F,0x00,
				0x00,0x0F,0xFF,0x00,0x00,0x00,0x00,0x00,0x00,0x00,0x00,0x00,0x00,0x00,0x00,0x00,  /* 50 */ 
  },
  {
    "运",0x00,0x00,0x00,0x00,0x00,0x00,0x00,0x00,0x00,0x00,0x00,0x00,0x00,0x00,0x00,0x00,
				0x00,0x00,0x00,0xF0,0x00,0xFF,0xFF,0xFF,0x00,0x00,0x00,0x00,0x0F,0x00,0x00,0x00,
				0x00,0x00,0x00,0x00,0x00,0x0F,0x00,0x00,0x00,0x00,0x00,0x00,0x00,0x00,0x00,0x00,
				0x00,0x00,0x00,0x00,0x00,0x00,0x00,0x00,0x0F,0xFF,0xFF,0xFF,0xFF,0x00,0x00,0x0F,
				0xFF,0x00,0x00,0xF0,0x00,0x00,0x00,0x00,0x00,0x0F,0x00,0x00,0xF0,0x00,0x00,0x00,
				0x00,0x00,0x0F,0x00,0x0F,0x00,0xF0,0x00,0x00,0x00,0x00,0x0F,0x00,0xF0,0x00,0x0F,
				0x00,0x00,0x00,0x00,0x0F,0x0F,0xFF,0xFF,0xFF,0xF0,0x00,0x00,0x00,0x0F,0x00,0x00,
				0x00,0x00,0xF0,0x00,0x00,0x00,0xF0,0xF0,0x00,0x00,0x00,0x00,0x00,0x00,0x0F,0x00,
				0x0F,0xFF,0xFF,0xFF,0xFF,0x00,0x00,0x00,0x00,0x00,0x00,0x00,0x00,0x00,0x00,0x00,  /* 51 */ 
  },
  {
    "路",0x00,0x00,0x00,0x00,0x00,0x00,0x00,0x00,0x00,0x00,0x00,0x00,0x00,0x0F,0x00,0x00,
				0x00,0x00,0x00,0xFF,0xFF,0x00,0x0F,0x00,0x00,0x00,0x00,0x00,0xF0,0x0F,0x00,0x0F,
				0xFF,0xF0,0x00,0x00,0x00,0xF0,0x0F,0x00,0xF0,0x00,0xF0,0x00,0x00,0x00,0xF0,0x0F,
				0x0F,0x0F,0x0F,0x00,0x00,0x00,0x00,0xFF,0xFF,0x00,0x00,0xF0,0x00,0x00,0x00,0x00,
				0x00,0xF0,0x00,0x0F,0x0F,0x00,0x00,0x00,0x00,0xF0,0xF0,0x0F,0xF0,0x00,0xFF,0x00,
				0x00,0x00,0xF0,0xFF,0xF0,0x00,0x00,0x00,0x00,0x00,0x00,0xF0,0xF0,0x00,0xFF,0xFF,
				0xF0,0x00,0x00,0x00,0xF0,0xF0,0x00,0xF0,0x00,0xF0,0x00,0x00,0x00,0xF0,0xFF,0xF0,
				0xF0,0x00,0xF0,0x00,0x00,0x0F,0xFF,0x00,0x00,0xFF,0xFF,0xF0,0x00,0x00,0x00,0x00,
				0x00,0x00,0xF0,0x00,0xF0,0x00,0x00,0x00,0x00,0x00,0x00,0x00,0x00,0x00,0x00,0x00,  /* 52 */ 
  },
  {
    "月",0x00,0x00,0x00,0x00,0x00,0x00,0x00,0x00,0x00,0x00,0x00,0xFF,0xFF,0xFF,0xFF,0xF0,
				0x00,0x00,0x00,0x00,0xF0,0x00,0x00,0x00,0xF0,0x00,0x00,0x00,0x00,0xF0,0x00,0x00,
				0x00,0xF0,0x00,0x00,0x00,0x00,0xF0,0x00,0x00,0x00,0xF0,0x00,0x00,0x00,0x00,0xFF,
				0xFF,0xFF,0xFF,0xF0,0x00,0x00,0x00,0x00,0xF0,0x00,0x00,0x00,0xF0,0x00,0x00,0x00,
				0x00,0xF0,0x00,0x00,0x00,0xF0,0x00,0x00,0x00,0x00,0xF0,0x00,0x00,0x00,0xF0,0x00,
				0x00,0x00,0x00,0xFF,0xFF,0xFF,0xFF,0xF0,0x00,0x00,0x00,0x00,0xF0,0x00,0x00,0x00,
				0xF0,0x00,0x00,0x00,0x00,0xF0,0x00,0x00,0x00,0xF0,0x00,0x00,0x00,0x0F,0x00,0x00,
				0x00,0x00,0xF0,0x00,0x00,0x00,0x0F,0x00,0x00,0x00,0x00,0xF0,0x00,0x00,0x00,0xF0,
				0x00,0x00,0x00,0xFF,0xF0,0x00,0x00,0x00,0x00,0x00,0x00,0x00,0x00,0x00,0x00,0x00,  /* 53 */ 
  },
  {
    "次",0x00,0x00,0x00,0x00,0x00,0x00,0x00,0x00,0x00,0x00,0x00,0x00,0x0F,0x00,0x00,0x00,
				0x00,0x00,0x00,0xF0,0x00,0x0F,0x00,0x00,0x00,0x00,0x00,0x00,0x0F,0x00,0x0F,0x00,
				0x00,0x00,0x00,0x00,0x00,0x0F,0x00,0x0F,0xFF,0xFF,0xFF,0x00,0x00,0x00,0x00,0x00,
				0xF0,0x00,0x00,0x0F,0x00,0x00,0x00,0x00,0x00,0xF0,0x00,0x00,0xF0,0x00,0x00,0x00,
				0x00,0x0F,0x00,0x0F,0x00,0x00,0x00,0x00,0x00,0x0F,0x00,0x00,0x0F,0x00,0x00,0x00,
				0x00,0x00,0x0F,0x00,0x00,0x0F,0x00,0x00,0x00,0x00,0x00,0xF0,0x00,0x00,0xF0,0xF0,
				0x00,0x00,0x00,0x00,0xF0,0x00,0x00,0xF0,0xF0,0x00,0x00,0x00,0x0F,0x00,0x00,0x0F,
				0x00,0x0F,0x00,0x00,0x00,0x0F,0x00,0x00,0xF0,0x00,0x00,0xF0,0x00,0x00,0x00,0x00,
				0x0F,0x00,0x00,0x00,0x0F,0x00,0x00,0x00,0x00,0x00,0x00,0x00,0x00,0x00,0x00,0x00,  /* 54 */ 
  },
  {
    "存",0x00,0x00,0x00,0x00,0x00,0x00,0x00,0x00,0x00,0x00,0x00,0x00,0xF0,0x00,0x00,0x00,
				0x00,0x00,0x00,0x00,0x00,0xF0,0x00,0x00,0x00,0x00,0x00,0x0F,0xFF,0xFF,0xFF,0xFF,
				0xFF,0xFF,0x00,0x00,0x00,0x00,0x0F,0x00,0x00,0x00,0x00,0x00,0x00,0x00,0x00,0xF0,
				0x00,0x00,0x00,0x00,0x00,0x00,0x00,0x00,0xF0,0x0F,0xFF,0xFF,0xF0,0x00,0x00,0x00,
				0x0F,0xF0,0x00,0x00,0x0F,0x00,0x00,0x00,0x00,0xF0,0xF0,0x00,0x00,0xF0,0x00,0x00,
				0x00,0x0F,0x00,0xF0,0x00,0x00,0xF0,0x00,0x00,0x00,0x00,0x00,0xF0,0xFF,0xFF,0xFF,
				0xFF,0x00,0x00,0x00,0x00,0xF0,0x00,0x00,0xF0,0x00,0x00,0x00,0x00,0x00,0xF0,0x00,
				0x00,0xF0,0x00,0x00,0x00,0x00,0x00,0xF0,0x00,0x00,0xF0,0x00,0x00,0x00,0x00,0x00,
				0xF0,0x00,0xFF,0xF0,0x00,0x00,0x00,0x00,0x00,0x00,0x00,0x00,0x00,0x00,0x00,0x00,  /* 55 */ 
  },
  {
    "出",0x00,0x00,0x00,0x00,0x00,0x00,0x00,0x00,0x00,0x00,0x00,0x00,0x0F,0x00,0x00,0x00,
				0x00,0x00,0x00,0xF0,0x00,0x0F,0x00,0x00,0xF0,0x00,0x00,0x00,0xF0,0x00,0x0F,0x00,
				0x00,0xF0,0x00,0x00,0x00,0xF0,0x00,0x0F,0x00,0x00,0xF0,0x00,0x00,0x00,0xF0,0x00,
				0x0F,0x00,0x00,0xF0,0x00,0x00,0x00,0xFF,0xFF,0xFF,0xFF,0xFF,0xF0,0x00,0x00,0x00,
				0x00,0x00,0x0F,0x00,0x00,0x00,0x00,0x00,0x00,0x00,0x00,0x0F,0x00,0x00,0x00,0x00,
				0x00,0x0F,0x00,0x00,0x0F,0x00,0x00,0x0F,0x00,0x00,0x0F,0x00,0x00,0x0F,0x00,0x00,
				0x0F,0x00,0x00,0x0F,0x00,0x00,0x0F,0x00,0x00,0x0F,0x00,0x00,0x0F,0x00,0x00,0x0F,
				0x00,0x00,0x0F,0x00,0x00,0x0F,0xFF,0xFF,0xFF,0xFF,0xFF,0xFF,0x00,0x00,0x00,0x00,
				0x00,0x00,0x00,0x00,0x0F,0x00,0x00,0x00,0x00,0x00,0x00,0x00,0x00,0x00,0x00,0x00,  /* 56 */ 
  },
  {
    "压",0x00,0x00,0x00,0x00,0x00,0x00,0x00,0x00,0x00,0x00,0x00,0x00,0x00,0x00,0x00,0x00,
				0x00,0x00,0x00,0x0F,0xFF,0xFF,0xFF,0xFF,0xFF,0x00,0x00,0x00,0x0F,0x00,0x00,0x00,
				0x00,0x00,0x00,0x00,0x00,0x0F,0x00,0x00,0xF0,0x00,0x00,0x00,0x00,0x00,0x0F,0x00,
				0x00,0xF0,0x00,0x00,0x00,0x00,0x00,0x0F,0x00,0x00,0xF0,0x00,0x00,0x00,0x00,0x00,
				0x0F,0x0F,0xFF,0xFF,0xFF,0xF0,0x00,0x00,0x00,0x0F,0x00,0x00,0xF0,0x00,0x00,0x00,
				0x00,0x00,0x0F,0x00,0x00,0xF0,0x00,0x00,0x00,0x00,0x00,0x0F,0x00,0x00,0xF0,0x0F,
				0x00,0x00,0x00,0x00,0x0F,0x00,0x00,0xF0,0x00,0xF0,0x00,0x00,0x00,0xF0,0x00,0x00,
				0xF0,0x00,0xF0,0x00,0x00,0x00,0xF0,0x00,0x00,0xF0,0x00,0x00,0x00,0x00,0x0F,0x00,
				0xFF,0xFF,0xFF,0xFF,0xFF,0x00,0x00,0x00,0x00,0x00,0x00,0x00,0x00,0x00,0x00,0x00,  /* 57 */ 
  },
  {
    "上",0x00,0x00,0x00,0x00,0x00,0x00,0x00,0x00,0x00,0x00,0x00,0x00,0x0F,0x00,0x00,0x00,
				0x00,0x00,0x00,0x00,0x00,0x0F,0x00,0x00,0x00,0x00,0x00,0x00,0x00,0x00,0x0F,0x00,
				0x00,0x00,0x00,0x00,0x00,0x00,0x00,0x0F,0x00,0x00,0x00,0x00,0x00,0x00,0x00,0x00,
				0x0F,0x00,0x00,0x00,0x00,0x00,0x00,0x00,0x00,0x0F,0xFF,0xFF,0xF0,0x00,0x00,0x00,
				0x00,0x00,0x0F,0x00,0x00,0x00,0x00,0x00,0x00,0x00,0x00,0x0F,0x00,0x00,0x00,0x00,
				0x00,0x00,0x00,0x00,0x0F,0x00,0x00,0x00,0x00,0x00,0x00,0x00,0x00,0x0F,0x00,0x00,
				0x00,0x00,0x00,0x00,0x00,0x00,0x0F,0x00,0x00,0x00,0x00,0x00,0x00,0x00,0x00,0x0F,
				0x00,0x00,0x00,0x00,0x00,0x00,0x00,0x00,0x0F,0x00,0x00,0x00,0x00,0x00,0x0F,0xFF,
				0xFF,0xFF,0xFF,0xFF,0xFF,0x00,0x00,0x00,0x00,0x00,0x00,0x00,0x00,0x00,0x00,0x00,  /* 58 */ 
  },
//  {
//    "限",0x00,0x00,0x00,0x00,0x00,0x00,0x00,0x00,0x00,0x00,0x00,0x00,0x00,0x00,0x00,0x00,
//				0x00,0x00,0x00,0xFF,0xFF,0x0F,0xFF,0xFF,0xF0,0x00,0x00,0x00,0xF0,0x0F,0x0F,0x00,
//				0x00,0xF0,0x00,0x00,0x00,0xF0,0x0F,0x0F,0x00,0x00,0xF0,0x00,0x00,0x00,0xF0,0xF0,
//				0x0F,0xFF,0xFF,0xF0,0x00,0x00,0x00,0xF0,0xF0,0x0F,0x00,0x00,0xF0,0x00,0x00,0x00,
//				0xF0,0x0F,0x0F,0x00,0x00,0xF0,0x00,0x00,0x00,0xF0,0x0F,0x0F,0xFF,0xFF,0xF0,0x00,
//				0x00,0x00,0xF0,0x0F,0x0F,0x00,0xF0,0x0F,0x00,0x00,0x00,0xF0,0x0F,0x0F,0x00,0xF0,
//				0xF0,0x00,0x00,0x00,0xFF,0xF0,0x0F,0x00,0x0F,0x00,0x00,0x00,0x00,0xF0,0x00,0x0F,
//				0x0F,0x0F,0x00,0x00,0x00,0x00,0xF0,0x00,0x0F,0xF0,0x00,0xF0,0x00,0x00,0x00,0xF0,
//				0x00,0x0F,0x00,0x00,0x0F,0x00,0x00,0x00,0x00,0x00,0x00,0x00,0x00,0x00,0x00,0x00,  /* 59 */ 
//  },
//	
//	{
//	  "箭\xFD",0x00,0x00,0x00,0x00,0x00,0x00,0x00,0x00,0x00,0x00,0x00,0x00,0x00,0x00,0x00,0x00,
//				0x00,0x00,0x00,0x00,0x00,0x00,0xFF,0x00,0x00,0x00,0x00,0x00,0x00,0x00,0x0F,0xFF,
//				0xF0,0x00,0x00,0x00,0x00,0x00,0x00,0xFF,0xFF,0xFF,0x00,0x00,0x00,0x00,0x00,0x0F,
//				0xF0,0xFF,0x0F,0xF0,0x00,0x00,0x00,0x00,0xFF,0x00,0xFF,0x00,0xFF,0x00,0x00,0x00,
//				0x00,0xF0,0x00,0xFF,0x00,0x0F,0x00,0x00,0x00,0x00,0x00,0x00,0xFF,0x00,0x00,0x00,
//				0x00,0x00,0x00,0x00,0x00,0xFF,0x00,0x00,0x00,0x00,0x00,0x00,0x00,0x00,0xFF,0x00,
//				0x00,0x00,0x00,0x00,0x00,0x00,0x00,0xFF,0x00,0x00,0x00,0x00,0x00,0x00,0x00,0x00,
//				0xFF,0x00,0x00,0x00,0x00,0x00,0x00,0x00,0x00,0xFF,0x00,0x00,0x00,0x00,0x00,0x00,
//				0x00,0x00,0x00,0x00,0x00,0x00,0x00,0x00,0x00,0x00,0x00,0x00,0x00,0x00,0x00,0x00,  /* 0 */ 
//  },
//  {
//    "方",0x00,0x00,0x00,0x00,0x00,0x00,0x00,0x00,0x00,0x00,0x00,0x00,0xF0,0x00,0x00,0x00,
//				0x00,0x00,0x00,0x00,0x00,0x0F,0x00,0x00,0x00,0x00,0x00,0x0F,0xFF,0xFF,0xFF,0xFF,
//				0xFF,0xFF,0x00,0x00,0x00,0x00,0x0F,0x00,0x00,0x00,0x00,0x00,0x00,0x00,0x00,0x0F,
//				0x00,0x00,0x00,0x00,0x00,0x00,0x00,0x00,0x0F,0x00,0x00,0x00,0x00,0x00,0x00,0x00,
//				0x00,0x0F,0xFF,0xFF,0xFF,0x00,0x00,0x00,0x00,0x00,0x0F,0x00,0x00,0x0F,0x00,0x00,
//				0x00,0x00,0x00,0x0F,0x00,0x00,0x0F,0x00,0x00,0x00,0x00,0x00,0xF0,0x00,0x00,0x0F,
//				0x00,0x00,0x00,0x00,0x00,0xF0,0x00,0x00,0x0F,0x00,0x00,0x00,0x00,0x0F,0x00,0x00,
//				0x00,0x0F,0x00,0x00,0x00,0x00,0xF0,0x00,0x00,0x00,0x0F,0x00,0x00,0x00,0x0F,0x00,
//				0x00,0x00,0x0F,0xF0,0x00,0x00,0x00,0x00,0x00,0x00,0x00,0x00,0x00,0x00,0x00,0x00,  /* 60 */ 
//  },
//  {
//    "案",0x00,0x00,0x00,0x00,0x00,0x00,0x00,0x00,0x00,0x00,0x00,0x00,0x0F,0x00,0x00,0x00,
//				0x00,0x00,0x00,0xFF,0xFF,0xFF,0xFF,0xFF,0xF0,0x00,0x00,0x00,0xF0,0x00,0xF0,0x00,
//				0x00,0xF0,0x00,0x00,0x00,0x00,0x00,0xF0,0x00,0x00,0x00,0x00,0x00,0x0F,0xFF,0xFF,
//				0xFF,0xFF,0xFF,0xFF,0x00,0x00,0x00,0x00,0xFF,0x00,0x0F,0x00,0x00,0x00,0x00,0x00,
//				0x00,0x00,0xFF,0xF0,0x00,0x00,0x00,0x00,0x00,0xFF,0xFF,0x00,0x0F,0xFF,0x00,0x00,
//				0x00,0x00,0x00,0x00,0x0F,0x00,0x00,0x00,0x00,0x00,0x0F,0xFF,0xFF,0xFF,0xFF,0xFF,
//				0xFF,0x00,0x00,0x00,0x00,0x0F,0x0F,0x0F,0x00,0x00,0x00,0x00,0x00,0x0F,0xF0,0x0F,
//				0x00,0xFF,0x00,0x00,0x00,0x0F,0xF0,0x00,0x0F,0x00,0x00,0xFF,0x00,0x00,0x00,0x00,
//				0x00,0x0F,0x00,0x00,0x00,0x00,0x00,0x00,0x00,0x00,0x00,0x00,0x00,0x00,0x00,0x00,  /* 61 */ 
//  },
//  {
//    "下",0x00,0x00,0x00,0x00,0x00,0x00,0x00,0x00,0x00,0x00,0x00,0x00,0x00,0x00,0x00,0x00,
//				0x00,0x00,0x0F,0xFF,0xFF,0xFF,0xFF,0xFF,0xFF,0x00,0x00,0x00,0x00,0x00,0xF0,0x00,
//				0x00,0x00,0x00,0x00,0x00,0x00,0x00,0xF0,0x00,0x00,0x00,0x00,0x00,0x00,0x00,0x00,
//				0xF0,0x00,0x00,0x00,0x00,0x00,0x00,0x00,0x00,0xF0,0x0F,0x00,0x00,0x00,0x00,0x00,
//				0x00,0x00,0xF0,0x00,0xF0,0x00,0x00,0x00,0x00,0x00,0x00,0xF0,0x00,0x0F,0x00,0x00,
//				0x00,0x00,0x00,0x00,0xF0,0x00,0x0F,0x00,0x00,0x00,0x00,0x00,0x00,0xF0,0x00,0x00,
//				0x00,0x00,0x00,0x00,0x00,0x00,0xF0,0x00,0x00,0x00,0x00,0x00,0x00,0x00,0x00,0xF0,
//				0x00,0x00,0x00,0x00,0x00,0x00,0x00,0x00,0xF0,0x00,0x00,0x00,0x00,0x00,0x00,0x00,
//				0x00,0xF0,0x00,0x00,0x00,0x00,0x00,0x00,0x00,0x00,0x00,0x00,0x00,0x00,0x00,0x00,  /* 62 */ 
//  },
//  {
//    "延",0x00,0x00,0x00,0x00,0x00,0x00,0x00,0x00,0x00,0x00,0x00,0x00,0x00,0x00,0x00,0x00,
//				0x00,0x00,0x00,0x00,0x00,0x00,0x00,0xFF,0xF0,0x00,0x00,0x0F,0xFF,0xF0,0x0F,0xFF,
//				0xF0,0x00,0x00,0x00,0x00,0x00,0xF0,0x00,0x00,0xF0,0x00,0x00,0x00,0x00,0x0F,0x00,
//				0x00,0x00,0xF0,0x00,0x00,0x00,0x00,0x0F,0x00,0x0F,0x00,0xFF,0xF0,0x00,0x00,0x00,
//				0xF0,0x00,0x0F,0x00,0xF0,0x00,0x00,0x00,0x00,0xFF,0xF0,0x0F,0x00,0xF0,0x00,0x00,
//				0x00,0x00,0x00,0xF0,0x0F,0x00,0xF0,0x00,0x00,0x00,0x00,0xF0,0xF0,0x0F,0x00,0xF0,
//				0x00,0x00,0x00,0x00,0x0F,0x00,0x0F,0xFF,0xFF,0xF0,0x00,0x00,0x00,0x0F,0x00,0x00,
//				0x00,0x00,0x00,0x00,0x00,0x00,0xF0,0xF0,0x00,0x00,0x00,0x00,0x00,0x00,0x0F,0x00,
//				0x0F,0xFF,0xFF,0xFF,0xFF,0x00,0x00,0x00,0x00,0x00,0x00,0x00,0x00,0x00,0x00,0x00,  /* 63 */ 
//  },
//  {
//    "连",0x00,0x00,0x00,0x00,0x00,0x00,0x00,0x00,0x00,0x00,0x00,0x00,0x00,0xF0,0x00,0x00,
//				0x00,0x00,0x00,0xF0,0x00,0x00,0xF0,0x00,0x00,0x00,0x00,0x00,0x0F,0x0F,0xFF,0xFF,
//				0xFF,0xF0,0x00,0x00,0x00,0x0F,0x00,0x0F,0x00,0x00,0x00,0x00,0x00,0x00,0x00,0x00,
//				0xF0,0x0F,0x00,0x00,0x00,0x00,0x00,0x00,0x00,0xF0,0x0F,0x00,0x00,0x00,0x00,0x0F,
//				0xFF,0x0F,0xFF,0xFF,0xFF,0xF0,0x00,0x00,0x00,0x0F,0x00,0x00,0x0F,0x00,0x00,0x00,
//				0x00,0x00,0x0F,0x00,0x00,0x0F,0x00,0x00,0x00,0x00,0x00,0x0F,0x0F,0xFF,0xFF,0xFF,
//				0xFF,0x00,0x00,0x00,0x0F,0x00,0x00,0x0F,0x00,0x00,0x00,0x00,0x00,0x0F,0x00,0x00,
//				0x0F,0x00,0x00,0x00,0x00,0x00,0xF0,0xF0,0x00,0x0F,0x00,0x00,0x00,0x00,0x0F,0x00,
//				0x0F,0xFF,0xFF,0xFF,0xFF,0x00,0x00,0x00,0x00,0x00,0x00,0x00,0x00,0x00,0x00,0x00,  /* 64 */ 
//  },
//  {
//    "隔",0x00,0x00,0x00,0x00,0x00,0x00,0x00,0x00,0x00,0x00,0x00,0x00,0x00,0x00,0x00,0x00,
//				0x00,0x00,0x00,0xFF,0xFF,0x0F,0xFF,0xFF,0xFF,0x00,0x00,0x00,0xF0,0x0F,0x00,0x00,
//				0x00,0x00,0x00,0x00,0x00,0xF0,0x0F,0x00,0xFF,0xFF,0xF0,0x00,0x00,0x00,0xF0,0xF0,
//				0x00,0xF0,0x00,0xF0,0x00,0x00,0x00,0xF0,0xF0,0x00,0xFF,0xFF,0xF0,0x00,0x00,0x00,
//				0xF0,0x0F,0x00,0x00,0x00,0x00,0x00,0x00,0x00,0xF0,0x0F,0x0F,0xFF,0xFF,0xFF,0x00,
//				0x00,0x00,0xF0,0x0F,0x0F,0x0F,0x0F,0x0F,0x00,0x00,0x00,0xF0,0x0F,0x0F,0x00,0xF0,
//				0x0F,0x00,0x00,0x00,0xFF,0xF0,0x0F,0xFF,0xFF,0xFF,0x00,0x00,0x00,0xF0,0x00,0x0F,
//				0x00,0xF0,0x0F,0x00,0x00,0x00,0xF0,0x00,0x0F,0x00,0xF0,0x0F,0x00,0x00,0x00,0xF0,
//				0x00,0x0F,0x00,0x00,0xFF,0x00,0x00,0x00,0x00,0x00,0x00,0x00,0x00,0x00,0x00,0x00,  /* 65 */ 
//  },

//  {
//    "欠",0x00,0x00,0x00,0x00,0x00,0x00,0x00,0x00,0x00,0x00,0x00,0xF0,0x00,0x00,0x00,0x00,
//				0x00,0x00,0x00,0x00,0xF0,0x00,0x00,0x00,0x00,0x00,0x00,0x00,0x00,0xF0,0x00,0x00,
//				0x00,0x00,0x00,0x00,0x00,0x0F,0xFF,0xFF,0xFF,0xFF,0xF0,0x00,0x00,0x00,0x0F,0x00,
//				0x00,0x00,0x00,0xF0,0x00,0x00,0x00,0xF0,0x00,0x0F,0x00,0x0F,0x00,0x00,0x00,0x0F,
//				0x00,0x00,0x0F,0x00,0xF0,0x00,0x00,0x00,0x00,0x00,0x00,0x0F,0x00,0x00,0x00,0x00,
//				0x00,0x00,0x00,0x00,0xF0,0xF0,0x00,0x00,0x00,0x00,0x00,0x00,0x00,0xF0,0xF0,0x00,
//				0x00,0x00,0x00,0x00,0x00,0x0F,0x00,0x0F,0x00,0x00,0x00,0x00,0x00,0x00,0xF0,0x00,
//				0x00,0xF0,0x00,0x00,0x00,0x00,0x0F,0x00,0x00,0x00,0x0F,0x00,0x00,0x00,0x0F,0xF0,
//				0x00,0x00,0x00,0x00,0xFF,0x00,0x00,0x00,0x00,0x00,0x00,0x00,0x00,0x00,0x00,0x00,  /* 67 */ 
//  },
//  {
//    "地",0x00,0x00,0x00,0x00,0x00,0x00,0x00,0x00,0x00,0x00,0x0F,0x00,0x00,0x0F,0x00,0x00,
//				0x00,0x00,0x00,0x0F,0x00,0x00,0x0F,0x00,0x00,0x00,0x00,0x00,0x0F,0x00,0xF0,0x0F,
//				0x00,0xF0,0x00,0x00,0x00,0x0F,0x00,0xF0,0x0F,0x0F,0xF0,0x00,0x00,0x0F,0xFF,0xF0,
//				0xF0,0xFF,0xF0,0xF0,0x00,0x00,0x00,0x0F,0x0F,0xFF,0x0F,0x00,0xF0,0x00,0x00,0x00,
//				0x0F,0x00,0xF0,0x0F,0x00,0xF0,0x00,0x00,0x00,0x0F,0x00,0xF0,0x0F,0x00,0xF0,0x00,
//				0x00,0x00,0x0F,0x00,0xF0,0x0F,0x00,0xF0,0x00,0x00,0x00,0x0F,0x00,0xF0,0x0F,0x0F,
//				0xF0,0x00,0x00,0x00,0x0F,0xF0,0xF0,0x0F,0x00,0x00,0x00,0x00,0x0F,0xF0,0x00,0xF0,
//				0x00,0x00,0x0F,0x00,0x00,0x00,0x00,0x00,0xF0,0x00,0x00,0x0F,0x00,0x00,0x00,0x00,
//				0x00,0x0F,0xFF,0xFF,0xFF,0x00,0x00,0x00,0x00,0x00,0x00,0x00,0x00,0x00,0x00,0x00,  /* 68 */ 
//  },
//  {
//    "址",0x00,0x00,0x00,0x00,0x00,0x00,0x00,0x00,0x00,0x00,0x0F,0x00,0x00,0x00,0xF0,0x00,
//				0x00,0x00,0x00,0x0F,0x00,0x00,0x00,0xF0,0x00,0x00,0x00,0x00,0x0F,0x00,0x00,0x00,
//				0xF0,0x00,0x00,0x00,0x00,0x0F,0x00,0x00,0x00,0xF0,0x00,0x00,0x00,0x0F,0xFF,0xFF,
//				0x0F,0x00,0xF0,0x00,0x00,0x00,0x00,0x0F,0x00,0x0F,0x00,0xFF,0xFF,0x00,0x00,0x00,
//				0x0F,0x00,0x0F,0x00,0xF0,0x00,0x00,0x00,0x00,0x0F,0x00,0x0F,0x00,0xF0,0x00,0x00,
//				0x00,0x00,0x0F,0x00,0x0F,0x00,0xF0,0x00,0x00,0x00,0x00,0x0F,0x00,0x0F,0x00,0xF0,
//				0x00,0x00,0x00,0x00,0x0F,0xFF,0x0F,0x00,0xF0,0x00,0x00,0x00,0x0F,0xFF,0x00,0x0F,
//				0x00,0xF0,0x00,0x00,0x00,0x00,0x00,0x00,0x0F,0x00,0xF0,0x00,0x00,0x00,0x00,0x00,
//				0x0F,0xFF,0xFF,0xFF,0xFF,0x00,0x00,0x00,0x00,0x00,0x00,0x00,0x00,0x00,0x00,0x00,  /* 69 */ 
//  },
//  {
//    "波",0x00,0x00,0x00,0x00,0x00,0x00,0x00,0x00,0x00,0x00,0x00,0x00,0x00,0x00,0xF0,0x00,
//				0x00,0x00,0x00,0xF0,0x00,0x00,0x00,0xF0,0x00,0x00,0x00,0x00,0x0F,0x00,0xFF,0xFF,
//				0xFF,0xFF,0x00,0x00,0x00,0x00,0xF0,0xF0,0x00,0xF0,0x0F,0x00,0x00,0x00,0x00,0x00,
//				0xF0,0x00,0xF0,0x0F,0x00,0x00,0x0F,0x00,0x00,0xF0,0x00,0xF0,0x00,0x00,0x00,0x00,
//				0xF0,0x00,0xFF,0xFF,0xFF,0xF0,0x00,0x00,0x00,0x00,0xF0,0xF0,0xF0,0x00,0xF0,0x00,
//				0x00,0x00,0x00,0xF0,0xF0,0xF0,0x00,0xF0,0x00,0x00,0x00,0x0F,0x00,0xF0,0x0F,0x00,
//				0xF0,0x00,0x00,0x00,0x0F,0x00,0xF0,0x0F,0x0F,0x00,0x00,0x00,0x00,0xF0,0x0F,0x00,
//				0x00,0xF0,0x00,0x00,0x00,0x00,0xF0,0x0F,0x00,0xFF,0x0F,0x00,0x00,0x00,0x00,0x00,
//				0xF0,0xFF,0x00,0x00,0xFF,0x00,0x00,0x00,0x00,0x00,0x00,0x00,0x00,0x00,0x00,0x00,  /* 70 */ 
//  },
//  {
//    "特",0x00,0x00,0x00,0x00,0x00,0x00,0x00,0x00,0x00,0x00,0x00,0xF0,0x00,0x0F,0x00,0x00,
//				0x00,0x00,0x00,0x00,0xF0,0x00,0x0F,0x00,0x00,0x00,0x00,0x00,0xF0,0xF0,0x0F,0xFF,
//				0xFF,0xF0,0x00,0x00,0x00,0xF0,0xF0,0x00,0x0F,0x00,0x00,0x00,0x00,0x00,0xFF,0xFF,
//				0x00,0x0F,0x00,0x00,0x00,0x00,0x00,0xF0,0xF0,0xFF,0xFF,0xFF,0xFF,0x00,0x00,0x0F,
//				0x00,0xF0,0x00,0x00,0x0F,0x00,0x00,0x00,0x00,0x00,0xFF,0x00,0x00,0x0F,0x00,0x00,
//				0x00,0x00,0x0F,0xF0,0xFF,0xFF,0xFF,0xFF,0x00,0x00,0x0F,0xF0,0xF0,0x00,0x00,0x0F,
//				0x00,0x00,0x00,0x00,0x00,0xF0,0x0F,0x00,0x0F,0x00,0x00,0x00,0x00,0x00,0xF0,0x00,
//				0xF0,0x0F,0x00,0x00,0x00,0x00,0x00,0xF0,0x00,0x00,0x0F,0x00,0x00,0x00,0x00,0x00,
//				0xF0,0x00,0x0F,0xFF,0x00,0x00,0x00,0x00,0x00,0x00,0x00,0x00,0x00,0x00,0x00,0x00,  /* 71 */ 
//  },
//  {
//    "率",0x00,0x00,0x00,0x00,0x00,0x00,0x00,0x00,0x00,0x00,0x00,0x00,0xF0,0x00,0x00,0x00,
//				0x00,0x00,0x00,0x00,0x00,0x0F,0x00,0x00,0x00,0x00,0x00,0x00,0xFF,0xFF,0xFF,0xFF,
//				0xFF,0xF0,0x00,0x00,0x00,0x00,0x00,0x0F,0x00,0x00,0x00,0x00,0x00,0x0F,0x00,0x00,
//				0xF0,0x0F,0x00,0x0F,0x00,0x00,0x00,0xF0,0x0F,0xFF,0xF0,0x00,0xF0,0x00,0x00,0x00,
//				0x0F,0x00,0x0F,0x00,0x0F,0x00,0x00,0x00,0x00,0xF0,0x00,0xF0,0x0F,0x00,0xF0,0x00,
//				0x00,0x0F,0x00,0x0F,0xFF,0xFF,0xF0,0x0F,0x00,0x00,0x00,0x00,0x00,0x0F,0x00,0xF0,
//				0x00,0x00,0x00,0x0F,0xFF,0xFF,0xFF,0xFF,0xFF,0xFF,0x00,0x00,0x00,0x00,0x00,0x0F,
//				0x00,0x00,0x00,0x00,0x00,0x00,0x00,0x00,0x0F,0x00,0x00,0x00,0x00,0x00,0x00,0x00,
//				0x00,0x0F,0x00,0x00,0x00,0x00,0x00,0x00,0x00,0x00,0x00,0x00,0x00,0x00,0x00,0x00,  /* 72 */ 
//  },
//  {
//    "值",0x00,0x00,0x00,0x00,0x00,0x00,0x00,0x00,0x00,0x00,0x00,0xF0,0x00,0x0F,0x00,0x00,
//				0x00,0x00,0x00,0x00,0xF0,0x00,0x0F,0x00,0x00,0x00,0x00,0x00,0x0F,0x0F,0xFF,0xFF,
//				0xFF,0xFF,0x00,0x00,0x00,0x0F,0x00,0x00,0x0F,0x00,0x00,0x00,0x00,0x00,0xFF,0x00,
//				0xFF,0xFF,0xFF,0xF0,0x00,0x00,0x0F,0x0F,0x00,0xF0,0x00,0x00,0xF0,0x00,0x00,0x00,
//				0x0F,0x00,0xFF,0xFF,0xFF,0xF0,0x00,0x00,0x00,0x0F,0x00,0xF0,0x00,0x00,0xF0,0x00,
//				0x00,0x00,0x0F,0x00,0xFF,0xFF,0xFF,0xF0,0x00,0x00,0x00,0x0F,0x00,0xF0,0x00,0x00,
//				0xF0,0x00,0x00,0x00,0x0F,0x00,0xFF,0xFF,0xFF,0xF0,0x00,0x00,0x00,0x0F,0x00,0xF0,
//				0x00,0x00,0xF0,0x00,0x00,0x00,0x0F,0x00,0xF0,0x00,0x00,0xF0,0x00,0x00,0x00,0x0F,
//				0x0F,0xFF,0xFF,0xFF,0xFF,0x00,0x00,0x00,0x00,0x00,0x00,0x00,0x00,0x00,0x00,0x00,  /* 73 */ 
//  },
//  {
//    "规",0x00,0x00,0x00,0x00,0x00,0x00,0x00,0x00,0x00,0x00,0x00,0xF0,0x00,0x00,0x00,0x00,
//				0x00,0x00,0x00,0x00,0xF0,0x00,0xFF,0xFF,0xF0,0x00,0x00,0x00,0x00,0xF0,0x00,0xF0,
//				0x00,0xF0,0x00,0x00,0x00,0xFF,0xFF,0xF0,0xF0,0x00,0xF0,0x00,0x00,0x00,0x00,0xF0,
//				0x00,0xF0,0xF0,0xF0,0x00,0x00,0x00,0x00,0xF0,0x00,0xF0,0xF0,0xF0,0x00,0x00,0x0F,
//				0xFF,0xFF,0xF0,0xF0,0xF0,0xF0,0x00,0x00,0x00,0x00,0xF0,0x00,0xF0,0xF0,0xF0,0x00,
//				0x00,0x00,0x00,0xF0,0x00,0xF0,0xF0,0xF0,0x00,0x00,0x00,0x0F,0x0F,0x00,0x00,0xF0,
//				0x00,0x00,0x00,0x00,0x0F,0x00,0xF0,0x0F,0x0F,0x00,0x00,0x00,0x00,0xF0,0x00,0xF0,
//				0x0F,0x0F,0x00,0x00,0x00,0x0F,0x00,0x00,0x00,0xF0,0x0F,0x0F,0x00,0x00,0x00,0x00,
//				0x00,0x0F,0x00,0x00,0xFF,0x00,0x00,0x00,0x00,0x00,0x00,0x00,0x00,0x00,0x00,0x00,  /* 74 */ 
//  },
//  {
//    "约",0x00,0x00,0x00,0x00,0x00,0x00,0x00,0x00,0x00,0x00,0x0F,0x00,0x00,0xF0,0x00,0x00,
//				0x00,0x00,0x00,0x0F,0x00,0x00,0xF0,0x00,0x00,0x00,0x00,0x00,0xF0,0x0F,0x00,0xFF,
//				0xFF,0xFF,0x00,0x00,0x00,0xF0,0x0F,0x0F,0x00,0x00,0x0F,0x00,0x00,0x0F,0xFF,0xF0,
//				0xF0,0x00,0x00,0x0F,0x00,0x00,0x00,0x00,0xF0,0x00,0x00,0x00,0x0F,0x00,0x00,0x00,
//				0x0F,0x00,0x00,0xF0,0x00,0x0F,0x00,0x00,0x00,0xF0,0x00,0x00,0x0F,0x00,0x0F,0x00,
//				0x00,0x0F,0xFF,0xFF,0x00,0x0F,0x00,0x0F,0x00,0x00,0x00,0x00,0x00,0x00,0x00,0x00,
//				0x0F,0x00,0x00,0x00,0x00,0x00,0x00,0x00,0x00,0x0F,0x00,0x00,0x00,0x00,0xFF,0x00,
//				0x00,0x00,0x0F,0x00,0x00,0x0F,0xFF,0x00,0x00,0x00,0x00,0x0F,0x00,0x00,0x00,0x00,
//				0x00,0x00,0x00,0x0F,0xF0,0x00,0x00,0x00,0x00,0x00,0x00,0x00,0x00,0x00,0x00,0x00,  /* 75 */ 
//  },
};

	
const unsigned int HZK_COUNT = (sizeof(Hzk) / sizeof(Hzk[0])); 
	
	
//48*16   行*列   变压器图片
const u8  code  PICTURE[]={	
	
	    0x00,0x00,0x00,0x00,0x0f,0x00,0x00,0x00,0x00,
	    0x00,0x00,0x00,0x00,0x0f,0x00,0x00,0x00,0x00,
	    0x00,0x00,0x00,0x00,0x0f,0x00,0x00,0x00,0x00,
	    0x00,0x00,0x00,0x00,0x0f,0x00,0x00,0x00,0x00,
	    0x00,0x00,0x00,0x00,0x0f,0x00,0x00,0x00,0x00,
	    0x00,0x00,0x00,0x00,0x0f,0x00,0x00,0x00,0x00,
	
	    0x00,0x00,0x00,0xff,0xff,0xff,0xf0,0x00,0x00,	
	    0x00,0x00,0x0f,0x00,0x00,0x00,0x0f,0x00,0x00,	
	    0x00,0x00,0xf0,0x00,0x00,0x00,0x00,0xf0,0x00,		
	    0x00,0x0f,0x00,0x00,0x00,0x00,0x00,0x0f,0x00,		
	    0x00,0xf0,0x00,0x00,0x00,0x00,0x00,0x00,0xf0,			
	    0x00,0xf0,0x00,0xff,0xff,0xff,0xf0,0x00,0xf0,		
	    0x00,0xf0,0x0f,0x00,0x00,0x00,0x0f,0x00,0xf0,	
	    0x00,0xf0,0xf0,0x00,0x00,0x00,0x00,0xf0,0xf0,
	    0x00,0x0f,0x00,0x00,0x00,0x00,0x00,0x0f,0x00,//--					
		  0x00,0xf0,0xf0,0x00,0x00,0x00,0x00,0xf0,0xf0,
	    0x00,0xf0,0x0f,0x00,0x00,0x00,0x0f,0x00,0xf0,
	    0x00,0xf0,0x00,0xff,0xff,0xff,0xf0,0x00,0xf0,	
	    0x00,0xf0,0x00,0x00,0x00,0x00,0x00,0x00,0xf0,	
	    0x00,0x0f,0x00,0x00,0x00,0x00,0x00,0x0f,0x00,
	    0x00,0x00,0xf0,0x00,0x00,0x00,0x00,0xf0,0x00,
	    0x00,0x00,0x0f,0x00,0x00,0x00,0x0f,0x00,0x00,	
	    0x00,0x00,0x00,0xff,0xff,0xff,0xf0,0x00,0x00,	
	
	    0x00,0x00,0x00,0x00,0x0f,0x00,0x00,0x00,0x00,
	    0x00,0x00,0x00,0x00,0x0f,0x00,0x00,0x00,0x00,
	    0x00,0x00,0x00,0x00,0x0f,0x00,0x00,0x00,0x00,
	    0x00,0x00,0x00,0x00,0x0f,0x00,0x00,0x00,0x00,
			
	    0x00,0x00,0xff,0xff,0xff,0xff,0xff,0xf0,0x00,	
	    0x00,0x00,0xff,0xff,0xff,0xff,0xff,0xf0,0x00,		
	    0x00,0x00,0xff,0xff,0xff,0xff,0xff,0xf0,0x00,		
	    0x00,0x00,0xff,0xff,0xff,0xff,0xff,0xf0,0x00,		
	    0x00,0x00,0xff,0xff,0xff,0xff,0xff,0xf0,0x00,		
	    0x00,0x00,0xff,0xff,0xff,0xff,0xff,0xf0,0x00,	
	    0x00,0x00,0xff,0xff,0xff,0xff,0xff,0xf0,0x00,	
	    0x00,0x00,0xff,0xff,0xff,0xff,0xff,0xf0,0x00,		
	    0x00,0x00,0xff,0xff,0xff,0xff,0xff,0xf0,0x00,		
	    0x00,0x00,0xff,0xff,0xff,0xff,0xff,0xf0,0x00,		
	    0x00,0x00,0xff,0xff,0xff,0xff,0xff,0xf0,0x00,		
	    0x00,0x00,0xff,0xff,0xff,0xff,0xff,0xf0,0x00,	
	    0x00,0x00,0xff,0xff,0xff,0xff,0xff,0xf0,0x00,	
	    0x00,0x00,0xff,0xff,0xff,0xff,0xff,0xf0,0x00,		
	    0x00,0x00,0xff,0xff,0xff,0xff,0xff,0xf0,0x00,		
	    0x00,0x00,0xff,0xff,0xff,0xff,0xff,0xf0,0x00,		
	    0x00,0x00,0xff,0xff,0xff,0xff,0xff,0xf0,0x00,		
	    0x00,0x00,0xff,0xff,0xff,0xff,0xff,0xf0,0x00,			

	    0x00,0x00,0x00,0x00,0x0f,0x00,0x00,0x00,0x00,
	    0x00,0x00,0x00,0x00,0x0f,0x00,0x00,0x00,0x00,
	    0x00,0x00,0x00,0x00,0x0f,0x00,0x00,0x00,0x00,
	    0x00,0x00,0x00,0x00,0x0f,0x00,0x00,0x00,0x00,
	    0x00,0x00,0x00,0x00,0x00,0x0f,0x00,0x00,0x00,
	    0x00,0x00,0x00,0x00,0x0f,0x00,0x00,0x00,0x00,
		};	

//36*16   行*列   电容图片无填充		
const u8  code  PICTURE1[]={	
	
	    0x00,0x00,0x00,0x00,0x0f,0x00,0x00,0x00,0x00,
	    0x00,0x00,0x00,0x00,0x0f,0x00,0x00,0x00,0x00,
	    0x00,0x00,0x00,0x00,0x0f,0x00,0x00,0x00,0x00,
	    0x00,0x00,0x00,0x00,0x0f,0x00,0x00,0x00,0x00,
	

	    0x00,0x00,0xff,0xff,0xff,0xff,0xff,0xf0,0x00,	
	    0x00,0x00,0xf0,0x00,0x00,0x00,0x00,0xf0,0x00,	
	    0x00,0x00,0xf0,0x00,0x00,0x00,0x00,0xf0,0x00,	
	    0x00,0x00,0xf0,0x00,0x00,0x00,0x00,0xf0,0x00,	
	    0x00,0x00,0xf0,0x00,0x00,0x00,0x00,0xf0,0x00,	
	    0x00,0x00,0xf0,0x00,0x00,0x00,0x00,0xf0,0x00,	
	    0x00,0x00,0xf0,0x00,0x00,0x00,0x00,0xf0,0x00,	
	    0x00,0x00,0xf0,0x00,0x00,0x00,0x00,0xf0,0x00,	
	    0x00,0x00,0xf0,0x00,0x00,0x00,0x00,0xf0,0x00,	
	    0x00,0x00,0xf0,0x00,0x00,0x00,0x00,0xf0,0x00,	
	    0x00,0x00,0xf0,0x00,0x00,0x00,0x00,0xf0,0x00,	
	    0x00,0x00,0xf0,0x00,0x00,0x00,0x00,0xf0,0x00,		
	    0x00,0x00,0xf0,0x00,0x00,0x00,0x00,0xf0,0x00,		
	    0x00,0x00,0xf0,0x00,0x00,0x00,0x00,0xf0,0x00,	
	    0x00,0x00,0xf0,0x00,0x00,0x00,0x00,0xf0,0x00,			
	    0x00,0x00,0xff,0xff,0xff,0xff,0xff,0xf0,0x00,	
	
	    0x00,0x00,0x00,0x00,0x0f,0x00,0x00,0x00,0x00,
	    0x00,0x00,0x00,0x00,0x0f,0x00,0x00,0x00,0x00,
	    0x00,0x00,0x00,0x00,0x0f,0x00,0x00,0x00,0x00,
	    0x00,0x00,0x00,0x00,0x0f,0x00,0x00,0x00,0x00,
	    0x00,0x00,0x00,0x00,0x0f,0x00,0x00,0x00,0x00,

	    0x00,0x00,0xff,0xff,0xff,0xff,0xff,0xf0,0x00,		
	    0x00,0x00,0x00,0x00,0x00,0x00,0x00,0x00,0x00,
	    0x00,0x00,0x00,0x00,0x00,0x00,0x00,0x00,0x00,
	    0x00,0x00,0x00,0x00,0x00,0x00,0x00,0x00,0x00,
	    0x00,0x00,0xff,0xff,0xff,0xff,0xff,0xf0,0x00,		
			
	    0x00,0x00,0x00,0x00,0x0f,0x00,0x00,0x00,0x00,	
	    0x00,0x00,0x00,0x00,0x0f,0x00,0x00,0x00,0x00,	
	    0x00,0x00,0x00,0x00,0x0f,0x00,0x00,0x00,0x00,	
			
	    0x00,0xf0,0x00,0x00,0x0f,0x00,0x00,0x00,0xf0,	
	    0x00,0xf0,0x00,0x00,0x0f,0x00,0x00,0x00,0xf0,
	    0x00,0xff,0xff,0xff,0xff,0xff,0xff,0xff,0xf0,	
	

		};	

//36*16   行*列   电容图片填充		
const u8  code  PICTURE2[]={	
	
	    0x00,0x00,0x00,0x00,0x0f,0x00,0x00,0x00,0x00,
	    0x00,0x00,0x00,0x00,0x0f,0x00,0x00,0x00,0x00,
	    0x00,0x00,0x00,0x00,0x0f,0x00,0x00,0x00,0x00,
	    0x00,0x00,0x00,0x00,0x0f,0x00,0x00,0x00,0x00,
	

	    0x00,0x00,0xff,0xff,0xff,0xff,0xff,0xf0,0x00,	
	    0x00,0x00,0xff,0xff,0xff,0xff,0xff,0xf0,0x00,	
	    0x00,0x00,0xff,0xff,0xff,0xff,0xff,0xf0,0x00,	
	    0x00,0x00,0xff,0xff,0xff,0xff,0xff,0xf0,0x00,	
	    0x00,0x00,0xff,0xff,0xff,0xff,0xff,0xf0,0x00,	
	    0x00,0x00,0xff,0xff,0xff,0xff,0xff,0xf0,0x00,	
	    0x00,0x00,0xff,0xff,0xff,0xff,0xff,0xf0,0x00,	
	    0x00,0x00,0xff,0xff,0xff,0xff,0xff,0xf0,0x00,	
	    0x00,0x00,0xff,0xff,0xff,0xff,0xff,0xf0,0x00,	
		  0x00,0x00,0xff,0xff,0xff,0xff,0xff,0xf0,0x00,	
	    0x00,0x00,0xff,0xff,0xff,0xff,0xff,0xf0,0x00,	
	    0x00,0x00,0xff,0xff,0xff,0xff,0xff,0xf0,0x00,	
	    0x00,0x00,0xff,0xff,0xff,0xff,0xff,0xf0,0x00,	
	    0x00,0x00,0xff,0xff,0xff,0xff,0xff,0xf0,0x00,	
		  0x00,0x00,0xff,0xff,0xff,0xff,0xff,0xf0,0x00,			
	    0x00,0x00,0xff,0xff,0xff,0xff,0xff,0xf0,0x00,	
	
	    0x00,0x00,0x00,0x00,0x0f,0x00,0x00,0x00,0x00,
	    0x00,0x00,0x00,0x00,0x0f,0x00,0x00,0x00,0x00,
	    0x00,0x00,0x00,0x00,0x0f,0x00,0x00,0x00,0x00,
	    0x00,0x00,0x00,0x00,0x0f,0x00,0x00,0x00,0x00,
	    0x00,0x00,0x00,0x00,0x0f,0x00,0x00,0x00,0x00,

	    0x00,0x00,0xff,0xff,0xff,0xff,0xff,0xf0,0x00,		
	    0x00,0x00,0x00,0x00,0x00,0x00,0x00,0x00,0x00,
	    0x00,0x00,0x00,0x00,0x00,0x00,0x00,0x00,0x00,
	    0x00,0x00,0x00,0x00,0x00,0x00,0x00,0x00,0x00,
	    0x00,0x00,0xff,0xff,0xff,0xff,0xff,0xf0,0x00,		
			
	    0x00,0x00,0x00,0x00,0x0f,0x00,0x00,0x00,0x00,	
	    0x00,0x00,0x00,0x00,0x0f,0x00,0x00,0x00,0x00,	
	    0x00,0x00,0x00,0x00,0x0f,0x00,0x00,0x00,0x00,	
			
	    0x00,0xf0,0x00,0x00,0x0f,0x00,0x00,0x00,0xf0,	
	    0x00,0xf0,0x00,0x00,0x0f,0x00,0x00,0x00,0xf0,
	    0x00,0xff,0xff,0xff,0xff,0xff,0xff,0xff,0xf0,	
	

		};	